{"type":"FeatureCollection","features":[{"type":"Feature","id":"HIZ006","properties":{"id":"HIZ006","name":"Waianae Coast","island":"Oahu"},"geometry":{"type":"Polygon","coordinates":[[[-158.254129,21.566971],[-158.244928,21.56407],[-158.22973,21.559872],[-158.219827,21.548172],[-158.213418,21.541472],[-158.206323,21.536171],[-158.200631,21.53257],[-158.195718,21.530072],[-158.191827,21.525872],[-158.195031,21.520871],[-158.205224,21.508471],[-158.205621,21.49967],[-158.19993,21.490471],[-158.193628,21.48337],[-158.18583,21.477671],[-158.177331,21.473771],[-158.169824,21.475571],[-158.161035,21.47987],[-158.154321,21.481272],[-158.147226,21.47877],[-158.141534,21.474871],[-158.134134,21.46777],[-158.130517,21.461773],[-158.128427,21.446572],[-158.127023,21.427071],[-158.124933,21.411871],[-158.125024,21.390372],[-158.123132,21.380671],[-158.121026,21.37397],[-158.118524,21.367272],[-158.11503,21.360871],[-158.110025,21.354872],[-158.103631,21.349871],[-158.097329,21.345271],[-158.090219,21.344271],[-158.10653,21.296259],[-158.10843,21.297759],[-158.11013,21.298759],[-158.11213,21.301759],[-158.11293,21.302659],[-158.11463,21.306259],[-158.118524,21.313759],[-158.11853,21.314359],[-158.119928,21.31926],[-158.12133,21.321659],[-158.120828,21.321957],[-158.120233,21.321257],[-158.118829,21.321759],[-158.119928,21.323361],[-158.121729,21.32236],[-158.122629,21.323859],[-158.12313,21.326159],[-158.12273,21.327759],[-158.124124,21.333359],[-158.12403,21.334059],[-158.127023,21.338761],[-158.12693,21.339359],[-158.127527,21.339858],[-158.12783,21.342259],[-158.128229,21.34256],[-158.12893,21.346059],[-158.128625,21.34676],[-158.129526,21.349259],[-158.129815,21.349646],[-158.130273,21.351309],[-158.130548,21.351572],[-158.130334,21.352072],[-158.130639,21.353026],[-158.13009,21.354056],[-158.13013,21.354259],[-158.130487,21.35431],[-158.130456,21.355334],[-158.130243,21.355401],[-158.130212,21.355746],[-158.130334,21.355982],[-158.13067,21.356068],[-158.131097,21.356768],[-158.133355,21.362021],[-158.133874,21.362929],[-158.133966,21.363501],[-158.134423,21.364292],[-158.134484,21.364962],[-158.135736,21.367346],[-158.135858,21.368716],[-158.136255,21.368968],[-158.136693,21.368942],[-158.136819,21.369107],[-158.137291,21.368856],[-158.137533,21.368964],[-158.137689,21.369547],[-158.138084,21.369618],[-158.13773,21.370659],[-158.13894,21.37179],[-158.13923,21.371959],[-158.139703,21.371939],[-158.140529,21.371559],[-158.141029,21.372038],[-158.141381,21.372942],[-158.141259,21.373553],[-158.140924,21.374068],[-158.140924,21.37456],[-158.141137,21.374918],[-158.14306,21.377131],[-158.143548,21.377045],[-158.144708,21.378411],[-158.145044,21.378397],[-158.146264,21.379088],[-158.1466,21.379755],[-158.146539,21.380087],[-158.146936,21.380963],[-158.14693,21.381759],[-158.147149,21.382067],[-158.149316,21.384253],[-158.152917,21.387518],[-158.154443,21.388686],[-158.156732,21.391028],[-158.159173,21.393141],[-158.159997,21.393504],[-158.161798,21.395188],[-158.163964,21.396136],[-158.165826,21.39641],[-158.166742,21.397065],[-158.16781,21.397219],[-158.16833,21.396959],[-158.168756,21.397032],[-158.169229,21.397459],[-158.170892,21.397807],[-158.172129,21.397859],[-158.17373,21.399359],[-158.175012,21.39987],[-158.176629,21.40116],[-158.176873,21.40177],[-158.177056,21.40351],[-158.177697,21.404124],[-158.178247,21.404969],[-158.178613,21.405812],[-158.178704,21.406485],[-158.178003,21.408009],[-158.17823,21.409259],[-158.177423,21.410759],[-158.177453,21.411608],[-158.178521,21.414458],[-158.178765,21.415774],[-158.17843,21.417727],[-158.17901,21.419932],[-158.17901,21.420792],[-158.180139,21.423699],[-158.180108,21.42433],[-158.179803,21.425107],[-158.179803,21.425761],[-158.180383,21.427744],[-158.181021,21.428657],[-158.179727,21.428557],[-158.18003,21.428859],[-158.180566,21.429059],[-158.181924,21.429261],[-158.182733,21.429915],[-158.183038,21.429991],[-158.182977,21.430331],[-158.18316,21.430438],[-158.184045,21.432124],[-158.184503,21.432616],[-158.185129,21.434258],[-158.18554,21.434561],[-158.186486,21.435787],[-158.188775,21.439711],[-158.189721,21.44056],[-158.190225,21.440661],[-158.191491,21.440175],[-158.192026,21.440159],[-158.192132,21.440432],[-158.191766,21.440918],[-158.190637,21.441189],[-158.189477,21.442107],[-158.189233,21.44269],[-158.189355,21.443667],[-158.189782,21.444899],[-158.19079,21.446314],[-158.192041,21.447417],[-158.192544,21.447419],[-158.192834,21.4476],[-158.193323,21.44846],[-158.194024,21.448622],[-158.194696,21.448374],[-158.19613,21.448798],[-158.197229,21.450541],[-158.198343,21.451062],[-158.198236,21.451342],[-158.198388,21.451558],[-158.19909,21.451453],[-158.199762,21.451684],[-158.200067,21.452006],[-158.20023,21.453059],[-158.201898,21.45349],[-158.2026,21.45397],[-158.202447,21.455374],[-158.202813,21.456652],[-158.203454,21.457533],[-158.204034,21.457783],[-158.2044,21.458325],[-158.205041,21.458792],[-158.205224,21.459158],[-158.208627,21.46056],[-158.209497,21.460726],[-158.209985,21.460673],[-158.210656,21.460093],[-158.211389,21.46],[-158.211664,21.459677],[-158.214349,21.459616],[-158.214074,21.460329],[-158.214318,21.460539],[-158.214166,21.460818],[-158.212976,21.461047],[-158.212884,21.461306],[-158.21325,21.463393],[-158.213586,21.464192],[-158.213983,21.464594],[-158.216424,21.466032],[-158.216912,21.466689],[-158.217523,21.467118],[-158.217767,21.468119],[-158.217309,21.468325],[-158.217309,21.468478],[-158.218133,21.470045],[-158.218347,21.471192],[-158.219049,21.471753],[-158.21914,21.472868],[-158.21993,21.475859],[-158.220727,21.476759],[-158.220483,21.476901],[-158.219842,21.476077],[-158.219232,21.475859],[-158.21903,21.475859],[-158.218728,21.476159],[-158.219598,21.476202],[-158.220193,21.477055],[-158.221002,21.477026],[-158.221933,21.477961],[-158.223321,21.477854],[-158.223962,21.478022],[-158.225366,21.477625],[-158.226312,21.478003],[-158.226678,21.478571],[-158.227227,21.478747],[-158.227594,21.479063],[-158.228509,21.480605],[-158.229913,21.481421],[-158.230432,21.482321],[-158.230798,21.482649],[-158.23023,21.485859],[-158.230157,21.488097],[-158.229821,21.488936],[-158.230401,21.490755],[-158.22976,21.493697],[-158.22973,21.494732],[-158.229974,21.496214],[-158.229883,21.496438],[-158.22913,21.496759],[-158.22976,21.496615],[-158.230096,21.496813],[-158.230157,21.498087],[-158.230554,21.499976],[-158.230157,21.500712],[-158.230188,21.503512],[-158.22976,21.504832],[-158.229608,21.505],[-158.228692,21.505026],[-158.229608,21.505358],[-158.22953,21.506159],[-158.22973,21.506701],[-158.229699,21.507876],[-158.229303,21.50887],[-158.229394,21.509669],[-158.229821,21.510374],[-158.228875,21.51211],[-158.228875,21.513178],[-158.229089,21.514414],[-158.229943,21.515082],[-158.230218,21.516097],[-158.229638,21.516385],[-158.229699,21.51673],[-158.229394,21.517355],[-158.228967,21.519328],[-158.228723,21.519675],[-158.228753,21.520136],[-158.228479,21.520573],[-158.228601,21.520716],[-158.228479,21.521639],[-158.228784,21.52286],[-158.228753,21.523283],[-158.229425,21.523982],[-158.22976,21.524859],[-158.23023,21.525059],[-158.229425,21.526751],[-158.22913,21.526759],[-158.229364,21.52722],[-158.229394,21.529261],[-158.22857,21.529398],[-158.228326,21.529658],[-158.229333,21.529852],[-158.229699,21.531992],[-158.230127,21.533152],[-158.230127,21.533658],[-158.230371,21.533865],[-158.231744,21.536917],[-158.232263,21.537737],[-158.232934,21.538268],[-158.233423,21.539114],[-158.233819,21.539477],[-158.234948,21.540099],[-158.235742,21.540827],[-158.236383,21.540957],[-158.236718,21.541609],[-158.237909,21.543131],[-158.238366,21.543276],[-158.238794,21.543641],[-158.238916,21.544104],[-158.239435,21.544474],[-158.240228,21.544072],[-158.240594,21.54426],[-158.240716,21.544759],[-158.240426,21.54526],[-158.240503,21.545641],[-158.241143,21.546885],[-158.243158,21.54917],[-158.246514,21.551871],[-158.247247,21.553225],[-158.248101,21.554232],[-158.24833,21.555459],[-158.248895,21.555106],[-158.249749,21.556071],[-158.250451,21.556223],[-158.250512,21.556384],[-158.251672,21.556496],[-158.252069,21.55683],[-158.252587,21.556902],[-158.25271,21.557146],[-158.253289,21.557257],[-158.253472,21.557715],[-158.254052,21.557734],[-158.255426,21.558417],[-158.256431,21.558661],[-158.256616,21.559439],[-158.257074,21.56005],[-158.257287,21.559908],[-158.257501,21.56032],[-158.257684,21.560359],[-158.257806,21.56016],[-158.258538,21.560507],[-158.259393,21.561476],[-158.259973,21.562586],[-158.260736,21.562388],[-158.260736,21.562865],[-158.261193,21.562884],[-158.261651,21.563193],[-158.261957,21.563199],[-158.261956,21.563864],[-158.262414,21.563982],[-158.263055,21.564742],[-158.263513,21.564875],[-158.264032,21.565375],[-158.26473,21.565459],[-158.264856,21.565772],[-158.265588,21.566534],[-158.265796,21.566513],[-158.266076,21.566744],[-158.266198,21.56703],[-158.266992,21.567198],[-158.267358,21.567667],[-158.267968,21.567858],[-158.268975,21.568808],[-158.272903,21.570882],[-158.264718,21.569373],[-158.254129,21.566971]]]}},{"type":"Feature","id":"HIZ007","properties":{"id":"HIZ007","name":"Oahu North Shore","island":"Oahu"},"geometry":{"type":"Polygon","coordinates":[[[-157.983301,21.711916],[-157.983392,21.711722],[-157.983758,21.711745],[-157.98379,21.7116],[-157.983423,21.710667],[-157.982931,21.710459],[-158.006877,21.65129],[-158.020929,21.61657],[-158.026132,21.60797],[-158.032831,21.598071],[-158.04133,21.586771],[-158.049127,21.57717],[-158.070031,21.554171],[-158.091226,21.535071],[-158.102929,21.525273],[-158.107934,21.52767],[-158.117822,21.529072],[-158.130227,21.53187],[-158.142923,21.535071],[-158.158227,21.538571],[-158.172723,21.542172],[-158.187234,21.546071],[-158.225427,21.55917],[-158.22973,21.559872],[-158.244928,21.56407],[-158.254129,21.566971],[-158.264718,21.569373],[-158.272903,21.570882],[-158.273248,21.571269],[-158.274225,21.571496],[-158.274347,21.571688],[-158.274621,21.571589],[-158.274835,21.571698],[-158.275109,21.572062],[-158.275384,21.571959],[-158.275872,21.572119],[-158.276178,21.572497],[-158.276605,21.572413],[-158.276941,21.572653],[-158.277429,21.572382],[-158.278497,21.572966],[-158.278833,21.573061],[-158.278924,21.572886],[-158.279168,21.572995],[-158.279428,21.57346],[-158.279794,21.573567],[-158.28022,21.573989],[-158.279761,21.574037],[-158.27958,21.574249],[-158.279681,21.574725],[-158.27913,21.574859],[-158.278344,21.575585],[-158.277932,21.575758],[-158.276361,21.575587],[-158.275384,21.575284],[-158.275262,21.575613],[-158.27511,21.575646],[-158.274743,21.575381],[-158.27456,21.57553],[-158.27398,21.575179],[-158.27363,21.575457],[-158.273217,21.575255],[-158.27279,21.575755],[-158.272455,21.575564],[-158.272236,21.575694],[-158.271844,21.575552],[-158.269769,21.575846],[-158.267846,21.576838],[-158.26629,21.576708],[-158.265527,21.577099],[-158.264642,21.577322],[-158.263421,21.577006],[-158.262902,21.577256],[-158.26293,21.577559],[-158.262201,21.577563],[-158.260614,21.577137],[-158.25982,21.57795],[-158.257104,21.577879],[-158.256555,21.577681],[-158.255151,21.578288],[-158.254937,21.578116],[-158.254571,21.578234],[-158.253534,21.579224],[-158.252313,21.579335],[-158.251855,21.579543],[-158.251641,21.579829],[-158.251214,21.579428],[-158.250604,21.579333],[-158.249322,21.579548],[-158.246576,21.579495],[-158.245813,21.579295],[-158.24533,21.578859],[-158.244897,21.578846],[-158.24447,21.578907],[-158.244378,21.579152],[-158.243768,21.579359],[-158.2427,21.57942],[-158.241784,21.579751],[-158.239404,21.579478],[-158.238885,21.579585],[-158.237451,21.579451],[-158.236627,21.579678],[-158.235895,21.579586],[-158.233911,21.579779],[-158.228357,21.578799],[-158.227014,21.579451],[-158.22622,21.57951],[-158.225183,21.579239],[-158.22381,21.579602],[-158.222986,21.579455],[-158.222833,21.57906],[-158.222223,21.578875],[-158.219232,21.57836],[-158.217248,21.578709],[-158.214868,21.579417],[-158.212823,21.580817],[-158.211114,21.580969],[-158.210443,21.581454],[-158.208368,21.581652],[-158.206292,21.582087],[-158.205346,21.5819],[-158.204461,21.581976],[-158.203118,21.581705],[-158.202478,21.581774],[-158.200526,21.582659],[-158.198877,21.582591],[-158.197809,21.582114],[-158.195999,21.581929],[-158.19533,21.581459],[-158.195001,21.581458],[-158.194299,21.581521],[-158.193048,21.582041],[-158.191857,21.582785],[-158.19021,21.583025],[-158.189294,21.58272],[-158.188562,21.582858],[-158.186029,21.582013],[-158.184748,21.581736],[-158.18313,21.581683],[-158.180384,21.580691],[-158.179011,21.580477],[-158.176828,21.580658],[-158.175348,21.581351],[-158.173945,21.581705],[-158.172632,21.581332],[-158.171839,21.580931],[-158.170862,21.580153],[-158.170131,21.579959],[-158.169428,21.579493],[-158.168635,21.579199],[-158.167431,21.579159],[-158.163264,21.580649],[-158.162073,21.580656],[-158.158899,21.580004],[-158.155114,21.581019],[-158.15313,21.580759],[-158.151605,21.580868],[-158.148034,21.581582],[-158.14364,21.58306],[-158.142144,21.583052],[-158.139581,21.583823],[-158.13775,21.584155],[-158.13656,21.584162],[-158.13189,21.582468],[-158.128595,21.582228],[-158.127099,21.582673],[-158.123681,21.583273],[-158.12304,21.583598],[-158.122674,21.584029],[-158.122796,21.584517],[-158.122674,21.584639],[-158.12193,21.584958],[-158.121423,21.584589],[-158.120782,21.582161],[-158.120477,21.581383],[-158.119928,21.580658],[-158.119836,21.582034],[-158.120477,21.584246],[-158.12133,21.585863],[-158.11979,21.587798],[-158.119027,21.589259],[-158.107751,21.602477],[-158.107843,21.602747],[-158.107477,21.603198],[-158.103662,21.605551],[-158.101983,21.607191],[-158.100122,21.60866],[-158.098474,21.608759],[-158.096368,21.610438],[-158.094931,21.613258],[-158.09176,21.614325],[-158.089959,21.615294],[-158.089105,21.616255],[-158.086023,21.61888],[-158.085656,21.61933],[-158.0859,21.619639],[-158.085595,21.619791],[-158.084771,21.621081],[-158.083825,21.620928],[-158.082269,21.621661],[-158.081903,21.622054],[-158.081262,21.623633],[-158.080926,21.623846],[-158.080102,21.623854],[-158.078851,21.624238],[-158.078149,21.624573],[-158.078027,21.624831],[-158.077325,21.62496],[-158.076074,21.626166],[-158.075341,21.627238],[-158.074334,21.62768],[-158.073602,21.629153],[-158.073022,21.629752],[-158.073144,21.630042],[-158.072442,21.63024],[-158.071557,21.631657],[-158.071466,21.632578],[-158.072168,21.633097],[-158.072168,21.633246],[-158.071954,21.633204],[-158.071862,21.633368],[-158.071283,21.632899],[-158.070916,21.632933],[-158.070672,21.633116],[-158.070672,21.63354],[-158.070336,21.633425],[-158.069757,21.634009],[-158.069818,21.634268],[-158.070092,21.634253],[-158.069635,21.634661],[-158.068963,21.635802],[-158.068933,21.637637],[-158.068414,21.638123],[-158.068088,21.639727],[-158.067536,21.640718],[-158.066125,21.642228],[-158.064904,21.642981],[-158.064965,21.643732],[-158.06463,21.644616],[-158.064752,21.64543],[-158.06433,21.645159],[-158.06403,21.645159],[-158.06333,21.646359],[-158.063195,21.647665],[-158.063531,21.648261],[-158.064111,21.648543],[-158.063806,21.649006],[-158.064141,21.649199],[-158.063653,21.650992],[-158.06344,21.651267],[-158.063012,21.651259],[-158.062799,21.65119],[-158.062585,21.650721],[-158.062249,21.65069],[-158.061822,21.65103],[-158.061883,21.651444],[-158.062463,21.651625],[-158.062402,21.651921],[-158.062738,21.652178],[-158.062371,21.653048],[-158.062982,21.653954],[-158.063195,21.654616],[-158.062646,21.655238],[-158.06231,21.655077],[-158.06133,21.655259],[-158.059472,21.657145],[-158.058893,21.658398],[-158.057489,21.659975],[-158.054681,21.661856],[-158.05288,21.663886],[-158.052697,21.664492],[-158.052179,21.664809],[-158.051538,21.665623],[-158.047784,21.668257],[-158.046228,21.670575],[-158.044763,21.671454],[-158.043359,21.672638],[-158.040612,21.674052],[-158.040216,21.674895],[-158.039392,21.67581],[-158.039025,21.676966],[-158.03913,21.678959],[-158.038079,21.68064],[-158.037408,21.681025],[-158.03463,21.681159],[-158.033044,21.681746],[-158.031213,21.683974],[-158.031091,21.685221],[-158.03045,21.686243],[-158.028924,21.687304],[-158.02503,21.688859],[-158.02276,21.690852],[-158.02193,21.69106],[-158.021295,21.692435],[-158.020105,21.692919],[-158.019342,21.693661],[-158.01813,21.694259],[-158.016748,21.695288],[-158.015161,21.697264],[-158.013757,21.698355],[-158.009272,21.700948],[-158.008935,21.700331],[-158.008691,21.700175],[-158.006524,21.700381],[-158.005578,21.700085],[-158.004358,21.69995],[-158.004084,21.700102],[-158.003779,21.699835],[-158.003808,21.699471],[-158.002436,21.69953],[-158.001489,21.699944],[-158.000924,21.699957],[-157.999536,21.701582],[-157.998631,21.703159],[-157.998559,21.704113],[-157.999429,21.704659],[-157.999658,21.705012],[-157.999505,21.706],[-157.999627,21.707194],[-157.999079,21.707049],[-157.998652,21.706549],[-157.998347,21.70648],[-157.998224,21.706004],[-157.997735,21.705719],[-157.997323,21.705658],[-157.997278,21.705866],[-157.996831,21.705959],[-157.996728,21.707058],[-157.996485,21.706946],[-157.996454,21.70616],[-157.995965,21.705864],[-157.994166,21.705508],[-157.993066,21.705597],[-157.992212,21.704924],[-157.990259,21.704731],[-157.989724,21.704859],[-157.988977,21.705408],[-157.988153,21.706511],[-157.987176,21.707114],[-157.986506,21.707823],[-157.985499,21.708437],[-157.985223,21.708907],[-157.98446,21.709351],[-157.984155,21.710213],[-157.984552,21.710824],[-157.984247,21.711485],[-157.98443,21.712437],[-157.984332,21.712557],[-157.983637,21.712454],[-157.983301,21.711916]]]}},{"type":"Feature","id":"HIZ009","properties":{"id":"HIZ009","name":"Olomana","island":"Oahu"},"geometry":{"type":"Polygon","coordinates":[[[-157.75913,21.457959],[-157.754129,21.456057],[-157.753229,21.456158],[-157.752328,21.455557],[-157.75073,21.455159],[-157.749338,21.454358],[-157.74693,21.453659],[-157.74273,21.453359],[-157.739816,21.45427],[-157.738931,21.455758],[-157.737634,21.455758],[-157.73613,21.456259],[-157.732324,21.45916],[-157.72973,21.460159],[-157.72913,21.459559],[-157.72543,21.458859],[-157.723031,21.459158],[-157.722238,21.458357],[-157.722238,21.456759],[-157.72273,21.455359],[-157.72323,21.455059],[-157.723533,21.454164],[-157.723932,21.454859],[-157.725328,21.453761],[-157.725335,21.452559],[-157.725534,21.451659],[-157.725031,21.451459],[-157.725534,21.451258],[-157.72613,21.450459],[-157.72563,21.449759],[-157.730035,21.446459],[-157.73243,21.446159],[-157.732537,21.445463],[-157.733331,21.44596],[-157.73433,21.445759],[-157.73533,21.444661],[-157.73553,21.444859],[-157.736527,21.443264],[-157.736528,21.440554],[-157.73633,21.439959],[-157.736734,21.439257],[-157.736032,21.43726],[-157.735635,21.433159],[-157.737634,21.429659],[-157.73773,21.42856],[-157.73823,21.428459],[-157.738434,21.425556],[-157.73913,21.425059],[-157.739529,21.424261],[-157.740426,21.424759],[-157.74053,21.425459],[-157.74223,21.425359],[-157.74383,21.423759],[-157.744134,21.42246],[-157.74473,21.422659],[-157.74513,21.420659],[-157.744638,21.417458],[-157.74283,21.411359],[-157.74183,21.408959],[-157.74003,21.405759],[-157.73823,21.403359],[-157.736032,21.401158],[-157.733438,21.399857],[-157.73323,21.399459],[-157.72953,21.398559],[-157.727533,21.398358],[-157.72313,21.395859],[-157.72193,21.395559],[-157.72073,21.396059],[-157.716333,21.392958],[-157.71373,21.389759],[-157.711633,21.387461],[-157.710733,21.385157],[-157.709833,21.384058],[-157.708932,21.382359],[-157.708932,21.381461],[-157.70813,21.380659],[-157.706338,21.380158],[-157.706132,21.376172],[-157.70683,21.373959],[-157.707834,21.37196],[-157.70953,21.367459],[-157.710031,21.365759],[-157.710031,21.364159],[-157.70843,21.357059],[-157.708932,21.35676],[-157.70873,21.356459],[-157.70843,21.356759],[-157.706231,21.35026],[-157.70363,21.346459],[-157.702432,21.34516],[-157.699838,21.341559],[-157.69453,21.333259],[-157.691232,21.32976],[-157.686838,21.327359],[-157.681833,21.325659],[-157.68223,21.324959],[-157.681772,21.325642],[-157.679635,21.325058],[-157.678735,21.324358],[-157.677835,21.32416],[-157.67683,21.323059],[-157.67283,21.321158],[-157.672037,21.320059],[-157.67083,21.318959],[-157.670038,21.318459],[-157.66853,21.316859],[-157.66683,21.315859],[-157.666025,21.315859],[-157.664831,21.316659],[-157.662332,21.315358],[-157.661737,21.315458],[-157.66183,21.314959],[-157.66073,21.314059],[-157.66063,21.311559],[-157.65933,21.309959],[-157.655435,21.310158],[-157.652828,21.310558],[-157.65173,21.310359],[-157.651469,21.310097],[-157.652231,21.30847],[-157.659723,21.307772],[-157.668222,21.30987],[-157.67843,21.313071],[-157.690133,21.312371],[-157.699731,21.309872],[-157.710733,21.305272],[-157.733728,21.320172],[-157.746423,21.32977],[-157.758828,21.340373],[-157.768426,21.351271],[-157.779031,21.364371],[-157.779799,21.365555],[-157.78753,21.377472],[-157.795328,21.391671],[-157.800226,21.40267],[-157.804818,21.417172],[-157.810662,21.437253],[-157.809226,21.439293],[-157.808159,21.439468],[-157.805734,21.436957],[-157.805032,21.434659],[-157.80653,21.431359],[-157.80513,21.429659],[-157.80333,21.426959],[-157.802133,21.426657],[-157.80163,21.425759],[-157.799936,21.42426],[-157.79903,21.424359],[-157.79903,21.424859],[-157.79823,21.425159],[-157.797326,21.424757],[-157.795022,21.425461],[-157.79473,21.426559],[-157.795227,21.428659],[-157.79213,21.428559],[-157.79133,21.427459],[-157.79193,21.425559],[-157.79173,21.424059],[-157.789529,21.424757],[-157.78863,21.424359],[-157.788339,21.422959],[-157.78833,21.422263],[-157.78883,21.422459],[-157.788934,21.421259],[-157.78953,21.420759],[-157.78973,21.420359],[-157.790735,21.41956],[-157.790237,21.419263],[-157.790132,21.418472],[-157.790427,21.418954],[-157.79083,21.418859],[-157.791437,21.418459],[-157.79133,21.418057],[-157.78833,21.417659],[-157.78773,21.417059],[-157.787332,21.415061],[-157.78743,21.414159],[-157.78703,21.413559],[-157.78453,21.411959],[-157.78383,21.411959],[-157.783731,21.411559],[-157.78453,21.410959],[-157.78373,21.409259],[-157.78113,21.410659],[-157.780527,21.411759],[-157.778924,21.411559],[-157.77703,21.411759],[-157.774728,21.412858],[-157.773126,21.412259],[-157.772027,21.412859],[-157.771524,21.414458],[-157.769327,21.414059],[-157.76883,21.415659],[-157.767935,21.415958],[-157.767129,21.415558],[-157.767024,21.415956],[-157.766626,21.415759],[-157.766824,21.418059],[-157.76653,21.418859],[-157.76543,21.419159],[-157.764627,21.421458],[-157.765024,21.42276],[-157.76563,21.423459],[-157.76583,21.424559],[-157.76473,21.425759],[-157.76433,21.427359],[-157.764428,21.427659],[-157.762828,21.428358],[-157.76183,21.427959],[-157.76043,21.428559],[-157.760827,21.430857],[-157.760827,21.432259],[-157.76023,21.433459],[-157.75873,21.434059],[-157.75733,21.435459],[-157.75843,21.436759],[-157.760324,21.437159],[-157.76253,21.438059],[-157.76203,21.439759],[-157.76243,21.439959],[-157.763929,21.43806],[-157.76543,21.439359],[-157.77233,21.442659],[-157.772929,21.442559],[-157.77523,21.443659],[-157.776926,21.44326],[-157.778726,21.446459],[-157.77723,21.447859],[-157.77683,21.449559],[-157.77753,21.449759],[-157.777826,21.451661],[-157.776132,21.453257],[-157.774225,21.454461],[-157.77453,21.455059],[-157.773828,21.455559],[-157.772928,21.457159],[-157.768335,21.456358],[-157.767526,21.458058],[-157.76653,21.458659],[-157.766626,21.459158],[-157.766122,21.45946],[-157.76513,21.461758],[-157.763434,21.462757],[-157.762933,21.46226],[-157.763635,21.461459],[-157.763528,21.459858],[-157.760934,21.458359],[-157.75913,21.457959]]]}},{"type":"Feature","id":"HIZ010","properties":{"id":"HIZ010","name":"Central Oahu","island":"Oahu"},"geometry":{"type":"Polygon","coordinates":[[[-157.913232,21.376572],[-157.920633,21.38037],[-157.931924,21.385672],[-157.940423,21.388871],[-157.948922,21.391371],[-157.96203,21.394173],[-157.972619,21.396672],[-157.981531,21.398371],[-157.999933,21.399769],[-158.010934,21.40157],[-158.019021,21.40267],[-158.036722,21.40127],[-158.044534,21.39877],[-158.054834,21.395972],[-158.063333,21.390572],[-158.068231,21.387772],[-158.073526,21.384272],[-158.079233,21.379971],[-158.082025,21.37467],[-158.084222,21.382071],[-158.086328,21.396271],[-158.082834,21.410071],[-158.074624,21.435572],[-158.070718,21.454373],[-158.078927,21.468472],[-158.095819,21.481972],[-158.103631,21.491471],[-158.105829,21.499672],[-158.102228,21.507773],[-158.10122,21.514872],[-158.102929,21.525273],[-158.091226,21.535071],[-158.070031,21.554171],[-158.049127,21.57717],[-158.04133,21.586771],[-158.032831,21.598071],[-158.026132,21.60797],[-158.020929,21.61657],[-158.012735,21.60657],[-158.00422,21.59137],[-157.984033,21.53007],[-157.97532,21.500872],[-157.964532,21.46777],[-157.952829,21.440571],[-157.938333,21.412171],[-157.913232,21.376572]]]}},{"type":"Feature","id":"HIZ011","properties":{"id":"HIZ011","name":"Waianae Mountains","island":"Oahu"},"geometry":{"type":"Polygon","coordinates":[[[-158.095819,21.481972],[-158.078927,21.468472],[-158.070718,21.454373],[-158.074624,21.435572],[-158.082834,21.410071],[-158.086328,21.396271],[-158.084222,21.382071],[-158.082025,21.37467],[-158.079629,21.368271],[-158.078119,21.362671],[-158.077127,21.35557],[-158.078531,21.350972],[-158.08352,21.346671],[-158.090219,21.344271],[-158.097329,21.345271],[-158.103631,21.349871],[-158.110025,21.354872],[-158.11503,21.360871],[-158.118524,21.367272],[-158.121026,21.37397],[-158.123132,21.380671],[-158.125024,21.390372],[-158.124933,21.411871],[-158.127023,21.427071],[-158.128427,21.446572],[-158.130517,21.461773],[-158.134134,21.46777],[-158.141534,21.474871],[-158.147226,21.47877],[-158.154321,21.481272],[-158.161035,21.47987],[-158.169824,21.475571],[-158.177331,21.473771],[-158.18583,21.477671],[-158.193628,21.48337],[-158.19993,21.490471],[-158.205621,21.49967],[-158.205224,21.508471],[-158.195031,21.520871],[-158.191827,21.525872],[-158.195718,21.530072],[-158.200631,21.53257],[-158.206323,21.536171],[-158.213418,21.541472],[-158.219827,21.548172],[-158.22973,21.559872],[-158.225427,21.55917],[-158.187234,21.546071],[-158.172723,21.542172],[-158.158227,21.538571],[-158.142923,21.535071],[-158.130227,21.53187],[-158.117822,21.529072],[-158.107934,21.52767],[-158.102929,21.525273],[-158.10122,21.514872],[-158.102228,21.507773],[-158.105829,21.499672],[-158.103631,21.491471],[-158.095819,21.481972]]]}},{"type":"Feature","id":"HIZ032","properties":{"id":"HIZ032","name":"East Honolulu","island":"Oahu"},"geometry":{"type":"MultiPolygon","coordinates":[[[[-157.71513,21.284359],[-157.71385,21.284268],[-157.71233,21.284559],[-157.71023,21.285259],[-157.709634,21.28456],[-157.708932,21.283059],[-157.70933,21.282559],[-157.71173,21.281359],[-157.71293,21.281159],[-157.714624,21.282059],[-157.71743,21.283059],[-157.718728,21.283759],[-157.718207,21.285413],[-157.717931,21.285758],[-157.716531,21.285357],[-157.71513,21.284359]]],[[[-157.715738,21.291459],[-157.715433,21.289759],[-157.715932,21.28956],[-157.71633,21.289859],[-157.71633,21.290959],[-157.71673,21.29016],[-157.717325,21.290259],[-157.71673,21.291759],[-157.71623,21.291959],[-157.715738,21.291459]]],[[[-157.70903,21.289059],[-157.709832,21.288159],[-157.710439,21.288176],[-157.710626,21.288559],[-157.71033,21.289559],[-157.71093,21.289859],[-157.711023,21.29036],[-157.71003,21.292759],[-157.709329,21.292859],[-157.70883,21.292559],[-157.70843,21.290459],[-157.70903,21.289059]]],[[[-157.668222,21.30987],[-157.659723,21.307772],[-157.652231,21.30847],[-157.651469,21.310097],[-157.65133,21.309958],[-157.65093,21.309959],[-157.649229,21.310757],[-157.649107,21.31033],[-157.648388,21.31049],[-157.648996,21.309926],[-157.64883,21.309359],[-157.649331,21.307961],[-157.649133,21.307358],[-157.649133,21.306059],[-157.649438,21.305558],[-157.649133,21.303959],[-157.64993,21.303359],[-157.651132,21.298867],[-157.65313,21.297859],[-157.65333,21.297459],[-157.654229,21.297659],[-157.654336,21.297161],[-157.65503,21.297359],[-157.655725,21.296368],[-157.656732,21.29566],[-157.65723,21.295859],[-157.65763,21.295559],[-157.658136,21.29566],[-157.658532,21.295161],[-157.657739,21.294657],[-157.657831,21.29366],[-157.659036,21.293761],[-157.65873,21.293359],[-157.65793,21.293059],[-157.658836,21.292261],[-157.65993,21.292659],[-157.661035,21.29216],[-157.661432,21.29156],[-157.66223,21.291459],[-157.664636,21.29016],[-157.665735,21.289359],[-157.666131,21.288559],[-157.667129,21.28796],[-157.668435,21.287758],[-157.66923,21.28616],[-157.673135,21.285458],[-157.67463,21.284859],[-157.676538,21.282658],[-157.67633,21.282159],[-157.67753,21.281659],[-157.677133,21.281458],[-157.677636,21.280758],[-157.67773,21.28016],[-157.678232,21.28036],[-157.67953,21.279659],[-157.680629,21.27876],[-157.681436,21.278859],[-157.681436,21.278562],[-157.681833,21.278759],[-157.68173,21.278359],[-157.68193,21.277859],[-157.684135,21.276561],[-157.684732,21.276759],[-157.68463,21.27556],[-157.68643,21.275759],[-157.687234,21.27406],[-157.68693,21.273159],[-157.689431,21.268559],[-157.69033,21.26866],[-157.69063,21.269559],[-157.691126,21.269063],[-157.692026,21.270758],[-157.693826,21.272259],[-157.694833,21.272561],[-157.69603,21.271959],[-157.696832,21.270758],[-157.69743,21.269359],[-157.69723,21.268159],[-157.69573,21.267859],[-157.694931,21.268058],[-157.695337,21.267258],[-157.69433,21.265858],[-157.692132,21.26506],[-157.69183,21.263359],[-157.69293,21.263059],[-157.69333,21.262659],[-157.69413,21.262659],[-157.694635,21.26216],[-157.697534,21.260859],[-157.702035,21.259558],[-157.70413,21.259159],[-157.706735,21.25916],[-157.707132,21.258959],[-157.70823,21.259059],[-157.70963,21.259459],[-157.711328,21.260659],[-157.71183,21.261759],[-157.71143,21.262159],[-157.71163,21.262359],[-157.71163,21.263359],[-157.71023,21.26646],[-157.708825,21.268858],[-157.709222,21.27306],[-157.70893,21.274959],[-157.709619,21.278208],[-157.710626,21.280159],[-157.711328,21.28056],[-157.710731,21.281458],[-157.706033,21.277758],[-157.70543,21.278059],[-157.704324,21.280259],[-157.70443,21.280759],[-157.704828,21.28066],[-157.706827,21.281565],[-157.706331,21.283157],[-157.705346,21.283059],[-157.70453,21.282559],[-157.704431,21.281159],[-157.70403,21.280859],[-157.70193,21.283059],[-157.701028,21.283457],[-157.699426,21.28546],[-157.69913,21.286059],[-157.69963,21.286259],[-157.700235,21.28546],[-157.702736,21.283361],[-157.703622,21.283659],[-157.703424,21.284661],[-157.699624,21.287859],[-157.699693,21.288491],[-157.699366,21.289159],[-157.69773,21.289159],[-157.69553,21.291659],[-157.69263,21.294559],[-157.69083,21.295259],[-157.689721,21.296061],[-157.689828,21.29636],[-157.690332,21.29636],[-157.69163,21.295359],[-157.69293,21.294959],[-157.69393,21.294959],[-157.694925,21.295559],[-157.695321,21.29666],[-157.69593,21.296859],[-157.696435,21.296561],[-157.696435,21.29596],[-157.69763,21.293959],[-157.697534,21.29286],[-157.69923,21.290759],[-157.69963,21.290659],[-157.70013,21.289859],[-157.700235,21.287959],[-157.70083,21.28756],[-157.70183,21.287559],[-157.70323,21.286459],[-157.70483,21.285659],[-157.706231,21.284359],[-157.707927,21.28366],[-157.70873,21.284259],[-157.709024,21.284958],[-157.710824,21.287259],[-157.709027,21.288258],[-157.70813,21.288059],[-157.70763,21.288959],[-157.708124,21.289559],[-157.708429,21.292759],[-157.708825,21.29316],[-157.70993,21.293259],[-157.710534,21.292759],[-157.71173,21.289659],[-157.71159,21.289027],[-157.710855,21.287602],[-157.71173,21.285359],[-157.712427,21.28526],[-157.712625,21.285859],[-157.71223,21.287959],[-157.71263,21.287559],[-157.713235,21.285458],[-157.713923,21.285261],[-157.714227,21.285658],[-157.71323,21.287459],[-157.71213,21.288559],[-157.712335,21.28896],[-157.71353,21.287959],[-157.715629,21.285666],[-157.71653,21.286159],[-157.71743,21.28616],[-157.71743,21.286659],[-157.717126,21.287261],[-157.716626,21.287656],[-157.715829,21.287158],[-157.71473,21.288359],[-157.715036,21.288458],[-157.715934,21.287562],[-157.71653,21.28796],[-157.71523,21.289559],[-157.715524,21.291659],[-157.716028,21.292059],[-157.716638,21.292159],[-157.717035,21.29196],[-157.71763,21.290359],[-157.717935,21.289959],[-157.717431,21.289959],[-157.716134,21.289359],[-157.71593,21.289059],[-157.716428,21.288761],[-157.717935,21.28916],[-157.718133,21.288958],[-157.71673,21.288459],[-157.7168,21.28811],[-157.717233,21.28776],[-157.718332,21.288159],[-157.718438,21.287858],[-157.717431,21.287459],[-157.71783,21.28666],[-157.71873,21.286659],[-157.718332,21.286358],[-157.718133,21.28596],[-157.718835,21.28566],[-157.71873,21.285059],[-157.71913,21.284459],[-157.721129,21.283659],[-157.721933,21.283659],[-157.722528,21.28336],[-157.72303,21.283959],[-157.72563,21.283459],[-157.726129,21.283061],[-157.72643,21.283359],[-157.72633,21.284259],[-157.72763,21.283659],[-157.72723,21.283259],[-157.726632,21.283259],[-157.72653,21.282859],[-157.728235,21.282259],[-157.72743,21.281459],[-157.725335,21.281157],[-157.72533,21.28195],[-157.724923,21.281359],[-157.724725,21.28196],[-157.72533,21.282359],[-157.724435,21.282158],[-157.72403,21.281659],[-157.723135,21.281957],[-157.72263,21.281859],[-157.722528,21.282258],[-157.721934,21.282557],[-157.723031,21.281059],[-157.72413,21.280859],[-157.727731,21.28076],[-157.73003,21.281659],[-157.732934,21.281659],[-157.733636,21.281258],[-157.73343,21.280459],[-157.733834,21.279659],[-157.73533,21.279459],[-157.736535,21.280159],[-157.74273,21.27966],[-157.74383,21.279359],[-157.744531,21.278559],[-157.74803,21.277159],[-157.750329,21.27656],[-157.75143,21.276759],[-157.754632,21.27566],[-157.754632,21.274861],[-157.754928,21.273967],[-157.756433,21.27316],[-157.75863,21.27356],[-157.75913,21.274359],[-157.75963,21.275659],[-157.76073,21.275959],[-157.76243,21.275761],[-157.76533,21.274459],[-157.769235,21.27236],[-157.772027,21.27166],[-157.77273,21.271659],[-157.77563,21.270359],[-157.777139,21.269158],[-157.78003,21.264859],[-157.78593,21.261359],[-157.78993,21.259459],[-157.790933,21.258559],[-157.79083,21.257559],[-157.790536,21.257258],[-157.790536,21.255961],[-157.79153,21.255059],[-157.79223,21.255059],[-157.792731,21.254859],[-157.79473,21.255859],[-157.795328,21.256459],[-157.795724,21.25656],[-157.79603,21.257059],[-157.796533,21.256859],[-157.798623,21.256661],[-157.800332,21.25606],[-157.804331,21.255459],[-157.805631,21.254859],[-157.807031,21.254559],[-157.795633,21.28867],[-157.778329,21.288672],[-157.762719,21.289372],[-157.749826,21.292872],[-157.733331,21.296771],[-157.716729,21.302071],[-157.710733,21.305272],[-157.699731,21.309872],[-157.690133,21.312371],[-157.67843,21.313071],[-157.668222,21.30987]]]]}},{"type":"Feature","id":"HIZ033","properties":{"id":"HIZ033","name":"Honolulu Metro","island":"Oahu"},"geometry":{"type":"MultiPolygon","coordinates":[[[[-157.881173,21.312857],[-157.881235,21.312159],[-157.880625,21.313157],[-157.879831,21.313057],[-157.880533,21.311459],[-157.880029,21.310757],[-157.879129,21.312558],[-157.87713,21.311359],[-157.873132,21.308558],[-157.87373,21.307659],[-157.87193,21.306559],[-157.869333,21.301661],[-157.87033,21.299159],[-157.870829,21.29876],[-157.875924,21.300959],[-157.880823,21.30126],[-157.883933,21.30006],[-157.886224,21.300359],[-157.88433,21.301459],[-157.88953,21.312559],[-157.88773,21.313659],[-157.88293,21.313659],[-157.88113,21.313259],[-157.881173,21.312857]]],[[[-157.87713,21.338971],[-157.869317,21.330473],[-157.862924,21.32267],[-157.854425,21.313471],[-157.843133,21.304972],[-157.834222,21.299672],[-157.816232,21.29287],[-157.795633,21.28867],[-157.807031,21.254559],[-157.81203,21.255659],[-157.81333,21.255559],[-157.81553,21.25626],[-157.81693,21.257159],[-157.81853,21.257459],[-157.820428,21.260458],[-157.821527,21.26146],[-157.821527,21.262761],[-157.82183,21.263859],[-157.822427,21.26376],[-157.822625,21.26476],[-157.822229,21.264958],[-157.823327,21.268158],[-157.82273,21.268259],[-157.82253,21.270359],[-157.822824,21.271059],[-157.823669,21.270938],[-157.823724,21.271059],[-157.823022,21.27146],[-157.824426,21.274157],[-157.826227,21.275658],[-157.82813,21.276559],[-157.829324,21.27636],[-157.833429,21.27756],[-157.833627,21.277958],[-157.83553,21.279259],[-157.83683,21.280859],[-157.837628,21.28066],[-157.839029,21.281361],[-157.840128,21.280561],[-157.84093,21.281559],[-157.841632,21.281162],[-157.84403,21.284259],[-157.843833,21.284456],[-157.841531,21.281458],[-157.84113,21.281759],[-157.84363,21.285059],[-157.843434,21.285353],[-157.841134,21.282361],[-157.84063,21.282659],[-157.843026,21.285861],[-157.84263,21.286159],[-157.840936,21.283858],[-157.840129,21.284258],[-157.839425,21.283459],[-157.839227,21.28406],[-157.84133,21.286759],[-157.841226,21.287158],[-157.840231,21.287559],[-157.834633,21.288658],[-157.83383,21.288559],[-157.832834,21.287959],[-157.830331,21.285859],[-157.826928,21.282757],[-157.817834,21.27496],[-157.81743,21.274959],[-157.825662,21.282801],[-157.82663,21.283459],[-157.82973,21.286159],[-157.832727,21.288359],[-157.83373,21.288959],[-157.83483,21.289059],[-157.84033,21.287959],[-157.841333,21.287959],[-157.842734,21.28746],[-157.84413,21.287659],[-157.846231,21.28136],[-157.846825,21.28186],[-157.846429,21.28196],[-157.846322,21.28266],[-157.847024,21.283459],[-157.84793,21.283459],[-157.848132,21.283166],[-157.848428,21.28406],[-157.848123,21.28476],[-157.846322,21.28686],[-157.84693,21.288159],[-157.85523,21.291159],[-157.85623,21.290859],[-157.85953,21.290759],[-157.858131,21.292158],[-157.856027,21.291159],[-157.855127,21.293059],[-157.857431,21.29426],[-157.859231,21.29296],[-157.861128,21.290262],[-157.868127,21.29566],[-157.869027,21.29576],[-157.86783,21.29896],[-157.86413,21.303159],[-157.863626,21.303458],[-157.86373,21.303959],[-157.86463,21.304159],[-157.864328,21.304961],[-157.864526,21.30546],[-157.865424,21.305261],[-157.864526,21.305958],[-157.86513,21.306559],[-157.866231,21.305462],[-157.866525,21.307257],[-157.864432,21.308959],[-157.864724,21.310257],[-157.865531,21.309961],[-157.86573,21.310459],[-157.864923,21.31066],[-157.86503,21.311059],[-157.86553,21.31106],[-157.86533,21.313359],[-157.866632,21.313858],[-157.867429,21.310265],[-157.869131,21.309961],[-157.869928,21.312157],[-157.870538,21.312159],[-157.869633,21.309765],[-157.87133,21.310759],[-157.871637,21.310359],[-157.869836,21.309159],[-157.870232,21.30866],[-157.877725,21.31366],[-157.87623,21.31696],[-157.876535,21.31716],[-157.877433,21.315762],[-157.877725,21.31606],[-157.877221,21.316861],[-157.877527,21.317158],[-157.87823,21.31606],[-157.879127,21.316565],[-157.87833,21.318059],[-157.87693,21.320059],[-157.87723,21.320159],[-157.878732,21.319357],[-157.880426,21.316866],[-157.88033,21.319659],[-157.88093,21.319659],[-157.881234,21.31716],[-157.88193,21.317259],[-157.881723,21.319861],[-157.88243,21.319759],[-157.885324,21.316167],[-157.88533,21.317159],[-157.885934,21.317158],[-157.886331,21.315859],[-157.888437,21.314858],[-157.890329,21.314459],[-157.891626,21.319159],[-157.891229,21.319458],[-157.891427,21.319958],[-157.891825,21.319762],[-157.894525,21.325058],[-157.890725,21.327858],[-157.891229,21.329161],[-157.89083,21.330759],[-157.892328,21.330861],[-157.89263,21.332559],[-157.89333,21.334259],[-157.89343,21.333659],[-157.89393,21.333059],[-157.89343,21.331659],[-157.894433,21.33066],[-157.89523,21.330759],[-157.898231,21.32916],[-157.899133,21.329958],[-157.899637,21.329258],[-157.898935,21.32796],[-157.902032,21.325358],[-157.905832,21.32306],[-157.906828,21.32266],[-157.90753,21.322859],[-157.910531,21.320858],[-157.914834,21.317759],[-157.915536,21.31576],[-157.919031,21.313363],[-157.91793,21.309659],[-157.909128,21.309345],[-157.906732,21.306719],[-157.906732,21.302665],[-157.951227,21.303159],[-157.951227,21.307358],[-157.94703,21.307465],[-157.948231,21.315259],[-157.950325,21.316855],[-157.953234,21.316859],[-157.913232,21.376572],[-157.910928,21.374171],[-157.906122,21.370772],[-157.891229,21.35487],[-157.883127,21.345971],[-157.87713,21.338971]],[[-157.946435,21.310059],[-157.92993,21.309759],[-157.92963,21.310159],[-157.930429,21.31226],[-157.932931,21.313561],[-157.93943,21.315759],[-157.94663,21.316459],[-157.946435,21.310059]]]]}},{"type":"Feature","id":"HIZ034","properties":{"id":"HIZ034","name":"Ewa Plain","island":"Oahu"},"geometry":{"type":"MultiPolygon","coordinates":[[[[-158.01213,21.363059],[-158.01343,21.363059],[-158.013924,21.365157],[-158.01193,21.364459],[-158.01213,21.363059]]],[[[-157.95733,21.371258],[-157.954005,21.368619],[-157.951531,21.368759],[-157.95053,21.368059],[-157.951333,21.364768],[-157.953134,21.363059],[-157.95283,21.362859],[-157.954032,21.361962],[-157.954233,21.362259],[-157.95553,21.361559],[-157.95793,21.361659],[-157.95953,21.358759],[-157.959832,21.35736],[-157.960534,21.357558],[-157.961235,21.356362],[-157.961633,21.35656],[-157.964825,21.355261],[-157.965234,21.355559],[-157.965734,21.355161],[-157.96653,21.355559],[-157.966424,21.357459],[-157.968728,21.359158],[-157.96903,21.361159],[-157.96653,21.365259],[-157.96233,21.368559],[-157.960824,21.369059],[-157.95913,21.371059],[-157.95733,21.371258]]],[[[-157.940423,21.388871],[-157.931924,21.385672],[-157.920633,21.38037],[-157.913232,21.376572],[-157.953234,21.316859],[-157.95353,21.316859],[-157.953836,21.315961],[-157.95633,21.316659],[-157.961297,21.319682],[-157.962436,21.321974],[-157.96393,21.325559],[-157.965927,21.325361],[-157.96463,21.326059],[-157.96453,21.328159],[-157.965127,21.32886],[-157.96633,21.327961],[-157.966424,21.328761],[-157.96563,21.329259],[-157.968423,21.331156],[-157.968927,21.331258],[-157.968428,21.338161],[-157.965326,21.34166],[-157.96543,21.343559],[-157.96653,21.345459],[-157.96383,21.348159],[-157.964136,21.34846],[-157.966832,21.346161],[-157.968423,21.347859],[-157.968225,21.349759],[-157.964332,21.352458],[-157.96303,21.352659],[-157.96093,21.352459],[-157.959931,21.352757],[-157.96123,21.350259],[-157.95843,21.353457],[-157.95843,21.352559],[-157.95983,21.350159],[-157.957727,21.35236],[-157.954629,21.357157],[-157.95433,21.356959],[-157.955133,21.355759],[-157.95453,21.355559],[-157.953622,21.35656],[-157.953031,21.356757],[-157.95393,21.355159],[-157.953332,21.354859],[-157.952231,21.356358],[-157.95193,21.356159],[-157.953836,21.353358],[-157.953027,21.352959],[-157.951426,21.355557],[-157.951135,21.355359],[-157.952829,21.352658],[-157.95203,21.352359],[-157.950732,21.354356],[-157.943231,21.350157],[-157.942926,21.35056],[-157.943826,21.352459],[-157.94013,21.352759],[-157.94033,21.353559],[-157.943442,21.353958],[-157.94413,21.353859],[-157.94463,21.355059],[-157.94373,21.355359],[-157.943628,21.355858],[-157.94083,21.358959],[-157.942022,21.358363],[-157.94123,21.359259],[-157.942419,21.358764],[-157.94173,21.359659],[-157.94203,21.359859],[-157.94703,21.35566],[-157.94893,21.357759],[-157.94843,21.358659],[-157.94553,21.359759],[-157.94553,21.360659],[-157.946931,21.360261],[-157.94713,21.360559],[-157.94553,21.361159],[-157.945428,21.362259],[-157.942833,21.363358],[-157.94173,21.363359],[-157.94083,21.365059],[-157.944025,21.363761],[-157.94413,21.364159],[-157.94073,21.365459],[-157.94053,21.365959],[-157.938424,21.365159],[-157.938424,21.36546],[-157.940317,21.366356],[-157.93993,21.367359],[-157.93873,21.369158],[-157.937326,21.369858],[-157.93563,21.372259],[-157.936624,21.373759],[-157.934625,21.37406],[-157.93403,21.37566],[-157.935129,21.375559],[-157.935724,21.376759],[-157.936624,21.37736],[-157.937234,21.377459],[-157.940133,21.375958],[-157.940834,21.375062],[-157.94303,21.376659],[-157.94263,21.377859],[-157.94283,21.378959],[-157.94373,21.379859],[-157.94893,21.382759],[-157.950931,21.382259],[-157.956827,21.384959],[-157.95873,21.386859],[-157.96153,21.387859],[-157.961633,21.387359],[-157.96693,21.387359],[-157.96983,21.386459],[-157.97023,21.384259],[-157.96763,21.380659],[-157.96673,21.379959],[-157.96643,21.374859],[-157.966836,21.37316],[-157.969034,21.369759],[-157.970132,21.36966],[-157.973626,21.371357],[-157.974527,21.372559],[-157.97533,21.374359],[-157.97603,21.375059],[-157.975625,21.37646],[-157.97593,21.377859],[-157.977624,21.378159],[-157.97883,21.379859],[-157.97953,21.379459],[-157.98093,21.379859],[-157.98313,21.382659],[-157.98433,21.384459],[-157.98513,21.387359],[-157.98423,21.388359],[-157.986827,21.387959],[-157.98763,21.388159],[-157.98923,21.388059],[-157.99133,21.387659],[-157.992135,21.386858],[-157.99273,21.385371],[-157.991937,21.384058],[-157.99223,21.383459],[-157.99183,21.383359],[-157.99083,21.376559],[-157.98953,21.375859],[-157.987832,21.37176],[-157.98553,21.368359],[-157.981836,21.365258],[-157.97813,21.366559],[-157.977838,21.366158],[-157.975137,21.365458],[-157.97503,21.362659],[-157.975931,21.360859],[-157.97473,21.358759],[-157.97383,21.356259],[-157.97203,21.355359],[-157.971232,21.352861],[-157.97313,21.349659],[-157.972238,21.347357],[-157.97183,21.34196],[-157.973428,21.342061],[-157.97493,21.343559],[-157.97553,21.344559],[-157.976022,21.345959],[-157.977624,21.346558],[-157.98003,21.350059],[-157.979831,21.350259],[-157.98223,21.352159],[-157.98553,21.350959],[-157.989023,21.35166],[-157.989923,21.354659],[-157.99323,21.357059],[-157.991831,21.357659],[-157.989931,21.357759],[-157.989331,21.358159],[-157.988824,21.357659],[-157.98803,21.359059],[-157.988427,21.360459],[-157.98723,21.361959],[-157.987832,21.362561],[-157.989435,21.362259],[-157.991632,21.36056],[-157.993432,21.35956],[-157.99563,21.359459],[-157.99713,21.357459],[-157.999429,21.35656],[-158.000924,21.358059],[-158.000924,21.359457],[-158.002023,21.363459],[-158.00463,21.36486],[-158.00483,21.367359],[-158.002631,21.368659],[-158.00223,21.370359],[-158.00353,21.372759],[-158.005227,21.37456],[-158.006433,21.374258],[-158.007228,21.371865],[-158.007638,21.372757],[-158.008327,21.371663],[-158.009729,21.373259],[-158.00953,21.374259],[-158.008523,21.374659],[-158.00863,21.376959],[-158.01073,21.379059],[-158.01463,21.378659],[-158.016137,21.378058],[-158.017831,21.37496],[-158.019449,21.374552],[-158.02073,21.373959],[-158.021432,21.372359],[-158.018533,21.366959],[-158.01643,21.365759],[-158.018133,21.365261],[-158.01973,21.366059],[-158.021936,21.364459],[-158.02113,21.363459],[-158.02273,21.363159],[-158.02293,21.362259],[-158.021737,21.35846],[-158.01663,21.356959],[-158.014629,21.357858],[-158.01213,21.356159],[-158.00953,21.355559],[-158.00863,21.356959],[-158.00703,21.356159],[-158.00773,21.355359],[-158.006936,21.354659],[-158.004131,21.353359],[-158.002237,21.352057],[-158.000924,21.352059],[-157.996531,21.353859],[-157.993936,21.353358],[-157.992334,21.348557],[-157.990931,21.348959],[-157.987029,21.349058],[-157.982736,21.348759],[-157.97993,21.345759],[-157.976541,21.341052],[-157.97683,21.340659],[-157.974939,21.339056],[-157.973535,21.336159],[-157.97293,21.334259],[-157.97343,21.334159],[-157.973337,21.331759],[-157.97253,21.331658],[-157.97203,21.328459],[-157.971231,21.327158],[-157.97143,21.326359],[-157.97093,21.326159],[-157.97133,21.323659],[-157.97233,21.321659],[-157.975732,21.318558],[-157.976632,21.31676],[-157.978932,21.315659],[-157.980737,21.31606],[-157.983133,21.315659],[-157.990431,21.314059],[-158.005227,21.31036],[-158.01283,21.308959],[-158.021933,21.306159],[-158.025735,21.30616],[-158.02773,21.305959],[-158.032027,21.30436],[-158.03583,21.304659],[-158.04463,21.303659],[-158.049432,21.30156],[-158.07373,21.298359],[-158.08003,21.298059],[-158.084833,21.29646],[-158.085733,21.29566],[-158.09073,21.295559],[-158.09413,21.295159],[-158.09773,21.295159],[-158.10073,21.294759],[-158.10283,21.295359],[-158.10523,21.295759],[-158.10653,21.296259],[-158.090219,21.344271],[-158.08352,21.346671],[-158.078531,21.350972],[-158.077127,21.35557],[-158.078119,21.362671],[-158.079629,21.368271],[-158.082025,21.37467],[-158.079233,21.379971],[-158.073526,21.384272],[-158.068231,21.387772],[-158.063333,21.390572],[-158.054834,21.395972],[-158.044534,21.39877],[-158.036722,21.40127],[-158.019021,21.40267],[-158.010934,21.40157],[-157.999933,21.399769],[-157.981531,21.398371],[-157.972619,21.396672],[-157.96203,21.394173],[-157.948922,21.391371],[-157.940423,21.388871]],[[-157.97723,21.323759],[-157.97723,21.323259],[-157.97613,21.323459],[-157.973626,21.32506],[-157.973428,21.327158],[-157.972726,21.327958],[-157.974634,21.327059],[-157.97723,21.323759]]]]}},{"type":"Feature","id":"HIZ035","properties":{"id":"HIZ035","name":"Koolau Windward","island":"Oahu"},"geometry":{"type":"Polygon","coordinates":[[[-157.978814,21.709351],[-157.97619,21.709338],[-157.975091,21.709948],[-157.974359,21.710055],[-157.973016,21.709778],[-157.971887,21.710131],[-157.969262,21.709322],[-157.96853,21.709382],[-157.968042,21.709939],[-157.965936,21.709498],[-157.965783,21.708949],[-157.965417,21.708628],[-157.965539,21.708075],[-157.964959,21.707245],[-157.963801,21.706312],[-157.963769,21.705508],[-157.963281,21.704377],[-157.961419,21.703295],[-157.960138,21.702725],[-157.959497,21.702631],[-157.958459,21.701983],[-157.957666,21.700941],[-157.956842,21.69911],[-157.956048,21.697894],[-157.952478,21.6948],[-157.951989,21.694571],[-157.949609,21.692294],[-157.948846,21.691218],[-157.948449,21.690028],[-157.948205,21.689711],[-157.94497,21.68788],[-157.944513,21.686942],[-157.94494,21.685549],[-157.944879,21.685099],[-157.943505,21.683318],[-157.943109,21.682387],[-157.941796,21.680727],[-157.940149,21.677645],[-157.938684,21.67684],[-157.937036,21.675356],[-157.936548,21.675368],[-157.936303,21.675558],[-157.935235,21.675457],[-157.934472,21.674662],[-157.933069,21.67401],[-157.932977,21.673495],[-157.933099,21.67322],[-157.933862,21.67272],[-157.934442,21.67301],[-157.93493,21.67306],[-157.93573,21.672759],[-157.93733,21.670259],[-157.93643,21.665859],[-157.93233,21.662259],[-157.92753,21.661059],[-157.924161,21.657964],[-157.920027,21.653676],[-157.918359,21.650351],[-157.917917,21.648711],[-157.91423,21.648659],[-157.91403,21.648359],[-157.912531,21.648259],[-157.91313,21.647959],[-157.91763,21.647359],[-157.918237,21.646859],[-157.918832,21.645068],[-157.919137,21.643559],[-157.91833,21.640359],[-157.919031,21.636458],[-157.918832,21.635159],[-157.919137,21.633658],[-157.919931,21.63316],[-157.920221,21.633259],[-157.920236,21.633858],[-157.92053,21.633559],[-157.92053,21.632959],[-157.92123,21.63246],[-157.920238,21.632955],[-157.92143,21.630159],[-157.92053,21.629159],[-157.920632,21.628659],[-157.92123,21.628659],[-157.92143,21.628059],[-157.92123,21.626159],[-157.92033,21.625259],[-157.918237,21.624258],[-157.917032,21.623057],[-157.916131,21.622658],[-157.915933,21.622159],[-157.91333,21.620459],[-157.91273,21.619659],[-157.91253,21.61916],[-157.91293,21.617159],[-157.913537,21.617058],[-157.912829,21.616941],[-157.912744,21.614592],[-157.90951,21.610675],[-157.909936,21.610558],[-157.909234,21.610148],[-157.909234,21.609728],[-157.908563,21.608969],[-157.908227,21.608042],[-157.906854,21.607317],[-157.905389,21.607474],[-157.904535,21.607058],[-157.900598,21.604899],[-157.899133,21.603457],[-157.898004,21.602744],[-157.897699,21.601878],[-157.897577,21.600501],[-157.89718,21.599963],[-157.896783,21.598483],[-157.896936,21.598259],[-157.896081,21.597472],[-157.89541,21.595385],[-157.894861,21.594523],[-157.894098,21.593493],[-157.89306,21.592988],[-157.892236,21.592858],[-157.890466,21.59134],[-157.889825,21.590979],[-157.888482,21.589442],[-157.888269,21.588595],[-157.88713,21.585959],[-157.88656,21.582509],[-157.886133,21.581259],[-157.885705,21.580511],[-157.884249,21.578945],[-157.883722,21.578165],[-157.883386,21.577858],[-157.8807,21.576476],[-157.877252,21.575274],[-157.874994,21.572707],[-157.87478,21.572134],[-157.872262,21.570775],[-157.870309,21.568888],[-157.867486,21.564377],[-157.865198,21.561627],[-157.864679,21.560316],[-157.86416,21.560603],[-157.863427,21.56041],[-157.860895,21.559266],[-157.856744,21.557833],[-157.855493,21.557608],[-157.85443,21.557859],[-157.852777,21.55711],[-157.85203,21.556559],[-157.85,21.554371],[-157.847741,21.550993],[-157.846643,21.549906],[-157.846338,21.549204],[-157.846002,21.547568],[-157.846246,21.546868],[-157.846216,21.545863],[-157.846032,21.545359],[-157.844262,21.543477],[-157.842645,21.542559],[-157.842065,21.542017],[-157.841394,21.540465],[-157.841028,21.538729],[-157.839959,21.53611],[-157.838067,21.534256],[-157.83764,21.533472],[-157.837457,21.532448],[-157.836999,21.531973],[-157.835992,21.530241],[-157.834375,21.526804],[-157.834497,21.52656],[-157.83433,21.526059],[-157.834558,21.525782],[-157.83468,21.523085],[-157.835229,21.521805],[-157.835443,21.51834],[-157.835779,21.517132],[-157.835779,21.514807],[-157.835534,21.512393],[-157.834741,21.509547],[-157.83473,21.509059],[-157.835595,21.508605],[-157.838128,21.508322],[-157.838983,21.508299],[-157.840387,21.508591],[-157.843225,21.507628],[-157.845453,21.507143],[-157.847619,21.506087],[-157.849084,21.506228],[-157.84873,21.506859],[-157.84884,21.507021],[-157.851434,21.507159],[-157.851526,21.506548],[-157.851312,21.505923],[-157.851465,21.505324],[-157.852441,21.504611],[-157.852594,21.504118],[-157.852472,21.501654],[-157.851648,21.499175],[-157.851037,21.496533],[-157.850213,21.495066],[-157.849145,21.493739],[-157.848413,21.493899],[-157.847375,21.492739],[-157.847375,21.491883],[-157.847558,21.49124],[-157.84903,21.489459],[-157.849298,21.48843],[-157.849817,21.488331],[-157.849125,21.488157],[-157.84945,21.487795],[-157.849511,21.487336],[-157.849115,21.486273],[-157.848596,21.485737],[-157.845453,21.483801],[-157.842828,21.483958],[-157.842929,21.484357],[-157.842401,21.484026],[-157.842035,21.483374],[-157.841974,21.482594],[-157.842248,21.481768],[-157.841729,21.480187],[-157.842279,21.477351],[-157.84234,21.475455],[-157.842584,21.474989],[-157.843377,21.474246],[-157.843438,21.472742],[-157.844201,21.472029],[-157.844568,21.471114],[-157.844171,21.46955],[-157.842615,21.466692],[-157.842767,21.46562],[-157.84323,21.464559],[-157.843164,21.464283],[-157.841943,21.461756],[-157.840875,21.460232],[-157.840387,21.459807],[-157.839898,21.459715],[-157.83883,21.459858],[-157.83823,21.459259],[-157.837228,21.460659],[-157.83648,21.460917],[-157.835748,21.460955],[-157.834344,21.460749],[-157.834024,21.460558],[-157.833429,21.461834],[-157.832849,21.46208],[-157.832513,21.461935],[-157.832544,21.460917],[-157.832132,21.459361],[-157.831262,21.457446],[-157.830651,21.457232],[-157.830285,21.457667],[-157.830041,21.45769],[-157.829156,21.456427],[-157.826928,21.455809],[-157.826715,21.455561],[-157.826379,21.454493],[-157.82553,21.453459],[-157.824884,21.453009],[-157.82353,21.452959],[-157.822321,21.452238],[-157.820947,21.452319],[-157.819971,21.452567],[-157.817956,21.453837],[-157.816431,21.454359],[-157.816004,21.454245],[-157.815545,21.453436],[-157.81463,21.450606],[-157.814264,21.448016],[-157.812127,21.443335],[-157.811624,21.442761],[-157.810235,21.443728],[-157.80993,21.444459],[-157.809717,21.44369],[-157.80983,21.443459],[-157.810296,21.443379],[-157.811532,21.442559],[-157.811181,21.442206],[-157.810129,21.441658],[-157.809167,21.44212],[-157.808984,21.442399],[-157.809106,21.442755],[-157.807631,21.442659],[-157.807519,21.441771],[-157.807944,21.441467],[-157.808832,21.44126],[-157.80873,21.44006],[-157.809732,21.440058],[-157.81123,21.437959],[-157.811334,21.437159],[-157.810827,21.436588],[-157.810662,21.437253],[-157.804818,21.417172],[-157.800226,21.40267],[-157.795328,21.391671],[-157.78753,21.377472],[-157.779799,21.365555],[-157.786178,21.362702],[-157.787087,21.36251],[-157.80175,21.36422],[-157.80237,21.364491],[-157.808381,21.37387],[-157.819746,21.380797],[-157.820232,21.38124],[-157.820582,21.382011],[-157.822172,21.389948],[-157.822657,21.390734],[-157.823176,21.391057],[-157.835121,21.395747],[-157.835531,21.396088],[-157.835673,21.396444],[-157.836477,21.410819],[-157.837134,21.412968],[-157.838409,21.414818],[-157.839249,21.415581],[-157.847618,21.421803],[-157.85485,21.424288],[-157.855766,21.424812],[-157.856883,21.42593],[-157.858781,21.429132],[-157.859958,21.430465],[-157.868947,21.436824],[-157.869671,21.437526],[-157.870214,21.438374],[-157.870583,21.439489],[-157.872175,21.452947],[-157.872565,21.453828],[-157.873284,21.454692],[-157.874225,21.455306],[-157.88236,21.457998],[-157.883245,21.458554],[-157.883971,21.459502],[-157.887888,21.468084],[-157.88807,21.469663],[-157.887245,21.472662],[-157.887206,21.474411],[-157.88973,21.485196],[-157.893897,21.495083],[-157.895315,21.496969],[-157.911818,21.513648],[-157.912452,21.514832],[-157.913611,21.519498],[-157.916437,21.52273],[-157.916847,21.523417],[-157.917376,21.525282],[-157.918614,21.531935],[-157.918747,21.535725],[-157.91853,21.536889],[-157.915137,21.544928],[-157.914868,21.546084],[-157.914842,21.547271],[-157.915007,21.548246],[-157.915422,21.549358],[-157.919171,21.5556],[-157.920463,21.557307],[-157.950812,21.590117],[-158.006877,21.65129],[-157.982931,21.710459],[-157.981501,21.710604],[-157.980896,21.71044],[-157.978814,21.709351]]]}},{"type":"Feature","id":"HIZ036","properties":{"id":"HIZ036","name":"Koolau Leeward","island":"Oahu"},"geometry":{"type":"Polygon","coordinates":[[[-158.020929,21.61657],[-158.006877,21.65129],[-157.950812,21.590117],[-157.920463,21.557307],[-157.919171,21.5556],[-157.915422,21.549358],[-157.915007,21.548246],[-157.914842,21.547271],[-157.914868,21.546084],[-157.915137,21.544928],[-157.91853,21.536889],[-157.918747,21.535725],[-157.918614,21.531935],[-157.917376,21.525282],[-157.916847,21.523417],[-157.916437,21.52273],[-157.913611,21.519498],[-157.912452,21.514832],[-157.911818,21.513648],[-157.895315,21.496969],[-157.893897,21.495083],[-157.88973,21.485196],[-157.887206,21.474411],[-157.887245,21.472662],[-157.88807,21.469663],[-157.887888,21.468084],[-157.883971,21.459502],[-157.883245,21.458554],[-157.88236,21.457998],[-157.874225,21.455306],[-157.873284,21.454692],[-157.872565,21.453828],[-157.872175,21.452947],[-157.870583,21.439489],[-157.870214,21.438374],[-157.869671,21.437526],[-157.868947,21.436824],[-157.859958,21.430465],[-157.858781,21.429132],[-157.856883,21.42593],[-157.855766,21.424812],[-157.85485,21.424288],[-157.847618,21.421803],[-157.839249,21.415581],[-157.838409,21.414818],[-157.837134,21.412968],[-157.836477,21.410819],[-157.835673,21.396444],[-157.835531,21.396088],[-157.835121,21.395747],[-157.823176,21.391057],[-157.822657,21.390734],[-157.822172,21.389948],[-157.820582,21.382011],[-157.820232,21.38124],[-157.819746,21.380797],[-157.808381,21.37387],[-157.80237,21.364491],[-157.80175,21.36422],[-157.787087,21.36251],[-157.786178,21.362702],[-157.779799,21.365555],[-157.779031,21.364371],[-157.768426,21.351271],[-157.758828,21.340373],[-157.746423,21.32977],[-157.733728,21.320172],[-157.710733,21.305272],[-157.716729,21.302071],[-157.733331,21.296771],[-157.749826,21.292872],[-157.762719,21.289372],[-157.778329,21.288672],[-157.795633,21.28867],[-157.816232,21.29287],[-157.834222,21.299672],[-157.843133,21.304972],[-157.854425,21.313471],[-157.862924,21.32267],[-157.869317,21.330473],[-157.87713,21.338971],[-157.883127,21.345971],[-157.891229,21.35487],[-157.906122,21.370772],[-157.910928,21.374171],[-157.913232,21.376572],[-157.938333,21.412171],[-157.952829,21.440571],[-157.964532,21.46777],[-157.97532,21.500872],[-157.984033,21.53007],[-158.00422,21.59137],[-158.012735,21.60657],[-158.020929,21.61657]]]}},{"type":"Feature","id":"HIZ023","properties":{"id":"HIZ023","name":"Kona","island":"BigIsland"},"geometry":{"type":"MultiPolygon","coordinates":[[[[-155.909265,19.180882],[-155.909543,19.180734],[-155.910237,19.18103],[-155.910135,19.181337],[-155.909372,19.181225],[-155.909265,19.180882]]],[[[-156.005934,19.634997],[-156.005869,19.634794],[-156.007082,19.635258],[-156.006784,19.635434],[-156.005934,19.634997]]],[[[-156.061594,19.727052],[-155.92266,19.716533],[-155.919066,19.713731],[-155.918409,19.712242],[-155.918021,19.709777],[-155.914749,19.703062],[-155.913713,19.701565],[-155.913753,19.697508],[-155.914057,19.695378],[-155.912398,19.695319],[-155.910183,19.693795],[-155.908954,19.692346],[-155.902429,19.678749],[-155.900075,19.673239],[-155.89594,19.666732],[-155.892863,19.663071],[-155.891204,19.662813],[-155.888471,19.6607],[-155.88543,19.658903],[-155.884382,19.656545],[-155.879237,19.653944],[-155.8778,19.65378],[-155.875337,19.65142],[-155.873421,19.650834],[-155.871328,19.649078],[-155.871248,19.648261],[-155.869861,19.646116],[-155.866755,19.644148],[-155.865971,19.642913],[-155.865754,19.641374],[-155.864534,19.640738],[-155.863486,19.640784],[-155.861515,19.63923],[-155.860039,19.6388],[-155.859016,19.63805],[-155.858559,19.637097],[-155.854296,19.633782],[-155.853433,19.632158],[-155.852033,19.631374],[-155.850842,19.629613],[-155.848991,19.628592],[-155.848522,19.627691],[-155.846749,19.625942],[-155.845113,19.62536],[-155.843762,19.62453],[-155.839891,19.62385],[-155.838517,19.622735],[-155.836978,19.620832],[-155.83521,19.619285],[-155.833739,19.617586],[-155.832394,19.617321],[-155.829912,19.616501],[-155.828727,19.615447],[-155.82771,19.614142],[-155.825125,19.614804],[-155.82371,19.61419],[-155.822366,19.614065],[-155.821352,19.612896],[-155.819648,19.612384],[-155.818599,19.611372],[-155.816333,19.611352],[-155.816693,19.609784],[-155.814875,19.610115],[-155.814229,19.607514],[-155.813212,19.606165],[-155.813902,19.60482],[-155.81269,19.604824],[-155.813166,19.603714],[-155.810017,19.603264],[-155.808759,19.601166],[-155.808247,19.599772],[-155.807395,19.59931],[-155.805709,19.600716],[-155.805295,19.601872],[-155.803933,19.602661],[-155.800345,19.600429],[-155.799242,19.599014],[-155.799027,19.598189],[-155.800183,19.59721],[-155.799593,19.59617],[-155.799889,19.595237],[-155.798618,19.593057],[-155.798064,19.586748],[-155.797072,19.585779],[-155.796913,19.583007],[-155.796219,19.579973],[-155.79633,19.578954],[-155.795296,19.577063],[-155.792374,19.576556],[-155.79093,19.575136],[-155.789943,19.573425],[-155.789795,19.572363],[-155.791889,19.569696],[-155.793025,19.569238],[-155.793542,19.568276],[-155.793434,19.5674],[-155.794596,19.566141],[-155.795147,19.565033],[-155.795632,19.564858],[-155.796773,19.564981],[-155.797774,19.563565],[-155.797531,19.559371],[-155.7969,19.558831],[-155.795495,19.555507],[-155.793929,19.55409],[-155.793527,19.553541],[-155.794155,19.552909],[-155.79432,19.551888],[-155.795686,19.550636],[-155.795488,19.549604],[-155.794605,19.549396],[-155.794227,19.548668],[-155.794412,19.546878],[-155.795109,19.546258],[-155.794781,19.545286],[-155.793464,19.54451],[-155.791351,19.545427],[-155.791417,19.544434],[-155.792478,19.542872],[-155.792845,19.540622],[-155.79351,19.540696],[-155.793632,19.53931],[-155.794382,19.537415],[-155.796483,19.536254],[-155.797473,19.534349],[-155.798555,19.534725],[-155.799724,19.532328],[-155.800741,19.531555],[-155.801103,19.530749],[-155.79886,19.53046],[-155.797442,19.529389],[-155.796792,19.528506],[-155.797156,19.524233],[-155.797835,19.522693],[-155.798693,19.521698],[-155.798001,19.520834],[-155.797772,19.519169],[-155.798898,19.518957],[-155.798723,19.51789],[-155.798789,19.515866],[-155.798301,19.513821],[-155.798975,19.512686],[-155.79794,19.512009],[-155.797132,19.51033],[-155.796477,19.509365],[-155.796232,19.505521],[-155.797398,19.504417],[-155.798332,19.496491],[-155.797664,19.495637],[-155.797818,19.494406],[-155.798732,19.493132],[-155.798603,19.49215],[-155.796358,19.489458],[-155.796333,19.484147],[-155.797788,19.481859],[-155.798755,19.481105],[-155.799265,19.48017],[-155.798914,19.477511],[-155.79955,19.475725],[-155.799823,19.47351],[-155.798621,19.471854],[-155.797545,19.469489],[-155.797377,19.465676],[-155.798339,19.462823],[-155.79823,19.462097],[-155.799035,19.46076],[-155.798916,19.459765],[-155.800002,19.458235],[-155.800873,19.45655],[-155.801359,19.455204],[-155.80115,19.453315],[-155.801854,19.450545],[-155.800848,19.448983],[-155.800975,19.447977],[-155.801356,19.447244],[-155.801392,19.445532],[-155.800198,19.444151],[-155.80076,19.442557],[-155.800244,19.438699],[-155.800453,19.437647],[-155.800066,19.436315],[-155.798829,19.435934],[-155.799261,19.43466],[-155.797734,19.432304],[-155.79691,19.430665],[-155.797445,19.428079],[-155.797284,19.426519],[-155.796853,19.425699],[-155.797348,19.4245],[-155.798077,19.42369],[-155.798476,19.417277],[-155.797914,19.412953],[-155.797941,19.409484],[-155.799679,19.40485],[-155.79971,19.403094],[-155.800314,19.40139],[-155.800407,19.398761],[-155.800674,19.398327],[-155.800571,19.396439],[-155.801119,19.395537],[-155.801544,19.393259],[-155.801189,19.391989],[-155.801114,19.389579],[-155.80216,19.387658],[-155.802405,19.38536],[-155.802174,19.384498],[-155.802366,19.381963],[-155.804127,19.375711],[-155.803796,19.374507],[-155.803927,19.372749],[-155.803584,19.371599],[-155.804265,19.369777],[-155.804811,19.364839],[-155.805546,19.362127],[-155.806012,19.357858],[-155.805854,19.356807],[-155.806499,19.355379],[-155.806593,19.354563],[-155.805968,19.351844],[-155.806051,19.350943],[-155.806656,19.350178],[-155.8073,19.346813],[-155.806795,19.344367],[-155.807486,19.336851],[-155.807563,19.334181],[-155.807189,19.332512],[-155.808969,19.328067],[-155.80943,19.324194],[-155.810261,19.323215],[-155.80878,19.319431],[-155.808917,19.313985],[-155.80969,19.313096],[-155.809395,19.308942],[-155.807442,19.304081],[-155.807937,19.302595],[-155.807737,19.300798],[-155.807747,19.298301],[-155.810024,19.29516],[-155.809919,19.288639],[-155.81008,19.282052],[-155.810936,19.278637],[-155.810921,19.277243],[-155.809784,19.274334],[-155.810238,19.273076],[-155.810282,19.268241],[-155.809658,19.267332],[-155.810101,19.264333],[-155.808678,19.26147],[-155.808229,19.257558],[-155.807637,19.255709],[-155.80815,19.254307],[-155.807745,19.251773],[-155.807007,19.250814],[-155.806696,19.245617],[-155.80466,19.242458],[-155.8037,19.241387],[-155.802451,19.238896],[-155.802492,19.237618],[-155.800836,19.235495],[-155.799258,19.23421],[-155.798947,19.232],[-155.798064,19.231302],[-155.79785,19.230257],[-155.796232,19.229457],[-155.796536,19.228289],[-155.794072,19.220776],[-155.793016,19.218818],[-155.790852,19.215924],[-155.79066,19.214059],[-155.791449,19.213181],[-155.791404,19.212551],[-155.790721,19.212322],[-155.790273,19.209631],[-155.788994,19.208851],[-155.786391,19.205726],[-155.785589,19.205411],[-155.785012,19.202238],[-155.785389,19.200542],[-155.784815,19.199109],[-155.783182,19.197334],[-155.78253,19.194943],[-155.780737,19.192393],[-155.77827,19.187562],[-155.775958,19.185337],[-155.774775,19.184581],[-155.774669,19.182844],[-155.774921,19.182121],[-155.773025,19.180669],[-155.773809,19.179313],[-155.773893,19.177416],[-155.774982,19.169786],[-155.77736,19.157163],[-155.780095,19.145931],[-155.783387,19.13485],[-155.787228,19.123946],[-155.791609,19.113248],[-155.796517,19.102781],[-155.801705,19.092993],[-155.807496,19.08324],[-155.813626,19.07397],[-155.820256,19.064924],[-155.827549,19.055937],[-155.835282,19.047325],[-155.843435,19.03911],[-155.851988,19.031313],[-155.86065,19.024164],[-155.860879,19.024426],[-155.861368,19.024546],[-155.862069,19.025805],[-155.863009,19.026906],[-155.863252,19.027648],[-155.863901,19.027779],[-155.864082,19.028151],[-155.864541,19.028225],[-155.864679,19.0285],[-155.864938,19.0285],[-155.865671,19.029019],[-155.86664,19.029328],[-155.867479,19.029806],[-155.868521,19.030091],[-155.869341,19.030964],[-155.869836,19.030837],[-155.869943,19.030594],[-155.870569,19.030581],[-155.871896,19.031392],[-155.87243,19.032136],[-155.873222,19.032187],[-155.873904,19.033108],[-155.874658,19.033562],[-155.875039,19.033368],[-155.876199,19.033588],[-155.876385,19.033444],[-155.877081,19.033581],[-155.877618,19.033898],[-155.877959,19.033601],[-155.878445,19.033882],[-155.878977,19.033505],[-155.879521,19.033956],[-155.880086,19.034862],[-155.880197,19.035557],[-155.881355,19.035761],[-155.881507,19.036125],[-155.88125,19.036684],[-155.881601,19.037289],[-155.881872,19.038874],[-155.881463,19.039812],[-155.881843,19.04016],[-155.882027,19.041122],[-155.881753,19.042019],[-155.881795,19.045535],[-155.881341,19.046198],[-155.881952,19.047137],[-155.882561,19.047533],[-155.882573,19.049223],[-155.88303,19.049636],[-155.883325,19.051432],[-155.883676,19.052142],[-155.883706,19.052618],[-155.884591,19.053177],[-155.885224,19.053082],[-155.885139,19.053397],[-155.885628,19.054392],[-155.886072,19.054604],[-155.885929,19.055613],[-155.887123,19.056326],[-155.88717,19.057003],[-155.887468,19.057337],[-155.889685,19.058835],[-155.890032,19.058803],[-155.889993,19.060105],[-155.891196,19.061109],[-155.891102,19.061634],[-155.891516,19.061982],[-155.891504,19.062434],[-155.892444,19.0636],[-155.892129,19.064028],[-155.8924,19.064231],[-155.89248,19.065701],[-155.893945,19.066504],[-155.893894,19.066747],[-155.894306,19.068073],[-155.894769,19.06816],[-155.895286,19.069287],[-155.895769,19.069319],[-155.895759,19.069926],[-155.896462,19.07042],[-155.896875,19.070372],[-155.897317,19.070826],[-155.89773,19.070825],[-155.898011,19.07123],[-155.898157,19.071145],[-155.898202,19.071408],[-155.898656,19.071434],[-155.899407,19.072315],[-155.899805,19.072259],[-155.900064,19.072533],[-155.899982,19.072986],[-155.900705,19.073336],[-155.900369,19.073859],[-155.900491,19.07428],[-155.900323,19.074425],[-155.900125,19.075453],[-155.900552,19.075558],[-155.900575,19.076164],[-155.900308,19.07631],[-155.900396,19.076697],[-155.90011,19.077231],[-155.900241,19.077603],[-155.901118,19.077636],[-155.902467,19.078907],[-155.902934,19.078826],[-155.903147,19.078552],[-155.904872,19.077861],[-155.905786,19.077998],[-155.906208,19.078175],[-155.906579,19.079146],[-155.906484,19.07976],[-155.907247,19.079931],[-155.90699,19.080909],[-155.907183,19.081483],[-155.907463,19.081604],[-155.907656,19.082316],[-155.907525,19.082592],[-155.907907,19.082818],[-155.908059,19.083199],[-155.907815,19.084015],[-155.907609,19.084054],[-155.9076,19.084377],[-155.907861,19.08441],[-155.907831,19.084994],[-155.908563,19.085623],[-155.908883,19.086174],[-155.908777,19.087565],[-155.909479,19.088154],[-155.909352,19.088946],[-155.909753,19.089278],[-155.909616,19.089877],[-155.909874,19.090523],[-155.910165,19.09075],[-155.909997,19.091097],[-155.91018,19.091252],[-155.909936,19.091759],[-155.910394,19.093499],[-155.910684,19.093798],[-155.911004,19.094624],[-155.910791,19.095147],[-155.911259,19.095892],[-155.911155,19.09662],[-155.911447,19.096716],[-155.911645,19.098034],[-155.911935,19.098099],[-155.911931,19.098488],[-155.912506,19.099095],[-155.912513,19.099531],[-155.912698,19.099791],[-155.913454,19.099888],[-155.913385,19.100268],[-155.914051,19.101877],[-155.914116,19.102896],[-155.914544,19.103259],[-155.9148,19.104166],[-155.915246,19.104418],[-155.915536,19.105387],[-155.915887,19.106844],[-155.915689,19.107951],[-155.915872,19.108588],[-155.91639,19.1091],[-155.916253,19.109835],[-155.916735,19.110312],[-155.917093,19.111006],[-155.916918,19.111516],[-155.917001,19.112359],[-155.91723,19.112421],[-155.917278,19.112663],[-155.917228,19.113214],[-155.918386,19.114517],[-155.918176,19.115965],[-155.918481,19.116213],[-155.918322,19.116602],[-155.918603,19.116934],[-155.918507,19.117411],[-155.918817,19.118041],[-155.918724,19.118672],[-155.918902,19.118882],[-155.918542,19.11986],[-155.918207,19.120102],[-155.918295,19.120798],[-155.918158,19.121129],[-155.918313,19.12134],[-155.91794,19.122414],[-155.918268,19.123778],[-155.918115,19.124629],[-155.917779,19.124917],[-155.917395,19.126444],[-155.916894,19.12683],[-155.917077,19.127224],[-155.917012,19.127441],[-155.916726,19.127582],[-155.916604,19.127888],[-155.917364,19.128212],[-155.917014,19.128554],[-155.917118,19.128784],[-155.916803,19.128733],[-155.916673,19.128937],[-155.915536,19.128952],[-155.915307,19.129288],[-155.915531,19.130291],[-155.9161,19.1308],[-155.917062,19.131053],[-155.916951,19.131449],[-155.917581,19.13161],[-155.917611,19.132224],[-155.917458,19.132338],[-155.91755,19.132651],[-155.917825,19.132824],[-155.917764,19.133116],[-155.918344,19.133688],[-155.918283,19.134737],[-155.917348,19.134935],[-155.917276,19.135155],[-155.91662,19.135251],[-155.916208,19.134797],[-155.916008,19.13501],[-155.916128,19.135581],[-155.915246,19.136761],[-155.914178,19.137024],[-155.914392,19.137274],[-155.914311,19.137653],[-155.914804,19.138187],[-155.914605,19.138617],[-155.914889,19.139266],[-155.914283,19.139589],[-155.914316,19.139847],[-155.913932,19.139916],[-155.913791,19.140079],[-155.913857,19.140264],[-155.912179,19.141028],[-155.911979,19.14145],[-155.912066,19.141578],[-155.91172,19.141695],[-155.911354,19.142128],[-155.91088,19.142215],[-155.910911,19.142593],[-155.911348,19.142797],[-155.911325,19.143313],[-155.911046,19.143559],[-155.910758,19.143579],[-155.910865,19.143932],[-155.910454,19.144236],[-155.910425,19.144486],[-155.910539,19.144711],[-155.911224,19.144425],[-155.911172,19.144711],[-155.911458,19.144827],[-155.91131,19.145401],[-155.911645,19.14547],[-155.911172,19.145806],[-155.911508,19.146159],[-155.911416,19.146456],[-155.910937,19.146753],[-155.910852,19.147707],[-155.910496,19.147791],[-155.910501,19.148121],[-155.910302,19.148253],[-155.910257,19.148824],[-155.91018,19.148723],[-155.910119,19.148941],[-155.910379,19.149098],[-155.909967,19.149613],[-155.910196,19.149851],[-155.909799,19.150034],[-155.910159,19.150513],[-155.90993,19.150524],[-155.910222,19.151286],[-155.910699,19.151587],[-155.911126,19.151677],[-155.911036,19.151494],[-155.911889,19.15161],[-155.911886,19.151747],[-155.912222,19.151423],[-155.912464,19.151804],[-155.912698,19.151617],[-155.912744,19.151961],[-155.91317,19.151806],[-155.913227,19.152237],[-155.913352,19.152102],[-155.913347,19.1523],[-155.913507,19.152186],[-155.914132,19.152531],[-155.914813,19.152223],[-155.914722,19.152822],[-155.915199,19.153025],[-155.915017,19.153359],[-155.915394,19.153369],[-155.915414,19.153571],[-155.915712,19.153623],[-155.915857,19.154477],[-155.91627,19.154191],[-155.916374,19.154646],[-155.916116,19.154641],[-155.916252,19.154802],[-155.915582,19.155043],[-155.916025,19.155247],[-155.915872,19.155619],[-155.916024,19.156375],[-155.915765,19.156331],[-155.915521,19.156537],[-155.915561,19.156834],[-155.915338,19.156983],[-155.915255,19.15729],[-155.915471,19.15752],[-155.915597,19.158049],[-155.91549,19.158719],[-155.915292,19.158669],[-155.915335,19.159062],[-155.914682,19.159207],[-155.914545,19.159709],[-155.914324,19.159536],[-155.91427,19.159915],[-155.913965,19.16017],[-155.913839,19.160518],[-155.913812,19.160986],[-155.913156,19.161496],[-155.913278,19.161896],[-155.912925,19.162231],[-155.912637,19.163653],[-155.912757,19.163911],[-155.912423,19.164126],[-155.912631,19.164493],[-155.911813,19.165762],[-155.911828,19.166268],[-155.910837,19.167105],[-155.909979,19.167415],[-155.910165,19.167799],[-155.910062,19.168041],[-155.90957,19.167685],[-155.908573,19.168192],[-155.908454,19.168677],[-155.907862,19.16829],[-155.907617,19.168598],[-155.907342,19.168337],[-155.907048,19.168398],[-155.906961,19.16927],[-155.907278,19.169451],[-155.906971,19.169899],[-155.906869,19.170416],[-155.906929,19.170948],[-155.906756,19.171313],[-155.906883,19.171787],[-155.907144,19.171904],[-155.907248,19.172266],[-155.907635,19.172567],[-155.90841,19.172444],[-155.908487,19.172314],[-155.908933,19.172477],[-155.909136,19.172395],[-155.90949,19.173332],[-155.909364,19.173905],[-155.908846,19.173905],[-155.907968,19.174313],[-155.908236,19.17451],[-155.908075,19.174826],[-155.90827,19.175066],[-155.908087,19.17527],[-155.908072,19.175923],[-155.907906,19.176127],[-155.908529,19.176852],[-155.908624,19.177672],[-155.908164,19.177881],[-155.908314,19.178538],[-155.908043,19.178786],[-155.908056,19.179092],[-155.908269,19.179121],[-155.908166,19.179354],[-155.908334,19.179671],[-155.908026,19.179794],[-155.908349,19.180233],[-155.908799,19.180324],[-155.908672,19.180678],[-155.908487,19.180602],[-155.908075,19.180882],[-155.908175,19.181154],[-155.90867,19.181134],[-155.908685,19.181267],[-155.908563,19.181567],[-155.908227,19.181784],[-155.908151,19.182106],[-155.908304,19.182322],[-155.908117,19.18271],[-155.907198,19.182376],[-155.90703,19.182766],[-155.907312,19.184147],[-155.9069,19.184865],[-155.908439,19.185392],[-155.908085,19.185461],[-155.908304,19.185847],[-155.907949,19.186455],[-155.908426,19.186545],[-155.908532,19.186898],[-155.908487,19.18702],[-155.907541,19.187241],[-155.907861,19.187497],[-155.907663,19.187748],[-155.907846,19.188166],[-155.907113,19.188561],[-155.907215,19.189374],[-155.906791,19.189397],[-155.906618,19.189714],[-155.907464,19.190381],[-155.90731,19.190495],[-155.907388,19.190888],[-155.907266,19.191182],[-155.90661,19.191285],[-155.906474,19.191528],[-155.90632,19.191433],[-155.906013,19.191649],[-155.906137,19.192688],[-155.906366,19.192749],[-155.906119,19.192914],[-155.906183,19.193291],[-155.90574,19.193413],[-155.905694,19.193692],[-155.905984,19.194401],[-155.906247,19.194516],[-155.906686,19.19439],[-155.906701,19.194912],[-155.906955,19.195149],[-155.9067,19.195212],[-155.9069,19.195683],[-155.906653,19.195938],[-155.906177,19.195969],[-155.905613,19.196766],[-155.905404,19.19743],[-155.905831,19.198223],[-155.90545,19.198447],[-155.905389,19.198777],[-155.905753,19.199103],[-155.905904,19.199464],[-155.905816,19.19961],[-155.906098,19.199896],[-155.90644,19.199931],[-155.906042,19.200115],[-155.90612,19.201259],[-155.906259,19.201474],[-155.906038,19.201937],[-155.906561,19.202228],[-155.906137,19.20246],[-155.906285,19.202963],[-155.905786,19.203198],[-155.905369,19.203115],[-155.905369,19.203591],[-155.904489,19.204094],[-155.904449,19.204474],[-155.903924,19.204699],[-155.903848,19.205021],[-155.903467,19.205157],[-155.903401,19.205811],[-155.902917,19.205769],[-155.903034,19.206065],[-155.902688,19.206223],[-155.902852,19.206527],[-155.901888,19.207798],[-155.901904,19.20825],[-155.901582,19.208318],[-155.901511,19.208102],[-155.901189,19.208179],[-155.90101,19.208664],[-155.900611,19.208662],[-155.900537,19.208921],[-155.900172,19.208853],[-155.900058,19.209063],[-155.89982,19.209002],[-155.899773,19.209342],[-155.899377,19.209374],[-155.899432,19.210339],[-155.899019,19.210514],[-155.898828,19.210766],[-155.898874,19.211194],[-155.898717,19.211276],[-155.898979,19.2122],[-155.89917,19.212447],[-155.899468,19.212491],[-155.899377,19.212662],[-155.899591,19.212916],[-155.899909,19.212946],[-155.900216,19.213545],[-155.900049,19.214055],[-155.900166,19.214683],[-155.900357,19.21489],[-155.900768,19.214652],[-155.90104,19.214987],[-155.901407,19.215014],[-155.901361,19.21624],[-155.901232,19.216459],[-155.900659,19.216603],[-155.901019,19.216921],[-155.901468,19.217028],[-155.901249,19.217515],[-155.900735,19.217667],[-155.900598,19.218119],[-155.902027,19.220399],[-155.902301,19.221524],[-155.902301,19.22362],[-155.902475,19.22386],[-155.902118,19.225364],[-155.902425,19.225449],[-155.902795,19.226048],[-155.902337,19.226119],[-155.902337,19.227337],[-155.902109,19.227549],[-155.902029,19.228212],[-155.901093,19.230675],[-155.901207,19.231448],[-155.900888,19.232178],[-155.900842,19.233345],[-155.900137,19.234566],[-155.900303,19.234846],[-155.899876,19.235183],[-155.898976,19.236791],[-155.898565,19.237103],[-155.898401,19.238162],[-155.898124,19.238722],[-155.897714,19.238848],[-155.897418,19.239699],[-155.897584,19.240479],[-155.897496,19.240786],[-155.897775,19.240745],[-155.898721,19.242157],[-155.899148,19.243346],[-155.899713,19.243821],[-155.899484,19.244107],[-155.899615,19.244636],[-155.899482,19.244799],[-155.899789,19.244948],[-155.899682,19.24507],[-155.899867,19.245223],[-155.899815,19.245431],[-155.900049,19.245476],[-155.900537,19.246285],[-155.900497,19.246567],[-155.900948,19.247127],[-155.900901,19.247499],[-155.900689,19.247626],[-155.901147,19.248015],[-155.900866,19.248452],[-155.9004,19.248652],[-155.900155,19.250126],[-155.899814,19.250742],[-155.900003,19.251404],[-155.899879,19.251902],[-155.90011,19.252064],[-155.900074,19.25288],[-155.899576,19.253251],[-155.899988,19.255286],[-155.899846,19.255388],[-155.9002,19.255538],[-155.899312,19.255686],[-155.899254,19.255986],[-155.899421,19.256126],[-155.899484,19.256569],[-155.899879,19.256525],[-155.899376,19.256797],[-155.899219,19.257689],[-155.898767,19.258204],[-155.898706,19.258607],[-155.898538,19.258442],[-155.898233,19.258807],[-155.898294,19.259242],[-155.898078,19.259386],[-155.898105,19.259659],[-155.897592,19.259593],[-155.897616,19.260287],[-155.897128,19.260447],[-155.896585,19.261498],[-155.896631,19.261898],[-155.896387,19.261889],[-155.895318,19.265574],[-155.893837,19.268597],[-155.893756,19.269704],[-155.893106,19.271201],[-155.893424,19.271191],[-155.893487,19.271439],[-155.892862,19.271498],[-155.892541,19.271702],[-155.89277,19.272274],[-155.892648,19.272578],[-155.892799,19.273541],[-155.892582,19.274176],[-155.892067,19.274757],[-155.891912,19.275221],[-155.891941,19.276059],[-155.891512,19.276685],[-155.891626,19.278134],[-155.89187,19.278683],[-155.892693,19.279239],[-155.892465,19.279253],[-155.892201,19.280149],[-155.891519,19.280453],[-155.891527,19.280847],[-155.891852,19.281136],[-155.89133,19.285007],[-155.890982,19.285784],[-155.8901,19.286618],[-155.889395,19.288115],[-155.888849,19.288544],[-155.88923,19.28975],[-155.889703,19.290397],[-155.889886,19.290438],[-155.889566,19.291926],[-155.889732,19.293203],[-155.888788,19.293507],[-155.888269,19.295763],[-155.889009,19.298162],[-155.889093,19.299063],[-155.889658,19.299102],[-155.889941,19.299287],[-155.889917,19.299618],[-155.889718,19.299681],[-155.889819,19.301178],[-155.889517,19.302543],[-155.888803,19.303345],[-155.889001,19.303761],[-155.888831,19.303886],[-155.888802,19.304266],[-155.888193,19.304228],[-155.887994,19.304638],[-155.888232,19.305009],[-155.88807,19.305344],[-155.88807,19.30654],[-155.88844,19.30738],[-155.888357,19.307652],[-155.888604,19.307911],[-155.888107,19.308054],[-155.888016,19.308864],[-155.887277,19.30979],[-155.887643,19.311175],[-155.888464,19.311754],[-155.88845,19.312109],[-155.8886,19.312258],[-155.887796,19.312396],[-155.887689,19.313158],[-155.887947,19.313569],[-155.888971,19.31374],[-155.889117,19.314171],[-155.889367,19.314301],[-155.889413,19.315114],[-155.890001,19.317387],[-155.890985,19.318381],[-155.890832,19.318951],[-155.891117,19.31941],[-155.890601,19.32024],[-155.890817,19.32042],[-155.890662,19.321005],[-155.890795,19.321162],[-155.890115,19.322337],[-155.890207,19.322937],[-155.890466,19.323075],[-155.890115,19.323626],[-155.890265,19.324074],[-155.889974,19.324276],[-155.889398,19.324206],[-155.889825,19.324765],[-155.889215,19.325114],[-155.889274,19.325443],[-155.888345,19.325367],[-155.887658,19.326413],[-155.88735,19.32659],[-155.886926,19.326529],[-155.88613,19.327014],[-155.885886,19.327594],[-155.885721,19.32881],[-155.885518,19.329017],[-155.885476,19.329718],[-155.885904,19.33078],[-155.885622,19.330805],[-155.88549,19.331438],[-155.885229,19.33176],[-155.884607,19.332053],[-155.884378,19.33236],[-155.884378,19.332852],[-155.884714,19.33335],[-155.884637,19.333714],[-155.884973,19.334067],[-155.885171,19.335328],[-155.885141,19.337176],[-155.885445,19.338054],[-155.88566,19.338208],[-155.88566,19.339499],[-155.886384,19.340349],[-155.886142,19.341985],[-155.886499,19.342476],[-155.886508,19.342741],[-155.886234,19.343183],[-155.886131,19.34489],[-155.886465,19.345935],[-155.886774,19.34604],[-155.887411,19.346956],[-155.887624,19.347474],[-155.887606,19.348427],[-155.888283,19.348825],[-155.888284,19.349334],[-155.888493,19.349497],[-155.88854,19.34985],[-155.889002,19.349781],[-155.889165,19.34996],[-155.889139,19.350413],[-155.889486,19.350636],[-155.889289,19.351301],[-155.889438,19.351469],[-155.889337,19.352093],[-155.889596,19.35232],[-155.889961,19.352348],[-155.889123,19.353383],[-155.889276,19.353772],[-155.889917,19.354214],[-155.890771,19.355227],[-155.891045,19.356139],[-155.890581,19.356758],[-155.89112,19.35707],[-155.891214,19.358054],[-155.891427,19.358191],[-155.891407,19.358457],[-155.890858,19.359113],[-155.891137,19.359549],[-155.89144,19.360709],[-155.891366,19.360978],[-155.891549,19.3611],[-155.891532,19.3614],[-155.891778,19.361821],[-155.89248,19.36188],[-155.892297,19.36294],[-155.89235,19.363658],[-155.892978,19.36409],[-155.893762,19.365036],[-155.893716,19.365334],[-155.894037,19.365696],[-155.893882,19.365886],[-155.894235,19.366198],[-155.894398,19.36679],[-155.89431,19.367196],[-155.894769,19.36735],[-155.89458,19.367607],[-155.894631,19.367864],[-155.894921,19.367895],[-155.894769,19.368172],[-155.895196,19.368855],[-155.896423,19.369471],[-155.896853,19.369854],[-155.897555,19.369994],[-155.897638,19.370217],[-155.897265,19.371446],[-155.896509,19.371581],[-155.896414,19.371859],[-155.896982,19.373063],[-155.89686,19.373272],[-155.897174,19.373577],[-155.896783,19.374043],[-155.896829,19.374512],[-155.896219,19.374844],[-155.895865,19.375367],[-155.895685,19.376076],[-155.897604,19.379166],[-155.898187,19.379584],[-155.900047,19.379613],[-155.900506,19.379935],[-155.900934,19.380572],[-155.901375,19.380843],[-155.901324,19.381181],[-155.901708,19.38201],[-155.901498,19.38234],[-155.901692,19.383042],[-155.901709,19.383654],[-155.901544,19.383854],[-155.901786,19.384072],[-155.90188,19.385329],[-155.90223,19.385691],[-155.902392,19.38648],[-155.903375,19.387402],[-155.903508,19.387799],[-155.90459,19.388498],[-155.905206,19.388651],[-155.905802,19.389277],[-155.906148,19.3893],[-155.906668,19.389807],[-155.906717,19.390185],[-155.907144,19.390629],[-155.907571,19.39078],[-155.908136,19.392165],[-155.909463,19.393805],[-155.909479,19.394532],[-155.909779,19.395222],[-155.910272,19.395592],[-155.910103,19.395802],[-155.911004,19.396637],[-155.91076,19.396832],[-155.911111,19.397395],[-155.910938,19.397669],[-155.911279,19.397966],[-155.911032,19.398136],[-155.911263,19.398772],[-155.910438,19.400167],[-155.910269,19.400908],[-155.909799,19.401118],[-155.909631,19.401425],[-155.908848,19.402031],[-155.908424,19.403506],[-155.908014,19.403624],[-155.90799,19.403811],[-155.907675,19.403821],[-155.907403,19.404104],[-155.907373,19.404393],[-155.907129,19.404484],[-155.906681,19.405491],[-155.9069,19.406619],[-155.906716,19.407118],[-155.906802,19.407512],[-155.906305,19.407898],[-155.906305,19.40806],[-155.906076,19.407998],[-155.905603,19.408514],[-155.905557,19.408724],[-155.905722,19.408787],[-155.905542,19.408843],[-155.905496,19.409811],[-155.905008,19.410143],[-155.905313,19.411559],[-155.905563,19.411744],[-155.90609,19.411509],[-155.906516,19.412312],[-155.906176,19.412363],[-155.906045,19.412581],[-155.906083,19.412814],[-155.906488,19.413184],[-155.906305,19.413661],[-155.906663,19.414787],[-155.90703,19.414963],[-155.907312,19.414727],[-155.907312,19.415181],[-155.907762,19.415437],[-155.908163,19.414835],[-155.908315,19.415283],[-155.908818,19.415499],[-155.909082,19.415339],[-155.909447,19.415506],[-155.909509,19.416241],[-155.909678,19.415989],[-155.909881,19.41606],[-155.910256,19.415835],[-155.910836,19.416301],[-155.911401,19.416491],[-155.9115,19.41696],[-155.911875,19.416927],[-155.912866,19.417601],[-155.912866,19.418345],[-155.913095,19.419005],[-155.91392,19.419163],[-155.914584,19.420088],[-155.914585,19.420402],[-155.914163,19.420435],[-155.913827,19.421111],[-155.913942,19.421344],[-155.913569,19.421581],[-155.913309,19.421629],[-155.913125,19.421298],[-155.912025,19.421503],[-155.911676,19.421326],[-155.911411,19.421488],[-155.911445,19.422172],[-155.911079,19.422334],[-155.911111,19.422656],[-155.911914,19.422631],[-155.911661,19.423445],[-155.912051,19.423984],[-155.912042,19.424305],[-155.912561,19.424942],[-155.913295,19.424819],[-155.913933,19.42493],[-155.916113,19.425691],[-155.916862,19.425393],[-155.916982,19.425907],[-155.917484,19.425987],[-155.917489,19.42659],[-155.91803,19.426832],[-155.918313,19.427161],[-155.918328,19.427435],[-155.918706,19.427226],[-155.919137,19.427409],[-155.918863,19.427481],[-155.919274,19.427723],[-155.919317,19.428182],[-155.919549,19.428214],[-155.91941,19.42852],[-155.919717,19.428488],[-155.919778,19.429532],[-155.919974,19.429784],[-155.919793,19.430132],[-155.920221,19.430323],[-155.920343,19.431115],[-155.920236,19.431347],[-155.920921,19.431965],[-155.92077,19.431973],[-155.920768,19.432988],[-155.921075,19.43306],[-155.920811,19.433335],[-155.92109,19.433407],[-155.92106,19.433819],[-155.921562,19.435234],[-155.921435,19.435597],[-155.921699,19.435654],[-155.92193,19.437085],[-155.921609,19.437167],[-155.921686,19.437394],[-155.92153,19.43757],[-155.921803,19.438109],[-155.921471,19.438094],[-155.921514,19.438512],[-155.921304,19.438456],[-155.921182,19.439061],[-155.920907,19.4389],[-155.921228,19.44044],[-155.921039,19.440463],[-155.921039,19.440788],[-155.920907,19.440857],[-155.921057,19.441365],[-155.920785,19.441494],[-155.92045,19.442437],[-155.920663,19.442486],[-155.920463,19.442567],[-155.920816,19.442936],[-155.920663,19.443058],[-155.920938,19.443387],[-155.920838,19.443605],[-155.921166,19.443791],[-155.920709,19.443869],[-155.920797,19.44495],[-155.92148,19.446649],[-155.921777,19.446785],[-155.921869,19.447188],[-155.922448,19.447365],[-155.92229,19.447694],[-155.922477,19.447879],[-155.922601,19.448466],[-155.922827,19.448555],[-155.922537,19.448685],[-155.922067,19.44991],[-155.921773,19.45008],[-155.92164,19.450524],[-155.92185,19.450619],[-155.92209,19.452125],[-155.921877,19.452238],[-155.921971,19.452754],[-155.92286,19.454493],[-155.923501,19.455304],[-155.923334,19.45537],[-155.923724,19.45559],[-155.923813,19.456004],[-155.924043,19.455988],[-155.924273,19.456269],[-155.924264,19.456536],[-155.924493,19.456656],[-155.924393,19.457058],[-155.924966,19.457074],[-155.925805,19.457451],[-155.925994,19.457071],[-155.926339,19.457127],[-155.92669,19.457812],[-155.927128,19.457627],[-155.927881,19.458678],[-155.92811,19.458639],[-155.928397,19.458927],[-155.928058,19.459434],[-155.927606,19.459376],[-155.927555,19.459485],[-155.927865,19.45966],[-155.92779,19.459917],[-155.927172,19.459558],[-155.927075,19.459745],[-155.926967,19.459526],[-155.926782,19.459559],[-155.926653,19.459904],[-155.926091,19.459906],[-155.925699,19.460181],[-155.92521,19.460825],[-155.925485,19.460915],[-155.92513,19.461084],[-155.924655,19.462817],[-155.92428,19.462924],[-155.924356,19.463139],[-155.924153,19.463076],[-155.924096,19.4634],[-155.923957,19.46327],[-155.923821,19.463439],[-155.923888,19.46373],[-155.923761,19.463657],[-155.923515,19.464157],[-155.923288,19.464043],[-155.923098,19.464174],[-155.923181,19.464318],[-155.92283,19.464465],[-155.922596,19.46494],[-155.92281,19.465914],[-155.922138,19.46685],[-155.922232,19.466914],[-155.921926,19.467092],[-155.921892,19.467237],[-155.922139,19.467237],[-155.921833,19.46768],[-155.921899,19.468058],[-155.922403,19.468075],[-155.921991,19.46872],[-155.921335,19.469189],[-155.921487,19.469349],[-155.922107,19.469355],[-155.922235,19.469524],[-155.922617,19.46946],[-155.922839,19.469676],[-155.922823,19.470151],[-155.922464,19.470795],[-155.922693,19.470973],[-155.922075,19.471095],[-155.921776,19.470999],[-155.921384,19.471335],[-155.92109,19.470881],[-155.920569,19.47123],[-155.920297,19.471213],[-155.920168,19.471421],[-155.919443,19.471463],[-155.918738,19.472334],[-155.919198,19.473139],[-155.919701,19.473243],[-155.920038,19.474225],[-155.919992,19.474797],[-155.920248,19.475223],[-155.919946,19.475577],[-155.919839,19.476038],[-155.920373,19.476971],[-155.921167,19.477889],[-155.92196,19.478564],[-155.922571,19.478652],[-155.923669,19.479212],[-155.92521,19.480273],[-155.925866,19.480408],[-155.927957,19.481781],[-155.929162,19.482124],[-155.931359,19.482402],[-155.931938,19.482006],[-155.93216,19.482255],[-155.933071,19.482487],[-155.933053,19.482213],[-155.933394,19.482124],[-155.933145,19.481972],[-155.93313,19.481762],[-155.933282,19.481713],[-155.933374,19.480713],[-155.933775,19.480238],[-155.933741,19.480078],[-155.934082,19.479971],[-155.933618,19.479247],[-155.933774,19.479167],[-155.933833,19.478765],[-155.933997,19.478651],[-155.935312,19.478648],[-155.935451,19.478358],[-155.935926,19.478324],[-155.937387,19.478549],[-155.937564,19.479215],[-155.937906,19.479489],[-155.93845,19.479551],[-155.938637,19.479825],[-155.938862,19.480333],[-155.93874,19.480542],[-155.938897,19.480679],[-155.939462,19.480662],[-155.939599,19.481007],[-155.940561,19.481625],[-155.94024,19.481869],[-155.940713,19.481907],[-155.940545,19.482625],[-155.940769,19.482801],[-155.941006,19.482512],[-155.941169,19.482623],[-155.940906,19.4828],[-155.942618,19.483361],[-155.942593,19.483739],[-155.943841,19.483599],[-155.943964,19.483446],[-155.944279,19.483526],[-155.944499,19.483342],[-155.945019,19.483299],[-155.945275,19.483034],[-155.94542,19.483395],[-155.945718,19.483162],[-155.946194,19.483248],[-155.946558,19.48292],[-155.946688,19.483457],[-155.947048,19.483611],[-155.947244,19.48344],[-155.947534,19.483534],[-155.947642,19.483262],[-155.94892,19.483508],[-155.948826,19.483782],[-155.949212,19.484288],[-155.94938,19.485135],[-155.949945,19.485287],[-155.950326,19.485665],[-155.950521,19.485586],[-155.950353,19.485849],[-155.950937,19.486935],[-155.950874,19.487354],[-155.950551,19.487637],[-155.95011,19.489474],[-155.950235,19.489941],[-155.950082,19.490641],[-155.949423,19.491457],[-155.949365,19.491877],[-155.948633,19.492749],[-155.948838,19.493287],[-155.949025,19.493383],[-155.949061,19.494086],[-155.948343,19.495358],[-155.948327,19.495858],[-155.949258,19.496859],[-155.949057,19.497093],[-155.949118,19.497408],[-155.949762,19.497422],[-155.950045,19.497581],[-155.949876,19.497744],[-155.950082,19.498268],[-155.949975,19.49873],[-155.950306,19.499147],[-155.950384,19.501754],[-155.950829,19.502438],[-155.951391,19.50259],[-155.951242,19.503754],[-155.951897,19.503548],[-155.952137,19.504209],[-155.951715,19.504309],[-155.951424,19.504567],[-155.95115,19.505143],[-155.951089,19.506863],[-155.952264,19.507172],[-155.953224,19.50804],[-155.953256,19.508467],[-155.953485,19.50846],[-155.9535,19.508677],[-155.954492,19.509425],[-155.954294,19.509852],[-155.954636,19.510415],[-155.955436,19.510573],[-155.955392,19.511284],[-155.955814,19.5115],[-155.956094,19.512167],[-155.956396,19.512402],[-155.956918,19.512488],[-155.957035,19.512819],[-155.959402,19.513439],[-155.959633,19.513841],[-155.959451,19.515015],[-155.959663,19.515572],[-155.959527,19.515995],[-155.960192,19.517359],[-155.960099,19.517577],[-155.96027,19.517851],[-155.960275,19.518361],[-155.960486,19.518625],[-155.96029,19.519206],[-155.960438,19.51953],[-155.960183,19.519652],[-155.960061,19.519951],[-155.959157,19.520326],[-155.958929,19.520739],[-155.957559,19.521746],[-155.957437,19.522141],[-155.957269,19.522135],[-155.95693,19.522774],[-155.956489,19.523115],[-155.95595,19.524619],[-155.956445,19.526764],[-155.956277,19.527274],[-155.956699,19.529024],[-155.957132,19.529553],[-155.956865,19.530073],[-155.95627,19.530197],[-155.95641,19.532907],[-155.956262,19.533064],[-155.956377,19.533547],[-155.957055,19.534277],[-155.956976,19.534577],[-155.957361,19.535292],[-155.957208,19.536637],[-155.957293,19.537337],[-155.957849,19.538086],[-155.958001,19.538586],[-155.95855,19.539011],[-155.958444,19.539376],[-155.958868,19.539874],[-155.959297,19.540784],[-155.959231,19.541089],[-155.958779,19.54102],[-155.958581,19.541384],[-155.958521,19.542008],[-155.957834,19.542872],[-155.957887,19.543471],[-155.958317,19.544567],[-155.959078,19.545556],[-155.959756,19.546071],[-155.960365,19.546189],[-155.96026,19.546481],[-155.960716,19.546752],[-155.95974,19.547475],[-155.959375,19.54797],[-155.959451,19.54838],[-155.960436,19.549232],[-155.960412,19.549571],[-155.961038,19.549681],[-155.961556,19.550519],[-155.962042,19.550767],[-155.962043,19.551066],[-155.96264,19.551604],[-155.963508,19.551447],[-155.964181,19.551623],[-155.964622,19.551418],[-155.965473,19.551528],[-155.965916,19.551719],[-155.966233,19.552186],[-155.966546,19.552283],[-155.966531,19.55258],[-155.966775,19.552823],[-155.966913,19.553418],[-155.966714,19.554144],[-155.966775,19.554533],[-155.966089,19.556958],[-155.966265,19.558144],[-155.966514,19.558668],[-155.966143,19.559517],[-155.965687,19.559978],[-155.965082,19.55983],[-155.963174,19.560782],[-155.96239,19.56135],[-155.962076,19.562247],[-155.962304,19.562554],[-155.96354,19.562258],[-155.964746,19.562649],[-155.965033,19.56243],[-155.965229,19.562888],[-155.964532,19.563998],[-155.964844,19.564383],[-155.965295,19.564423],[-155.966052,19.564001],[-155.966241,19.564232],[-155.966654,19.56427],[-155.966752,19.565045],[-155.967019,19.56519],[-155.967317,19.565979],[-155.967691,19.56642],[-155.968225,19.568116],[-155.968024,19.568293],[-155.968271,19.56868],[-155.96821,19.568922],[-155.967807,19.569255],[-155.968011,19.569752],[-155.967676,19.569756],[-155.967798,19.570038],[-155.967322,19.571412],[-155.967683,19.572372],[-155.967871,19.57246],[-155.967615,19.572636],[-155.967767,19.573824],[-155.967564,19.574366],[-155.967874,19.574398],[-155.968615,19.575508],[-155.968622,19.57638],[-155.968219,19.576584],[-155.968393,19.577044],[-155.968301,19.577198],[-155.968866,19.577891],[-155.968557,19.578011],[-155.967935,19.57865],[-155.967606,19.578588],[-155.967523,19.578984],[-155.966693,19.579989],[-155.966592,19.580548],[-155.968377,19.583161],[-155.968786,19.584106],[-155.969308,19.58453],[-155.969446,19.584895],[-155.970666,19.585591],[-155.971277,19.586564],[-155.971273,19.586904],[-155.971612,19.587573],[-155.97194,19.587781],[-155.971884,19.588678],[-155.97207,19.589106],[-155.971879,19.589445],[-155.971958,19.589929],[-155.971811,19.590373],[-155.971948,19.590802],[-155.97231,19.590912],[-155.972116,19.591519],[-155.971444,19.59186],[-155.971271,19.59262],[-155.971597,19.592812],[-155.971789,19.594515],[-155.972406,19.594826],[-155.973532,19.596138],[-155.974126,19.597944],[-155.974494,19.598499],[-155.975961,19.598851],[-155.976419,19.599379],[-155.976627,19.599919],[-155.976724,19.601042],[-155.976541,19.601492],[-155.9759,19.602208],[-155.975148,19.602275],[-155.975056,19.602574],[-155.97471,19.602639],[-155.974664,19.603432],[-155.975152,19.604205],[-155.975608,19.604485],[-155.975636,19.605018],[-155.9759,19.605292],[-155.97648,19.605441],[-155.976721,19.606192],[-155.977559,19.607189],[-155.97796,19.608149],[-155.978288,19.608413],[-155.978738,19.608452],[-155.979699,19.609934],[-155.980218,19.61014],[-155.980364,19.61047],[-155.980842,19.610872],[-155.980844,19.611187],[-155.981332,19.611807],[-155.981911,19.611489],[-155.98253,19.611559],[-155.982823,19.612341],[-155.982536,19.613036],[-155.982675,19.613989],[-155.983346,19.614453],[-155.984194,19.614781],[-155.984353,19.615246],[-155.985483,19.616333],[-155.986108,19.616599],[-155.986604,19.617159],[-155.98678,19.617567],[-155.986578,19.619073],[-155.986947,19.619814],[-155.987176,19.619887],[-155.987222,19.62071],[-155.986841,19.62105],[-155.986764,19.621647],[-155.986099,19.622977],[-155.986078,19.623856],[-155.986856,19.624619],[-155.987634,19.624924],[-155.988046,19.625765],[-155.988022,19.626112],[-155.988427,19.626589],[-155.988259,19.62793],[-155.988412,19.628397],[-155.989357,19.629198],[-155.989709,19.630042],[-155.990502,19.630811],[-155.990656,19.630786],[-155.991244,19.631527],[-155.990743,19.63288],[-155.990252,19.633104],[-155.990283,19.633498],[-155.9901,19.633823],[-155.990442,19.634673],[-155.991205,19.63559],[-155.991647,19.635827],[-155.992469,19.63572],[-155.993474,19.636585],[-155.993905,19.636765],[-155.994543,19.638224],[-155.994636,19.638811],[-155.995324,19.639826],[-155.996021,19.63993],[-155.996957,19.6397],[-155.996622,19.638779],[-155.996792,19.638421],[-155.997064,19.638574],[-155.996988,19.638886],[-155.997156,19.639142],[-155.99743,19.638535],[-155.997873,19.63822],[-155.998453,19.638493],[-155.99859,19.638081],[-155.998453,19.637896],[-155.997951,19.637985],[-155.997979,19.637806],[-155.999048,19.637387],[-155.999536,19.637436],[-155.999468,19.637144],[-155.999856,19.637364],[-156.00036,19.637082],[-156.00036,19.636952],[-156.000574,19.636912],[-156.000879,19.637137],[-156.001352,19.636929],[-156.001336,19.637207],[-156.001764,19.637412],[-156.001794,19.637644],[-156.002389,19.637749],[-156.002878,19.638049],[-156.00345,19.637904],[-156.003702,19.638346],[-156.004021,19.638259],[-156.004175,19.638566],[-156.004526,19.638558],[-156.004648,19.638913],[-156.005265,19.638685],[-156.005282,19.639105],[-156.006049,19.640153],[-156.006526,19.640282],[-156.006782,19.640524],[-156.007098,19.640485],[-156.007361,19.640855],[-156.008442,19.641363],[-156.008979,19.641912],[-156.009345,19.641992],[-156.00979,19.642832],[-156.010949,19.643179],[-156.011492,19.643622],[-156.012703,19.644018],[-156.012864,19.644218],[-156.014482,19.644928],[-156.015129,19.645436],[-156.015634,19.646317],[-156.015948,19.646436],[-156.016212,19.647171],[-156.016946,19.647431],[-156.017205,19.647096],[-156.017373,19.647221],[-156.017958,19.647114],[-156.01806,19.646945],[-156.019695,19.647339],[-156.021343,19.646658],[-156.022402,19.646502],[-156.024133,19.646649],[-156.024463,19.646942],[-156.025367,19.64691],[-156.025674,19.64715],[-156.026407,19.646958],[-156.02683,19.64715],[-156.027273,19.647699],[-156.02758,19.647715],[-156.027597,19.647997],[-156.028085,19.648077],[-156.027948,19.648619],[-156.028482,19.648627],[-156.028406,19.648861],[-156.028756,19.649167],[-156.029032,19.649046],[-156.029105,19.649353],[-156.028952,19.649458],[-156.029301,19.649531],[-156.029245,19.649683],[-156.029519,19.649733],[-156.029611,19.649983],[-156.02994,19.650159],[-156.030358,19.650764],[-156.030444,19.651216],[-156.030631,19.651216],[-156.030679,19.651709],[-156.031083,19.652007],[-156.030832,19.652192],[-156.030893,19.652306],[-156.031118,19.652338],[-156.031137,19.652573],[-156.031457,19.652758],[-156.031348,19.653064],[-156.031587,19.653217],[-156.031561,19.653361],[-156.031212,19.653395],[-156.03103,19.654105],[-156.031724,19.654121],[-156.031762,19.654403],[-156.031503,19.654402],[-156.03135,19.654597],[-156.0317,19.655703],[-156.032262,19.655622],[-156.032977,19.655888],[-156.033165,19.656105],[-156.032419,19.65622],[-156.032571,19.65697],[-156.032808,19.657155],[-156.032358,19.658373],[-156.031991,19.658421],[-156.032098,19.658551],[-156.031788,19.658697],[-156.031366,19.658738],[-156.031575,19.658963],[-156.031422,19.659294],[-156.031717,19.659607],[-156.03161,19.659988],[-156.031091,19.660359],[-156.031289,19.660454],[-156.030969,19.661498],[-156.031,19.661927],[-156.031213,19.662129],[-156.031025,19.662248],[-156.030999,19.662474],[-156.031195,19.662546],[-156.031008,19.662958],[-156.031257,19.664459],[-156.031,19.664734],[-156.031137,19.665007],[-156.030934,19.665129],[-156.031206,19.665234],[-156.030756,19.666089],[-156.030359,19.666348],[-156.030109,19.666759],[-156.028269,19.667477],[-156.028074,19.667091],[-156.02764,19.667253],[-156.027688,19.667714],[-156.027307,19.668166],[-156.027148,19.669109],[-156.026681,19.669295],[-156.026529,19.668148],[-156.02541,19.668262],[-156.025623,19.668859],[-156.024857,19.669011],[-156.024678,19.668343],[-156.023701,19.668569],[-156.021661,19.668278],[-156.02134,19.668538],[-156.021203,19.669217],[-156.023813,19.669587],[-156.02604,19.66928],[-156.026416,19.669957],[-156.027227,19.669548],[-156.027337,19.669747],[-156.027916,19.669973],[-156.0281,19.670271],[-156.027762,19.670618],[-156.027763,19.671037],[-156.027505,19.671267],[-156.027507,19.670941],[-156.026941,19.670691],[-156.026511,19.670965],[-156.02652,19.671361],[-156.026864,19.671509],[-156.02604,19.671483],[-156.025941,19.672216],[-156.026018,19.672596],[-156.026359,19.673047],[-156.026574,19.673983],[-156.026711,19.675767],[-156.027032,19.676365],[-156.027566,19.67688],[-156.028269,19.676944],[-156.02926,19.677857],[-156.02955,19.677929],[-156.029898,19.677751],[-156.030008,19.678032],[-156.030341,19.678243],[-156.030597,19.679082],[-156.030853,19.679316],[-156.032358,19.679993],[-156.032556,19.68022],[-156.032571,19.68071],[-156.033349,19.681672],[-156.033513,19.682107],[-156.034036,19.682398],[-156.034195,19.682769],[-156.034768,19.683156],[-156.034808,19.683486],[-156.0337,19.685214],[-156.033761,19.68573],[-156.033449,19.686772],[-156.033509,19.687111],[-156.034143,19.687706],[-156.035501,19.687981],[-156.035375,19.688328],[-156.035512,19.688812],[-156.036371,19.68937],[-156.036475,19.689885],[-156.036978,19.690151],[-156.037423,19.690951],[-156.037713,19.691128],[-156.038316,19.691184],[-156.038492,19.691143],[-156.038631,19.690829],[-156.039373,19.690757],[-156.039875,19.691603],[-156.040089,19.691605],[-156.040567,19.692151],[-156.044074,19.692093],[-156.044397,19.692811],[-156.044791,19.692779],[-156.044931,19.69315],[-156.045221,19.69311],[-156.045353,19.69348],[-156.04516,19.694369],[-156.045389,19.695797],[-156.045984,19.696118],[-156.046379,19.696829],[-156.046701,19.697958],[-156.047174,19.698298],[-156.047718,19.699266],[-156.048227,19.699717],[-156.048784,19.699798],[-156.049261,19.700435],[-156.049081,19.700507],[-156.049081,19.700911],[-156.048883,19.701111],[-156.048862,19.701347],[-156.049092,19.701621],[-156.04873,19.7023],[-156.04871,19.702824],[-156.048881,19.703026],[-156.048807,19.703785],[-156.048486,19.704108],[-156.048562,19.705092],[-156.048196,19.706803],[-156.048484,19.707045],[-156.048528,19.707973],[-156.048698,19.708199],[-156.048562,19.708449],[-156.048682,19.709127],[-156.049074,19.709466],[-156.049015,19.709821],[-156.049264,19.710185],[-156.049203,19.710669],[-156.049524,19.710892],[-156.049417,19.711749],[-156.049737,19.712071],[-156.049367,19.71229],[-156.049264,19.712798],[-156.049915,19.715526],[-156.050241,19.716025],[-156.050516,19.716099],[-156.05079,19.71589],[-156.051248,19.716752],[-156.051248,19.717204],[-156.051655,19.717664],[-156.05195,19.71768],[-156.053121,19.718534],[-156.053185,19.718375],[-156.053506,19.718503],[-156.053766,19.71905],[-156.054067,19.719075],[-156.054085,19.719349],[-156.054574,19.719832],[-156.054915,19.719838],[-156.056222,19.720793],[-156.056665,19.720873],[-156.056601,19.721506],[-156.056878,19.721898],[-156.057367,19.721962],[-156.057794,19.722382],[-156.057931,19.723301],[-156.059406,19.724987],[-156.059944,19.725802],[-156.060234,19.72669],[-156.061594,19.727052]]]]}},{"type":"Feature","id":"HIZ026","properties":{"id":"HIZ026","name":"Kohala","island":"BigIsland"},"geometry":{"type":"Polygon","coordinates":[[[-155.8506,20.268135],[-155.851642,20.254215],[-155.851972,20.240259],[-155.85164,20.227299],[-155.850599,20.213407],[-155.848852,20.199587],[-155.846402,20.185874],[-155.843603,20.173653],[-155.839839,20.16024],[-155.835396,20.147037],[-155.830287,20.134078],[-155.824524,20.121396],[-155.81879,20.110246],[-155.811828,20.09818],[-155.80426,20.086485],[-155.796105,20.075191],[-155.788283,20.065393],[-155.783746,20.060108],[-155.778125,20.053921],[-155.769327,20.045271],[-155.737436,20.016171],[-155.702722,19.991869],[-155.666635,19.96757],[-155.620233,19.94327],[-155.591729,19.930871],[-155.566125,19.918372],[-155.553628,19.912072],[-155.55016,19.910644],[-155.550081,19.908528],[-155.551392,19.907897],[-155.552182,19.908124],[-155.552736,19.907277],[-155.55525,19.906723],[-155.555494,19.905886],[-155.556051,19.905807],[-155.556237,19.904619],[-155.560596,19.90112],[-155.561648,19.900868],[-155.562511,19.900403],[-155.563214,19.898816],[-155.563118,19.898078],[-155.564438,19.896983],[-155.566062,19.897202],[-155.566155,19.894806],[-155.567622,19.894593],[-155.569196,19.893788],[-155.570563,19.894215],[-155.571174,19.893285],[-155.571925,19.892974],[-155.572349,19.893173],[-155.572515,19.892168],[-155.577089,19.892045],[-155.578463,19.891272],[-155.579268,19.888567],[-155.580461,19.888371],[-155.581256,19.889384],[-155.581852,19.887805],[-155.584931,19.887096],[-155.585597,19.887155],[-155.58652,19.888634],[-155.588672,19.888519],[-155.588981,19.886646],[-155.590035,19.884864],[-155.591282,19.884545],[-155.591853,19.885109],[-155.593836,19.884786],[-155.594769,19.885988],[-155.594868,19.883483],[-155.596059,19.883312],[-155.599001,19.881701],[-155.600675,19.881418],[-155.600664,19.880314],[-155.601608,19.879952],[-155.603117,19.881235],[-155.605101,19.880716],[-155.605397,19.881728],[-155.60768,19.880543],[-155.608233,19.881487],[-155.609449,19.879285],[-155.610956,19.87942],[-155.610977,19.878032],[-155.612204,19.87866],[-155.612976,19.878263],[-155.613331,19.876945],[-155.614583,19.876789],[-155.616431,19.875064],[-155.61689,19.874135],[-155.619556,19.873629],[-155.619804,19.872769],[-155.622989,19.870631],[-155.624157,19.869546],[-155.625846,19.866444],[-155.630347,19.864302],[-155.631247,19.862331],[-155.637527,19.856918],[-155.638216,19.855721],[-155.63868,19.85363],[-155.640477,19.849843],[-155.64119,19.845706],[-155.641089,19.844531],[-155.640702,19.843691],[-155.64164,19.842149],[-155.642374,19.841266],[-155.643424,19.838889],[-155.643955,19.838444],[-155.645246,19.83784],[-155.645668,19.837091],[-155.645203,19.835813],[-155.644696,19.835301],[-155.645477,19.833036],[-155.646681,19.831919],[-155.646806,19.830063],[-155.647516,19.829335],[-155.647277,19.826958],[-155.647386,19.825516],[-155.648866,19.824587],[-155.649537,19.823498],[-155.647133,19.823255],[-155.648316,19.821739],[-155.646379,19.818727],[-155.645813,19.817472],[-155.646153,19.815741],[-155.645375,19.814773],[-155.646691,19.812812],[-155.645136,19.811893],[-155.645745,19.810719],[-155.645405,19.809701],[-155.646423,19.808775],[-155.643083,19.805884],[-155.642863,19.803114],[-155.644209,19.80387],[-155.64535,19.803814],[-155.643537,19.801709],[-155.643016,19.799623],[-155.643878,19.799235],[-155.644538,19.799381],[-155.645463,19.797864],[-155.64502,19.794156],[-155.64529,19.79325],[-155.646605,19.791423],[-155.647349,19.79165],[-155.649615,19.788402],[-155.64947,19.787331],[-155.648342,19.786998],[-155.648478,19.782152],[-155.650109,19.781665],[-155.649476,19.7806],[-155.648473,19.779477],[-155.649262,19.778759],[-155.648722,19.777395],[-155.648878,19.776692],[-155.649728,19.77707],[-155.650429,19.776027],[-155.651792,19.775262],[-155.651661,19.774453],[-155.650491,19.773591],[-155.650499,19.772058],[-155.651281,19.77119],[-155.653548,19.770941],[-155.652299,19.769961],[-155.65332,19.769446],[-155.652871,19.768762],[-155.654323,19.766443],[-155.656795,19.761868],[-155.657926,19.762114],[-155.659238,19.761696],[-155.660051,19.760564],[-155.659225,19.759856],[-155.658919,19.75882],[-155.659448,19.758036],[-155.657175,19.757133],[-155.65761,19.756396],[-155.655793,19.756],[-155.659064,19.753423],[-155.659433,19.75136],[-155.660106,19.750315],[-155.663081,19.748172],[-155.663935,19.748369],[-155.665312,19.747483],[-155.665209,19.746723],[-155.666558,19.745336],[-155.667349,19.74581],[-155.669853,19.744557],[-155.669621,19.74315],[-155.668418,19.743025],[-155.665835,19.738453],[-155.66456,19.737212],[-155.666092,19.737469],[-155.666528,19.736192],[-155.667498,19.736408],[-155.667315,19.735459],[-155.665747,19.734888],[-155.667213,19.733955],[-155.671189,19.732643],[-155.674986,19.729425],[-155.676444,19.729112],[-155.677711,19.726493],[-155.678874,19.725428],[-155.678887,19.724622],[-155.678133,19.724107],[-155.680248,19.723383],[-155.682842,19.722029],[-155.683012,19.721279],[-155.68429,19.720544],[-155.684878,19.718591],[-155.691586,19.713706],[-155.692636,19.713666],[-155.693263,19.712654],[-155.693382,19.711393],[-155.694838,19.709851],[-155.694461,19.708668],[-155.694692,19.707446],[-155.696537,19.704621],[-155.696115,19.702418],[-155.696441,19.701765],[-155.698368,19.701269],[-155.699449,19.700765],[-155.701277,19.69631],[-155.701276,19.695117],[-155.702784,19.694446],[-155.704104,19.694171],[-155.706859,19.692366],[-155.708576,19.693331],[-155.709387,19.693123],[-155.711222,19.694019],[-155.71254,19.69414],[-155.713308,19.693863],[-155.713646,19.694555],[-155.715956,19.694875],[-155.717009,19.694656],[-155.71891,19.693238],[-155.719683,19.69179],[-155.719629,19.690908],[-155.720142,19.690542],[-155.721177,19.691199],[-155.722183,19.690846],[-155.727704,19.687022],[-155.727961,19.685674],[-155.727791,19.685128],[-155.728547,19.684695],[-155.72931,19.684859],[-155.730525,19.684333],[-155.730903,19.683019],[-155.731965,19.683265],[-155.732667,19.682852],[-155.733278,19.681862],[-155.734891,19.681038],[-155.736913,19.681185],[-155.738617,19.679414],[-155.740338,19.679309],[-155.741326,19.679512],[-155.742214,19.679366],[-155.742782,19.678377],[-155.742974,19.680079],[-155.744238,19.679885],[-155.745042,19.679401],[-155.745838,19.679344],[-155.746668,19.678228],[-155.748468,19.677331],[-155.749536,19.676227],[-155.750505,19.676154],[-155.751703,19.675465],[-155.752341,19.676378],[-155.752822,19.676647],[-155.755126,19.676761],[-155.755749,19.677319],[-155.755621,19.678435],[-155.756508,19.677804],[-155.757198,19.677012],[-155.759248,19.676806],[-155.760353,19.676502],[-155.761978,19.677068],[-155.763027,19.67629],[-155.76461,19.67635],[-155.765792,19.678461],[-155.766439,19.67924],[-155.766894,19.677352],[-155.767395,19.676952],[-155.768036,19.677448],[-155.768499,19.678913],[-155.769521,19.679369],[-155.769859,19.678296],[-155.769799,19.677067],[-155.771504,19.676387],[-155.772553,19.676324],[-155.774463,19.678301],[-155.776493,19.679439],[-155.777492,19.68161],[-155.780206,19.682797],[-155.781476,19.684506],[-155.781605,19.687426],[-155.782321,19.688206],[-155.785236,19.690179],[-155.78538,19.691158],[-155.786067,19.692151],[-155.786627,19.692324],[-155.786819,19.693235],[-155.787254,19.693878],[-155.788105,19.694077],[-155.789778,19.696585],[-155.790863,19.696788],[-155.793261,19.698145],[-155.793281,19.698924],[-155.794081,19.700585],[-155.795752,19.701632],[-155.796725,19.703313],[-155.797607,19.704015],[-155.798191,19.704811],[-155.798901,19.705004],[-155.799222,19.705691],[-155.803584,19.70679],[-155.808496,19.709149],[-155.809742,19.709249],[-155.811418,19.710666],[-155.813121,19.710753],[-155.814155,19.712135],[-155.815147,19.711457],[-155.816292,19.710927],[-155.816864,19.711169],[-155.818267,19.711353],[-155.822326,19.713352],[-155.823002,19.712934],[-155.824455,19.713548],[-155.825833,19.713177],[-155.828122,19.714288],[-155.830253,19.716322],[-155.83316,19.71748],[-155.834519,19.718635],[-155.836985,19.718392],[-155.838318,19.718623],[-155.840426,19.718649],[-155.842373,19.720009],[-155.844646,19.720257],[-155.845246,19.720721],[-155.846729,19.721162],[-155.848347,19.721347],[-155.851281,19.722234],[-155.853037,19.722109],[-155.859349,19.724735],[-155.861636,19.725439],[-155.863222,19.72569],[-155.865055,19.726392],[-155.866725,19.726556],[-155.879075,19.726237],[-155.884278,19.727157],[-155.884969,19.72707],[-155.886289,19.72782],[-155.889051,19.728168],[-155.890947,19.727926],[-155.891786,19.728057],[-155.892938,19.727573],[-155.893344,19.726794],[-155.895849,19.726845],[-155.897434,19.726563],[-155.898106,19.726099],[-155.900161,19.726262],[-155.903133,19.725765],[-155.904752,19.724908],[-155.908624,19.724681],[-155.911017,19.724063],[-155.911689,19.724105],[-155.912297,19.723729],[-155.914577,19.72414],[-155.916781,19.723524],[-155.922088,19.719804],[-155.92314,19.717882],[-155.92266,19.716533],[-156.061594,19.727052],[-156.061792,19.727625],[-156.061441,19.728474],[-156.060922,19.729044],[-156.060922,19.729838],[-156.060494,19.73016],[-156.060357,19.730525],[-156.059656,19.731112],[-156.059046,19.731289],[-156.059045,19.73108],[-156.058322,19.731396],[-156.058144,19.731799],[-156.057916,19.731895],[-156.057786,19.731719],[-156.057428,19.731831],[-156.057123,19.731711],[-156.056665,19.731898],[-156.056009,19.733035],[-156.054635,19.734133],[-156.054313,19.734755],[-156.053933,19.73494],[-156.053384,19.735577],[-156.053262,19.736353],[-156.053532,19.737265],[-156.05465,19.739395],[-156.054452,19.739956],[-156.05465,19.740356],[-156.054507,19.740557],[-156.054525,19.741606],[-156.054086,19.74281],[-156.055002,19.744614],[-156.055245,19.746488],[-156.054768,19.747747],[-156.053064,19.748578],[-156.052936,19.748926],[-156.052743,19.748915],[-156.052591,19.749231],[-156.052373,19.74925],[-156.051034,19.750237],[-156.050485,19.752142],[-156.049737,19.753695],[-156.049783,19.755335],[-156.049994,19.755937],[-156.049463,19.756793],[-156.049689,19.757556],[-156.0496,19.757752],[-156.049783,19.758017],[-156.049402,19.759362],[-156.049997,19.760434],[-156.049933,19.760581],[-156.05022,19.760997],[-156.050835,19.761231],[-156.050727,19.761378],[-156.050988,19.761795],[-156.050957,19.76198],[-156.050683,19.76187],[-156.050088,19.762621],[-156.050158,19.762953],[-156.049753,19.76364],[-156.049889,19.763659],[-156.050043,19.764254],[-156.049659,19.76409],[-156.049356,19.764319],[-156.048898,19.765175],[-156.048891,19.765457],[-156.049005,19.765915],[-156.049417,19.766072],[-156.049319,19.766211],[-156.049474,19.766346],[-156.049524,19.766871],[-156.049753,19.766972],[-156.049719,19.767287],[-156.049074,19.767829],[-156.049386,19.768319],[-156.04943,19.76885],[-156.049905,19.769312],[-156.049383,19.770151],[-156.049569,19.770358],[-156.049585,19.770689],[-156.049783,19.77077],[-156.049687,19.771116],[-156.050008,19.771539],[-156.05019,19.772264],[-156.050448,19.772494],[-156.049188,19.773383],[-156.048259,19.773606],[-156.047494,19.774085],[-156.04694,19.775538],[-156.047235,19.77644],[-156.047275,19.777327],[-156.046777,19.777283],[-156.046014,19.777844],[-156.045983,19.778863],[-156.045846,19.779057],[-156.045121,19.779116],[-156.04461,19.779376],[-156.044302,19.779919],[-156.043619,19.780171],[-156.043083,19.780662],[-156.042993,19.78093],[-156.042275,19.781414],[-156.041253,19.781542],[-156.040392,19.7822],[-156.040185,19.782202],[-156.040078,19.781577],[-156.038965,19.781153],[-156.038324,19.781163],[-156.037591,19.782198],[-156.037118,19.782496],[-156.036992,19.783095],[-156.037561,19.784298],[-156.037493,19.784647],[-156.037941,19.785077],[-156.037903,19.785344],[-156.038871,19.786437],[-156.039127,19.787015],[-156.038549,19.788016],[-156.037696,19.788294],[-156.036157,19.788445],[-156.034005,19.790614],[-156.033505,19.790661],[-156.033092,19.790327],[-156.031723,19.790168],[-156.030232,19.790406],[-156.029899,19.790782],[-156.029407,19.790837],[-156.029107,19.791197],[-156.028665,19.791373],[-156.028116,19.792437],[-156.026651,19.792667],[-156.026391,19.793002],[-156.026341,19.794529],[-156.026067,19.795429],[-156.024637,19.795931],[-156.023218,19.795918],[-156.022898,19.796376],[-156.022701,19.796298],[-156.022485,19.795744],[-156.021936,19.79588],[-156.021139,19.796852],[-156.020956,19.797589],[-156.020681,19.797909],[-156.020646,19.79836],[-156.018944,19.799215],[-156.018635,19.800099],[-156.017801,19.800522],[-156.017556,19.801632],[-156.017116,19.801711],[-156.016519,19.801388],[-156.016041,19.801386],[-156.015207,19.80189],[-156.014871,19.80262],[-156.01413,19.802986],[-156.014154,19.80348],[-156.013894,19.803572],[-156.014105,19.804053],[-156.013925,19.804491],[-156.014169,19.80461],[-156.014062,19.804909],[-156.014274,19.805116],[-156.014023,19.805346],[-156.014011,19.805612],[-156.013816,19.805655],[-156.013829,19.805946],[-156.013193,19.806851],[-156.011773,19.807118],[-156.011584,19.807341],[-156.011239,19.807314],[-156.0109,19.807616],[-156.010248,19.80765],[-156.010095,19.807868],[-156.009332,19.808114],[-156.009088,19.808603],[-156.008813,19.808783],[-156.008661,19.809496],[-156.007758,19.809701],[-156.007314,19.810071],[-156.007043,19.810721],[-156.007318,19.812483],[-156.007104,19.812554],[-156.006769,19.813607],[-156.006319,19.81375],[-156.005853,19.814419],[-156.004313,19.814543],[-156.002877,19.814087],[-156.002646,19.814509],[-156.002201,19.814314],[-156.001455,19.814922],[-156.001435,19.81585],[-156.001718,19.81613],[-156.001559,19.816681],[-156.001897,19.818219],[-156.001545,19.818698],[-156.001457,19.819338],[-156.001275,19.819342],[-155.998888,19.821833],[-155.998067,19.822933],[-155.998102,19.82318],[-155.99769,19.82392],[-155.997977,19.824287],[-155.99801,19.825385],[-155.997854,19.825692],[-155.997644,19.825665],[-155.996423,19.826468],[-155.995782,19.82671],[-155.994508,19.82806],[-155.992421,19.829283],[-155.988517,19.830998],[-155.986963,19.831019],[-155.986429,19.831412],[-155.986242,19.832272],[-155.986703,19.833558],[-155.986719,19.834332],[-155.987115,19.834603],[-155.987009,19.835037],[-155.986291,19.834752],[-155.985818,19.835232],[-155.984414,19.836092],[-155.98417,19.836491],[-155.982644,19.837164],[-155.982285,19.837485],[-155.982477,19.83787],[-155.982385,19.837984],[-155.982126,19.837849],[-155.981241,19.838732],[-155.981433,19.839329],[-155.981012,19.840062],[-155.981103,19.840512],[-155.980371,19.842129],[-155.980249,19.842509],[-155.980356,19.842759],[-155.979776,19.842888],[-155.979806,19.843131],[-155.979521,19.843221],[-155.979534,19.843029],[-155.979196,19.843049],[-155.978021,19.843628],[-155.977375,19.844648],[-155.977163,19.844756],[-155.977288,19.845158],[-155.9768,19.84511],[-155.976814,19.845333],[-155.976489,19.845257],[-155.975548,19.845682],[-155.974857,19.846781],[-155.974222,19.846976],[-155.974368,19.847183],[-155.973376,19.847535],[-155.972482,19.848313],[-155.971597,19.848464],[-155.971764,19.848695],[-155.971322,19.848523],[-155.970973,19.848707],[-155.970514,19.848671],[-155.970346,19.849068],[-155.969583,19.849297],[-155.969256,19.849156],[-155.968008,19.849552],[-155.967809,19.849902],[-155.965747,19.851189],[-155.963458,19.851502],[-155.963205,19.851796],[-155.962243,19.852042],[-155.961291,19.851974],[-155.960992,19.852229],[-155.959723,19.85256],[-155.959451,19.852498],[-155.958536,19.852915],[-155.957513,19.852814],[-155.957392,19.852962],[-155.957208,19.852698],[-155.956151,19.852526],[-155.955147,19.852087],[-155.954873,19.852244],[-155.952199,19.852222],[-155.95173,19.852849],[-155.95101,19.852553],[-155.950734,19.852772],[-155.950466,19.852657],[-155.949518,19.852822],[-155.949426,19.853096],[-155.949049,19.853103],[-155.948095,19.852567],[-155.946863,19.853545],[-155.946847,19.853882],[-155.946681,19.853892],[-155.946603,19.853644],[-155.946093,19.853279],[-155.945615,19.853253],[-155.945382,19.852538],[-155.944002,19.851861],[-155.943475,19.851037],[-155.942727,19.8503],[-155.941842,19.849967],[-155.940851,19.84997],[-155.940184,19.850142],[-155.939251,19.849974],[-155.938842,19.849271],[-155.937741,19.849164],[-155.935366,19.850026],[-155.934894,19.850444],[-155.931047,19.852117],[-155.929004,19.852265],[-155.926263,19.854474],[-155.923882,19.855858],[-155.923272,19.855786],[-155.922498,19.855232],[-155.921577,19.855195],[-155.920552,19.856533],[-155.92077,19.858412],[-155.921228,19.859108],[-155.921833,19.859545],[-155.922202,19.860275],[-155.922296,19.859782],[-155.921579,19.85862],[-155.921411,19.858008],[-155.921426,19.857613],[-155.921973,19.857363],[-155.922655,19.859171],[-155.922601,19.860674],[-155.922952,19.86265],[-155.923349,19.863966],[-155.924309,19.865304],[-155.924368,19.86708],[-155.923913,19.869387],[-155.922855,19.87104],[-155.92292,19.871859],[-155.922232,19.872689],[-155.921441,19.873328],[-155.919671,19.874234],[-155.91869,19.875138],[-155.91811,19.874942],[-155.917181,19.874911],[-155.915872,19.875498],[-155.915414,19.875874],[-155.915216,19.876471],[-155.915504,19.878358],[-155.91501,19.879242],[-155.913873,19.880064],[-155.912774,19.881751],[-155.912683,19.88263],[-155.913092,19.883985],[-155.912103,19.884945],[-155.911661,19.884976],[-155.910773,19.885743],[-155.909756,19.885897],[-155.908502,19.885525],[-155.907872,19.886005],[-155.907093,19.887249],[-155.906198,19.888056],[-155.905511,19.889382],[-155.905641,19.890303],[-155.906381,19.891921],[-155.906274,19.892533],[-155.905796,19.892972],[-155.905138,19.893097],[-155.904779,19.893418],[-155.904886,19.893933],[-155.906106,19.894965],[-155.906595,19.895583],[-155.907093,19.895747],[-155.907251,19.896096],[-155.907079,19.896271],[-155.90737,19.897168],[-155.906525,19.89725],[-155.906366,19.89699],[-155.906076,19.897047],[-155.906209,19.897313],[-155.904992,19.898032],[-155.904825,19.898417],[-155.904977,19.898755],[-155.904655,19.899599],[-155.903905,19.899369],[-155.903667,19.89964],[-155.90328,19.89959],[-155.901361,19.900383],[-155.901208,19.900876],[-155.901391,19.901293],[-155.902185,19.902073],[-155.902215,19.90234],[-155.901964,19.902653],[-155.901956,19.903071],[-155.90159,19.903134],[-155.9013,19.904084],[-155.901658,19.904424],[-155.901742,19.905158],[-155.901376,19.905753],[-155.900689,19.905837],[-155.900613,19.906167],[-155.900766,19.906506],[-155.900489,19.906649],[-155.900537,19.906941],[-155.900216,19.907629],[-155.899175,19.909309],[-155.898696,19.909385],[-155.898095,19.909163],[-155.89689,19.90934],[-155.895237,19.910007],[-155.895073,19.910215],[-155.895485,19.910887],[-155.895216,19.911037],[-155.894281,19.910861],[-155.893182,19.91088],[-155.892099,19.911524],[-155.890756,19.911829],[-155.890558,19.912337],[-155.890113,19.912542],[-155.890191,19.912747],[-155.890078,19.912839],[-155.888757,19.913193],[-155.887672,19.914629],[-155.887561,19.915564],[-155.888051,19.916978],[-155.890373,19.917744],[-155.891529,19.919994],[-155.891244,19.920346],[-155.891061,19.9217],[-155.891473,19.921809],[-155.891473,19.922032],[-155.891198,19.92212],[-155.891133,19.922305],[-155.891504,19.922429],[-155.891443,19.922814],[-155.8919,19.923785],[-155.891816,19.924084],[-155.891362,19.924298],[-155.891168,19.924967],[-155.890367,19.925831],[-155.889718,19.926035],[-155.888634,19.926037],[-155.888788,19.926481],[-155.888513,19.926398],[-155.888192,19.926595],[-155.88807,19.926291],[-155.887109,19.926373],[-155.887269,19.926043],[-155.886908,19.926387],[-155.886879,19.926701],[-155.887934,19.926694],[-155.888939,19.927143],[-155.889093,19.927598],[-155.889455,19.927727],[-155.889642,19.927996],[-155.889703,19.928212],[-155.889413,19.928469],[-155.889962,19.929021],[-155.889566,19.929219],[-155.889259,19.9297],[-155.888655,19.929318],[-155.888606,19.929612],[-155.888452,19.929471],[-155.888482,19.929793],[-155.888233,19.929799],[-155.888177,19.930418],[-155.887887,19.930562],[-155.887887,19.931143],[-155.888147,19.931233],[-155.887384,19.931963],[-155.887365,19.932316],[-155.886575,19.932793],[-155.886072,19.932888],[-155.885947,19.932572],[-155.885593,19.932997],[-155.885014,19.932961],[-155.884897,19.933121],[-155.885034,19.933832],[-155.884087,19.933769],[-155.883478,19.933522],[-155.882797,19.933784],[-155.882829,19.934104],[-155.881936,19.93418],[-155.88157,19.934123],[-155.881533,19.93396],[-155.881233,19.934232],[-155.880761,19.933663],[-155.87972,19.933504],[-155.879539,19.93376],[-155.879022,19.933829],[-155.878564,19.933558],[-155.877893,19.934041],[-155.877588,19.934504],[-155.877588,19.935231],[-155.877433,19.935447],[-155.87743,19.935817],[-155.877817,19.936507],[-155.877633,19.936932],[-155.877755,19.937447],[-155.877481,19.937527],[-155.877542,19.938826],[-155.877006,19.939209],[-155.876943,19.939628],[-155.878531,19.940389],[-155.878808,19.940764],[-155.878849,19.941028],[-155.87842,19.941299],[-155.878716,19.941543],[-155.878101,19.941684],[-155.878152,19.94211],[-155.877542,19.941752],[-155.877399,19.941953],[-155.878058,19.942658],[-155.877836,19.942674],[-155.877252,19.942202],[-155.877321,19.942952],[-155.877587,19.943107],[-155.877069,19.943182],[-155.876855,19.942626],[-155.876377,19.942639],[-155.875726,19.942902],[-155.875156,19.943719],[-155.874163,19.944063],[-155.874124,19.943711],[-155.873727,19.943587],[-155.873533,19.943847],[-155.873427,19.943456],[-155.872918,19.943106],[-155.872995,19.942494],[-155.872247,19.942299],[-155.871438,19.942894],[-155.87037,19.943165],[-155.869557,19.943682],[-155.870111,19.944062],[-155.870148,19.944464],[-155.869897,19.944642],[-155.869806,19.945063],[-155.869226,19.945204],[-155.868959,19.945029],[-155.868081,19.94574],[-155.868564,19.946539],[-155.868413,19.947024],[-155.867166,19.947812],[-155.866766,19.94846],[-155.866138,19.948883],[-155.864859,19.950544],[-155.864705,19.950488],[-155.863855,19.951484],[-155.862698,19.951294],[-155.861881,19.951467],[-155.861619,19.951928],[-155.861688,19.952713],[-155.862268,19.952808],[-155.862246,19.953244],[-155.861764,19.953707],[-155.861732,19.954131],[-155.861893,19.954434],[-155.861699,19.954847],[-155.861503,19.954888],[-155.861627,19.955178],[-155.861123,19.955609],[-155.860919,19.955609],[-155.860788,19.956046],[-155.860208,19.956315],[-155.860177,19.956542],[-155.859867,19.956663],[-155.860025,19.956801],[-155.859444,19.957368],[-155.859308,19.95724],[-155.858682,19.957621],[-155.858651,19.95912],[-155.858891,19.959569],[-155.858484,19.960669],[-155.857934,19.960768],[-155.857399,19.961368],[-155.857137,19.961959],[-155.856389,19.962358],[-155.856119,19.962828],[-155.85624,19.963442],[-155.854773,19.965063],[-155.854647,19.965476],[-155.854455,19.96551],[-155.854267,19.965862],[-155.854024,19.965747],[-155.853015,19.966265],[-155.852792,19.966839],[-155.852487,19.966734],[-155.851129,19.967717],[-155.849714,19.968175],[-155.848001,19.968285],[-155.847406,19.967986],[-155.846243,19.968371],[-155.843667,19.969688],[-155.843271,19.970594],[-155.842264,19.971495],[-155.842414,19.97164],[-155.842295,19.971738],[-155.841791,19.971673],[-155.839214,19.973323],[-155.838843,19.973284],[-155.83814,19.97381],[-155.837457,19.97357],[-155.837686,19.973149],[-155.837625,19.972817],[-155.836404,19.97266],[-155.836122,19.972386],[-155.835702,19.972516],[-155.835,19.972455],[-155.834603,19.972878],[-155.834207,19.972683],[-155.83402,19.972796],[-155.833988,19.973298],[-155.833367,19.973453],[-155.833322,19.973105],[-155.832742,19.972937],[-155.832539,19.973164],[-155.832498,19.973773],[-155.831552,19.974064],[-155.831415,19.975577],[-155.831933,19.976635],[-155.832254,19.976708],[-155.832598,19.977336],[-155.832294,19.977732],[-155.832011,19.977709],[-155.83172,19.977395],[-155.83127,19.977558],[-155.831109,19.978158],[-155.831521,19.978771],[-155.831337,19.979311],[-155.830346,19.978743],[-155.829584,19.979302],[-155.829233,19.980135],[-155.829202,19.981131],[-155.828683,19.982117],[-155.828998,19.982602],[-155.828973,19.983021],[-155.829427,19.983353],[-155.830148,19.984547],[-155.831246,19.984448],[-155.831415,19.984705],[-155.831085,19.984844],[-155.831399,19.985264],[-155.830724,19.98622],[-155.830674,19.986584],[-155.830133,19.987145],[-155.830225,19.988038],[-155.829431,19.987896],[-155.829215,19.988035],[-155.829063,19.988537],[-155.828254,19.988402],[-155.827813,19.989405],[-155.827157,19.989844],[-155.827213,19.990232],[-155.826837,19.990597],[-155.826394,19.9924],[-155.826301,19.994698],[-155.826745,19.99548],[-155.827239,19.995222],[-155.827646,19.995486],[-155.827354,19.995972],[-155.827628,19.996157],[-155.827615,19.996634],[-155.828208,19.996969],[-155.828058,19.997302],[-155.828362,19.997441],[-155.828225,19.997555],[-155.828496,19.997736],[-155.827966,19.997921],[-155.827722,19.998562],[-155.828363,19.999733],[-155.827752,20.000857],[-155.827798,20.001217],[-155.827625,20.001477],[-155.827717,20.001822],[-155.827201,20.002418],[-155.827276,20.002811],[-155.826296,20.002748],[-155.825525,20.003146],[-155.825311,20.003546],[-155.825157,20.004602],[-155.825333,20.005718],[-155.825888,20.006175],[-155.826944,20.006558],[-155.826864,20.006938],[-155.827218,20.007472],[-155.827247,20.007776],[-155.826791,20.008532],[-155.826693,20.009017],[-155.826257,20.009112],[-155.826103,20.009759],[-155.825519,20.009939],[-155.825387,20.010272],[-155.825369,20.010537],[-155.825967,20.01089],[-155.826166,20.011279],[-155.82569,20.012076],[-155.825357,20.012116],[-155.825366,20.012565],[-155.825158,20.01265],[-155.825257,20.013098],[-155.825718,20.013541],[-155.825219,20.013863],[-155.825444,20.014334],[-155.825845,20.014506],[-155.825677,20.015392],[-155.825433,20.015501],[-155.825555,20.015755],[-155.825069,20.015959],[-155.823816,20.015946],[-155.823643,20.016707],[-155.8238,20.016953],[-155.823159,20.017649],[-155.823099,20.018681],[-155.823556,20.019099],[-155.823706,20.019474],[-155.82348,20.020194],[-155.823445,20.021338],[-155.822895,20.021959],[-155.822992,20.022536],[-155.822732,20.023016],[-155.823297,20.023842],[-155.823373,20.02426],[-155.823854,20.024791],[-155.823795,20.025677],[-155.823991,20.026116],[-155.823541,20.027718],[-155.823599,20.028674],[-155.825102,20.027609],[-155.825933,20.027377],[-155.829385,20.029007],[-155.834085,20.034491],[-155.834276,20.034875],[-155.834324,20.037328],[-155.834177,20.037177],[-155.833963,20.034535],[-155.831052,20.031255],[-155.830652,20.031205],[-155.830364,20.031506],[-155.829965,20.031298],[-155.829642,20.031473],[-155.829584,20.032101],[-155.827661,20.032343],[-155.827054,20.032852],[-155.82644,20.032059],[-155.825662,20.032048],[-155.825612,20.032283],[-155.82833,20.035302],[-155.828502,20.035205],[-155.829705,20.036356],[-155.829568,20.03648],[-155.830038,20.037219],[-155.829675,20.037549],[-155.829797,20.037652],[-155.830281,20.037337],[-155.831439,20.03787],[-155.831945,20.038473],[-155.831689,20.038538],[-155.831445,20.039029],[-155.832025,20.039494],[-155.832437,20.038924],[-155.832208,20.038535],[-155.83233,20.038539],[-155.832605,20.03887],[-155.832391,20.039769],[-155.833595,20.041341],[-155.835043,20.042193],[-155.835809,20.04325],[-155.836953,20.044106],[-155.836765,20.04481],[-155.837121,20.044895],[-155.837619,20.045358],[-155.838983,20.047919],[-155.838627,20.048913],[-155.839349,20.050059],[-155.840365,20.050612],[-155.841089,20.050568],[-155.841668,20.051129],[-155.842386,20.051381],[-155.842555,20.051293],[-155.843164,20.052117],[-155.843606,20.052116],[-155.843912,20.052411],[-155.843835,20.053071],[-155.844759,20.053544],[-155.844591,20.05407],[-155.843515,20.054347],[-155.843445,20.054694],[-155.843635,20.05523],[-155.844352,20.055732],[-155.844307,20.056489],[-155.845142,20.056893],[-155.845132,20.057232],[-155.846318,20.05861],[-155.847101,20.058886],[-155.848153,20.059704],[-155.848489,20.060712],[-155.84942,20.060706],[-155.849704,20.06094],[-155.849677,20.061287],[-155.849842,20.061437],[-155.85035,20.061315],[-155.850897,20.062239],[-155.851219,20.062169],[-155.85178,20.062529],[-155.852044,20.063395],[-155.852594,20.063538],[-155.852692,20.063792],[-155.85267,20.06401],[-155.852133,20.064382],[-155.852731,20.064846],[-155.853143,20.064814],[-155.853411,20.06526],[-155.853418,20.065614],[-155.854454,20.06587],[-155.854425,20.066266],[-155.855127,20.066798],[-155.855096,20.066977],[-155.855851,20.067985],[-155.855581,20.068529],[-155.856023,20.06976],[-155.857277,20.070656],[-155.857583,20.071351],[-155.857797,20.071373],[-155.857934,20.071185],[-155.858148,20.071253],[-155.858415,20.071745],[-155.858147,20.071878],[-155.858102,20.072119],[-155.858526,20.072178],[-155.858713,20.072432],[-155.858453,20.072815],[-155.858972,20.072854],[-155.859063,20.073488],[-155.859292,20.073887],[-155.859887,20.073979],[-155.85975,20.074467],[-155.861459,20.074749],[-155.862263,20.074464],[-155.862726,20.075074],[-155.863321,20.075345],[-155.863425,20.0756],[-155.864049,20.075661],[-155.864359,20.075512],[-155.864801,20.076001],[-155.864874,20.077328],[-155.865411,20.077729],[-155.865472,20.079096],[-155.865838,20.079653],[-155.865651,20.079921],[-155.865701,20.080348],[-155.865976,20.080464],[-155.866388,20.080246],[-155.867298,20.081316],[-155.867648,20.081358],[-155.867818,20.082619],[-155.86802,20.08288],[-155.868302,20.082948],[-155.868265,20.083159],[-155.867761,20.083634],[-155.867836,20.083914],[-155.868572,20.083989],[-155.868829,20.084218],[-155.869653,20.084422],[-155.870139,20.084871],[-155.870309,20.085463],[-155.870917,20.08542],[-155.871087,20.08557],[-155.871133,20.086083],[-155.871832,20.086458],[-155.871698,20.087086],[-155.871347,20.087344],[-155.871835,20.087712],[-155.871891,20.088106],[-155.872705,20.08877],[-155.872548,20.089565],[-155.873239,20.089812],[-155.873147,20.090373],[-155.874643,20.091008],[-155.874901,20.091512],[-155.874518,20.092223],[-155.874642,20.092631],[-155.874484,20.093095],[-155.874765,20.093176],[-155.875071,20.092928],[-155.875467,20.093192],[-155.875497,20.093979],[-155.875223,20.094489],[-155.87537,20.09487],[-155.876686,20.095208],[-155.876932,20.096402],[-155.87725,20.096555],[-155.877476,20.096904],[-155.877449,20.097146],[-155.877781,20.097347],[-155.877664,20.097769],[-155.878243,20.098141],[-155.878301,20.098656],[-155.87774,20.098614],[-155.877995,20.099035],[-155.878009,20.099503],[-155.878482,20.099648],[-155.878702,20.100543],[-155.879205,20.10114],[-155.879503,20.101197],[-155.879602,20.102219],[-155.879782,20.102206],[-155.879114,20.102593],[-155.879196,20.102729],[-155.879739,20.102892],[-155.879799,20.103359],[-155.880729,20.103417],[-155.880716,20.10361],[-155.88099,20.103714],[-155.881616,20.10361],[-155.881978,20.10468],[-155.882135,20.104718],[-155.882364,20.104397],[-155.882513,20.104448],[-155.882959,20.104737],[-155.88305,20.10504],[-155.883905,20.105509],[-155.884012,20.1059],[-155.883844,20.106228],[-155.884162,20.106453],[-155.883935,20.106701],[-155.88398,20.107248],[-155.883752,20.107625],[-155.883447,20.107632],[-155.883396,20.108143],[-155.883233,20.108195],[-155.883096,20.108626],[-155.883142,20.109053],[-155.882769,20.109305],[-155.88276,20.109492],[-155.88346,20.109972],[-155.882867,20.11015],[-155.883077,20.110385],[-155.882993,20.110612],[-155.882501,20.110634],[-155.882987,20.11142],[-155.883355,20.11162],[-155.884134,20.111569],[-155.884089,20.112092],[-155.883111,20.112572],[-155.883264,20.113131],[-155.884379,20.112843],[-155.885122,20.112968],[-155.885234,20.112691],[-155.885614,20.112754],[-155.88558,20.113351],[-155.884925,20.113296],[-155.884606,20.113753],[-155.884515,20.114195],[-155.884069,20.114561],[-155.884527,20.11492],[-155.88493,20.114825],[-155.885217,20.115038],[-155.884799,20.115396],[-155.885018,20.115842],[-155.884729,20.116106],[-155.884897,20.116282],[-155.885607,20.116262],[-155.885548,20.116901],[-155.885703,20.117179],[-155.886162,20.116982],[-155.886295,20.117163],[-155.886804,20.11706],[-155.887796,20.117679],[-155.888005,20.118312],[-155.887941,20.118442],[-155.887563,20.118444],[-155.887277,20.118823],[-155.887048,20.118878],[-155.887079,20.119393],[-155.887304,20.11958],[-155.88706,20.119756],[-155.887109,20.119875],[-155.888048,20.120585],[-155.88807,20.120779],[-155.888919,20.120981],[-155.889134,20.121266],[-155.888803,20.121483],[-155.888887,20.121643],[-155.889123,20.121653],[-155.889027,20.121859],[-155.889215,20.122122],[-155.889802,20.122175],[-155.89058,20.122781],[-155.890756,20.123496],[-155.89187,20.124178],[-155.891742,20.124719],[-155.892267,20.125325],[-155.892221,20.125851],[-155.891559,20.126145],[-155.891946,20.126713],[-155.891961,20.126996],[-155.891777,20.12727],[-155.891961,20.127701],[-155.891724,20.127914],[-155.891617,20.12835],[-155.892006,20.128636],[-155.89274,20.129725],[-155.892724,20.129975],[-155.892251,20.130194],[-155.892175,20.130463],[-155.892343,20.130791],[-155.89187,20.13118],[-155.891931,20.131453],[-155.89161,20.131657],[-155.892236,20.132811],[-155.892077,20.132998],[-155.89232,20.133254],[-155.89222,20.133504],[-155.892583,20.133799],[-155.89356,20.135296],[-155.893679,20.136043],[-155.893442,20.136504],[-155.893591,20.137117],[-155.893189,20.137544],[-155.893437,20.139104],[-155.894281,20.139422],[-155.894459,20.139764],[-155.894678,20.139729],[-155.895532,20.140631],[-155.896005,20.142012],[-155.896579,20.142587],[-155.896615,20.143834],[-155.896295,20.144955],[-155.896539,20.145501],[-155.897129,20.14589],[-155.896963,20.146455],[-155.896371,20.146613],[-155.896463,20.147055],[-155.896019,20.147236],[-155.895929,20.147751],[-155.896097,20.148119],[-155.895898,20.148362],[-155.896046,20.148934],[-155.895663,20.149259],[-155.89559,20.149589],[-155.895739,20.149886],[-155.895608,20.150258],[-155.896142,20.150509],[-155.896142,20.150736],[-155.895863,20.151068],[-155.895974,20.151284],[-155.896631,20.151753],[-155.896707,20.152132],[-155.897316,20.152175],[-155.897537,20.152339],[-155.897743,20.152863],[-155.897973,20.153023],[-155.898019,20.154046],[-155.89826,20.154244],[-155.898401,20.155339],[-155.898904,20.156283],[-155.898736,20.157483],[-155.898898,20.158198],[-155.899347,20.158854],[-155.899423,20.159296],[-155.899446,20.159755],[-155.899175,20.160087],[-155.899112,20.160546],[-155.899469,20.161139],[-155.899301,20.161681],[-155.899499,20.162316],[-155.899802,20.162577],[-155.900214,20.162525],[-155.900583,20.162789],[-155.900549,20.16333],[-155.90108,20.16416],[-155.900812,20.164355],[-155.900842,20.164652],[-155.900224,20.165922],[-155.900354,20.166188],[-155.900049,20.166493],[-155.900308,20.167963],[-155.900596,20.168655],[-155.900415,20.169711],[-155.900583,20.169846],[-155.900683,20.170385],[-155.901178,20.170693],[-155.901614,20.170747],[-155.901542,20.171223],[-155.902276,20.171875],[-155.901727,20.172411],[-155.901617,20.173524],[-155.900506,20.174],[-155.900628,20.174778],[-155.900964,20.175156],[-155.900868,20.175439],[-155.90114,20.176232],[-155.901005,20.176434],[-155.901071,20.177069],[-155.901437,20.177269],[-155.901206,20.177559],[-155.901387,20.178483],[-155.901574,20.178725],[-155.901496,20.179054],[-155.901788,20.179375],[-155.902475,20.179576],[-155.90276,20.18013],[-155.902684,20.181016],[-155.902444,20.181269],[-155.902574,20.181967],[-155.902322,20.182145],[-155.901819,20.183197],[-155.901508,20.183376],[-155.901437,20.183739],[-155.900869,20.183808],[-155.901162,20.184321],[-155.901587,20.184262],[-155.902026,20.184498],[-155.902002,20.184891],[-155.902318,20.185357],[-155.902597,20.185484],[-155.902528,20.185718],[-155.902824,20.186076],[-155.902653,20.186143],[-155.902948,20.186768],[-155.904138,20.187096],[-155.903917,20.187211],[-155.904042,20.187653],[-155.903787,20.188235],[-155.90338,20.188415],[-155.903147,20.18828],[-155.902868,20.188685],[-155.902364,20.188842],[-155.90249,20.189299],[-155.902841,20.189457],[-155.902666,20.189829],[-155.902885,20.19027],[-155.90317,20.19038],[-155.902963,20.19068],[-155.903293,20.191458],[-155.903509,20.191601],[-155.903451,20.191882],[-155.903938,20.192418],[-155.904138,20.192965],[-155.904089,20.193673],[-155.904733,20.195002],[-155.904901,20.196072],[-155.904535,20.196316],[-155.904809,20.196886],[-155.904657,20.197031],[-155.904763,20.197321],[-155.904641,20.197651],[-155.903841,20.197811],[-155.903646,20.19799],[-155.903604,20.198821],[-155.903443,20.199159],[-155.903726,20.199826],[-155.903642,20.200115],[-155.903798,20.200178],[-155.903538,20.200575],[-155.903543,20.200921],[-155.903189,20.201044],[-155.903157,20.201238],[-155.90365,20.202433],[-155.902505,20.203078],[-155.902749,20.204096],[-155.9022,20.204972],[-155.902231,20.207081],[-155.901979,20.207461],[-155.90188,20.208041],[-155.90188,20.208308],[-155.902241,20.208698],[-155.902215,20.209124],[-155.90204,20.209215],[-155.902246,20.209511],[-155.902078,20.209584],[-155.902212,20.210034],[-155.90217,20.211411],[-155.902673,20.212212],[-155.903709,20.212807],[-155.903711,20.213057],[-155.90334,20.213606],[-155.90337,20.214025],[-155.902626,20.21424],[-155.902704,20.215617],[-155.902352,20.215957],[-155.90218,20.216683],[-155.90155,20.217155],[-155.901725,20.217499],[-155.901651,20.217854],[-155.901066,20.218454],[-155.901018,20.218761],[-155.90133,20.219],[-155.901099,20.219951],[-155.901513,20.220494],[-155.900931,20.221103],[-155.900805,20.221354],[-155.900918,20.221562],[-155.900552,20.221871],[-155.900567,20.222973],[-155.900032,20.223759],[-155.899499,20.224043],[-155.899361,20.22436],[-155.899373,20.224762],[-155.899728,20.225539],[-155.89898,20.227141],[-155.89918,20.227524],[-155.899765,20.227713],[-155.899392,20.227803],[-155.899652,20.228297],[-155.900031,20.228491],[-155.899905,20.228758],[-155.900073,20.229175],[-155.899521,20.229727],[-155.900155,20.230341],[-155.899248,20.230679],[-155.899374,20.231249],[-155.898767,20.231657],[-155.898882,20.232646],[-155.898535,20.233043],[-155.898187,20.233881],[-155.897739,20.23412],[-155.897897,20.234543],[-155.897164,20.234938],[-155.897119,20.235192],[-155.896228,20.235937],[-155.895485,20.237492],[-155.895212,20.237463],[-155.894734,20.237935],[-155.894645,20.237751],[-155.8942,20.23794],[-155.894279,20.238068],[-155.894094,20.238464],[-155.89422,20.238608],[-155.893854,20.239207],[-155.894006,20.239615],[-155.893758,20.239907],[-155.893924,20.240244],[-155.893483,20.240747],[-155.89327,20.241658],[-155.892724,20.241694],[-155.892755,20.242169],[-155.891822,20.241976],[-155.891672,20.242058],[-155.891714,20.242299],[-155.890909,20.242516],[-155.889673,20.244118],[-155.889545,20.244972],[-155.889261,20.245427],[-155.88949,20.24557],[-155.889337,20.245987],[-155.889612,20.246115],[-155.889566,20.24652],[-155.889761,20.246757],[-155.889609,20.246859],[-155.889566,20.247477],[-155.889032,20.248015],[-155.889032,20.248482],[-155.888772,20.248755],[-155.889032,20.249011],[-155.888479,20.249518],[-155.888254,20.250016],[-155.88837,20.250552],[-155.886328,20.252676],[-155.885993,20.252791],[-155.885704,20.253325],[-155.880922,20.258298],[-155.880212,20.258646],[-155.880273,20.258969],[-155.879236,20.26005],[-155.878733,20.259998],[-155.878364,20.260192],[-155.87803,20.260578],[-155.877771,20.261406],[-155.877405,20.261357],[-155.877216,20.261623],[-155.87665,20.26172],[-155.876443,20.262082],[-155.875955,20.262219],[-155.875467,20.262026],[-155.874582,20.262644],[-155.873422,20.262791],[-155.8722,20.263637],[-155.871757,20.264381],[-155.870248,20.265097],[-155.869602,20.265161],[-155.869136,20.265407],[-155.86738,20.265305],[-155.866754,20.266253],[-155.865398,20.266508],[-155.865098,20.266215],[-155.864008,20.266099],[-155.863168,20.265809],[-155.862924,20.265837],[-155.862574,20.266355],[-155.862405,20.266333],[-155.86239,20.266076],[-155.862224,20.265998],[-155.86152,20.266028],[-155.860956,20.265841],[-155.860158,20.266374],[-155.858819,20.266583],[-155.858082,20.267126],[-155.857309,20.266951],[-155.856668,20.267104],[-155.856393,20.267403],[-155.855951,20.267416],[-155.855549,20.267204],[-155.855124,20.267346],[-155.854226,20.267792],[-155.854074,20.268282],[-155.853509,20.268311],[-155.853387,20.268168],[-155.853235,20.268331],[-155.852609,20.26776],[-155.852182,20.267609],[-155.851947,20.267937],[-155.850723,20.268407],[-155.8506,20.268135]]]}},{"type":"Feature","id":"HIZ027","properties":{"id":"HIZ027","name":"Big Island Interior","island":"BigIsland"},"geometry":{"type":"Polygon","coordinates":[[[-155.414648,19.949361],[-155.412856,19.948922],[-155.409251,19.949105],[-155.408492,19.948681],[-155.407314,19.948643],[-155.406597,19.948089],[-155.405358,19.948037],[-155.404749,19.947115],[-155.403691,19.946823],[-155.402672,19.946208],[-155.401983,19.94535],[-155.400652,19.945148],[-155.399272,19.945527],[-155.398729,19.946791],[-155.397982,19.944991],[-155.397349,19.944078],[-155.396626,19.944102],[-155.395866,19.943731],[-155.395546,19.943087],[-155.394774,19.943115],[-155.393326,19.943714],[-155.392375,19.943513],[-155.391752,19.94225],[-155.391997,19.940811],[-155.390598,19.941206],[-155.390181,19.939869],[-155.389431,19.939276],[-155.388792,19.940253],[-155.388825,19.941577],[-155.387284,19.941162],[-155.386541,19.940449],[-155.385546,19.940276],[-155.383773,19.940523],[-155.381964,19.940337],[-155.381665,19.939988],[-155.38068,19.940761],[-155.380054,19.940409],[-155.378524,19.940569],[-155.376095,19.941324],[-155.374501,19.94124],[-155.374128,19.940864],[-155.373968,19.939486],[-155.37179,19.938805],[-155.371092,19.93827],[-155.368644,19.937562],[-155.367905,19.936906],[-155.366662,19.936707],[-155.3656,19.935814],[-155.364518,19.935511],[-155.362806,19.933663],[-155.361742,19.933246],[-155.360654,19.933404],[-155.359771,19.933177],[-155.359027,19.933629],[-155.358171,19.933535],[-155.357337,19.932618],[-155.355872,19.932278],[-155.354607,19.930857],[-155.353506,19.931223],[-155.352993,19.930721],[-155.351727,19.930604],[-155.350873,19.929922],[-155.346468,19.928676],[-155.344165,19.928553],[-155.343805,19.927603],[-155.343,19.927404],[-155.342393,19.926762],[-155.335493,19.923963],[-155.332271,19.922264],[-155.33221,19.921221],[-155.332189,19.920854],[-155.329526,19.920132],[-155.328192,19.919439],[-155.326952,19.917893],[-155.325717,19.917675],[-155.324966,19.91714],[-155.323413,19.916667],[-155.322683,19.915299],[-155.320864,19.913712],[-155.320631,19.91273],[-155.31904,19.91139],[-155.316511,19.911491],[-155.31679,19.910601],[-155.316325,19.909573],[-155.316152,19.908354],[-155.315166,19.907113],[-155.31539,19.906359],[-155.313839,19.904621],[-155.312206,19.903796],[-155.307679,19.902928],[-155.306986,19.90226],[-155.306659,19.900879],[-155.306162,19.900093],[-155.306544,19.89867],[-155.306311,19.898281],[-155.304921,19.897878],[-155.304403,19.897448],[-155.304069,19.896327],[-155.303966,19.895018],[-155.303057,19.893562],[-155.302168,19.893329],[-155.301537,19.892362],[-155.302015,19.891311],[-155.301752,19.889823],[-155.300605,19.888791],[-155.300431,19.887409],[-155.298829,19.887309],[-155.297461,19.885192],[-155.297533,19.883274],[-155.29695,19.882918],[-155.295555,19.880297],[-155.29586,19.878609],[-155.295457,19.878103],[-155.294255,19.877678],[-155.293632,19.877182],[-155.29353,19.876119],[-155.294165,19.87467],[-155.29456,19.874205],[-155.294002,19.871728],[-155.294192,19.870407],[-155.293763,19.86956],[-155.293723,19.868284],[-155.291991,19.867746],[-155.29173,19.867164],[-155.291994,19.865954],[-155.292343,19.865497],[-155.291097,19.864076],[-155.290888,19.863335],[-155.289672,19.862317],[-155.289677,19.861077],[-155.288607,19.860096],[-155.287768,19.857643],[-155.288047,19.855818],[-155.287658,19.854538],[-155.287913,19.85339],[-155.287065,19.851042],[-155.287631,19.849124],[-155.286669,19.849456],[-155.285698,19.850217],[-155.285015,19.849895],[-155.2859,19.847818],[-155.286729,19.846906],[-155.287232,19.844399],[-155.286506,19.843379],[-155.286565,19.842018],[-155.285467,19.841848],[-155.285356,19.841082],[-155.28601,19.839347],[-155.286976,19.838451],[-155.284752,19.835257],[-155.284699,19.833716],[-155.285825,19.832487],[-155.28679,19.830617],[-155.285995,19.830336],[-155.284861,19.828892],[-155.286919,19.826769],[-155.283447,19.821735],[-155.282944,19.819768],[-155.283731,19.819012],[-155.282172,19.815877],[-155.28029,19.814226],[-155.280146,19.81353],[-155.280649,19.813173],[-155.28112,19.812239],[-155.281247,19.810592],[-155.281982,19.809428],[-155.281933,19.808531],[-155.284308,19.804497],[-155.283849,19.802436],[-155.283945,19.801912],[-155.282818,19.800069],[-155.283161,19.799168],[-155.283278,19.797101],[-155.282909,19.794728],[-155.283093,19.792828],[-155.283873,19.789632],[-155.284453,19.788961],[-155.285218,19.788861],[-155.285492,19.785689],[-155.286396,19.783267],[-155.287169,19.782815],[-155.288068,19.781047],[-155.287858,19.780686],[-155.287743,19.779149],[-155.288895,19.776519],[-155.288545,19.773497],[-155.289341,19.770503],[-155.290051,19.769481],[-155.290944,19.769263],[-155.293262,19.762538],[-155.294417,19.76141],[-155.295189,19.761632],[-155.296064,19.760886],[-155.295729,19.758875],[-155.296968,19.758845],[-155.29807,19.757367],[-155.299921,19.753688],[-155.300904,19.753477],[-155.302283,19.753737],[-155.303505,19.75315],[-155.303783,19.75158],[-155.304833,19.750313],[-155.306295,19.749128],[-155.306202,19.747683],[-155.306852,19.747052],[-155.310211,19.745486],[-155.313379,19.741966],[-155.315702,19.738676],[-155.317322,19.736995],[-155.318261,19.736339],[-155.319961,19.736986],[-155.32408,19.735036],[-155.325333,19.734738],[-155.326789,19.7334],[-155.327158,19.72978],[-155.327826,19.729334],[-155.32871,19.729439],[-155.333156,19.72669],[-155.334194,19.727127],[-155.334796,19.72863],[-155.335498,19.727199],[-155.335637,19.726083],[-155.338416,19.724773],[-155.338595,19.723843],[-155.340466,19.722189],[-155.340446,19.720371],[-155.341542,19.720671],[-155.340919,19.719368],[-155.34225,19.71937],[-155.343861,19.715433],[-155.343618,19.714075],[-155.344194,19.713703],[-155.344747,19.712805],[-155.347274,19.713419],[-155.345484,19.711198],[-155.347399,19.710723],[-155.347088,19.709356],[-155.347342,19.707294],[-155.346633,19.706324],[-155.346339,19.705126],[-155.345442,19.703518],[-155.34427,19.70303],[-155.343561,19.702133],[-155.340649,19.700661],[-155.340784,19.699911],[-155.341972,19.699154],[-155.342809,19.698132],[-155.343304,19.696409],[-155.346014,19.695123],[-155.346339,19.693649],[-155.345239,19.69222],[-155.344834,19.691928],[-155.345371,19.69104],[-155.34484,19.690827],[-155.343274,19.690789],[-155.341535,19.689957],[-155.341083,19.68951],[-155.341219,19.688853],[-155.340315,19.688465],[-155.339766,19.687444],[-155.338252,19.687028],[-155.337196,19.687373],[-155.336067,19.688238],[-155.335789,19.686837],[-155.336006,19.685318],[-155.33524,19.683407],[-155.335804,19.682787],[-155.336071,19.681106],[-155.335699,19.680119],[-155.334598,19.678855],[-155.334148,19.678964],[-155.332848,19.678306],[-155.332307,19.677392],[-155.330992,19.676263],[-155.330484,19.675247],[-155.331011,19.674388],[-155.330527,19.673261],[-155.330685,19.672096],[-155.330218,19.671402],[-155.328966,19.6713],[-155.329032,19.67086],[-155.328746,19.66901],[-155.329173,19.668142],[-155.329009,19.667518],[-155.329254,19.666654],[-155.328869,19.662074],[-155.329504,19.661228],[-155.329614,19.66037],[-155.329156,19.659781],[-155.327835,19.659242],[-155.327784,19.657309],[-155.327251,19.656627],[-155.327109,19.655451],[-155.326324,19.654493],[-155.325994,19.652267],[-155.32683,19.652198],[-155.326722,19.649302],[-155.325732,19.646502],[-155.324946,19.646156],[-155.323242,19.644996],[-155.322259,19.642412],[-155.321511,19.641412],[-155.320406,19.638379],[-155.320551,19.635828],[-155.319084,19.63371],[-155.319141,19.631379],[-155.318427,19.631316],[-155.317674,19.630057],[-155.317738,19.629275],[-155.316828,19.62824],[-155.315979,19.627889],[-155.314526,19.627879],[-155.314265,19.627409],[-155.314086,19.624869],[-155.31376,19.62405],[-155.313661,19.622966],[-155.313064,19.62151],[-155.312469,19.616625],[-155.312623,19.615066],[-155.312216,19.614295],[-155.311675,19.614173],[-155.310542,19.612241],[-155.309508,19.611025],[-155.308848,19.610727],[-155.30768,19.609451],[-155.307364,19.606957],[-155.306891,19.606045],[-155.306121,19.606274],[-155.30597,19.605263],[-155.305028,19.604473],[-155.305623,19.600279],[-155.304765,19.597743],[-155.303919,19.597298],[-155.302595,19.595608],[-155.301931,19.593853],[-155.300561,19.591326],[-155.299085,19.58961],[-155.29814,19.589319],[-155.296002,19.586756],[-155.295421,19.582691],[-155.29507,19.581773],[-155.295302,19.580415],[-155.294896,19.576898],[-155.295766,19.574989],[-155.295554,19.573512],[-155.295945,19.571986],[-155.29582,19.570496],[-155.296216,19.56858],[-155.295328,19.566134],[-155.294485,19.562163],[-155.293496,19.560447],[-155.29274,19.558191],[-155.29181,19.556292],[-155.292425,19.554573],[-155.29168,19.552932],[-155.291621,19.550375],[-155.290915,19.547379],[-155.291535,19.546568],[-155.290712,19.545984],[-155.289866,19.543137],[-155.289279,19.54232],[-155.288947,19.539343],[-155.289631,19.537807],[-155.290998,19.538141],[-155.291226,19.535191],[-155.291457,19.534266],[-155.290647,19.533244],[-155.290678,19.530465],[-155.291164,19.529457],[-155.291413,19.528413],[-155.290899,19.527717],[-155.290906,19.526771],[-155.291657,19.52598],[-155.29107,19.524518],[-155.291304,19.522956],[-155.291952,19.52201],[-155.291487,19.520672],[-155.290752,19.520362],[-155.289995,19.519],[-155.290321,19.517821],[-155.291341,19.517183],[-155.290896,19.51582],[-155.29168,19.515057],[-155.292719,19.514537],[-155.295293,19.513626],[-155.295758,19.512821],[-155.296094,19.509841],[-155.297014,19.507811],[-155.298447,19.506513],[-155.300608,19.505517],[-155.301756,19.504532],[-155.305893,19.502274],[-155.307037,19.498951],[-155.309417,19.494488],[-155.308161,19.493651],[-155.308402,19.491379],[-155.3089,19.490327],[-155.311521,19.487042],[-155.311713,19.48516],[-155.3126,19.483433],[-155.314359,19.482122],[-155.314747,19.481036],[-155.317816,19.477462],[-155.320052,19.477391],[-155.322705,19.475849],[-155.324858,19.473646],[-155.32528,19.472681],[-155.326086,19.472649],[-155.327481,19.470729],[-155.33043,19.467696],[-155.331339,19.46577],[-155.332099,19.465174],[-155.333665,19.465308],[-155.334039,19.464672],[-155.335212,19.464718],[-155.335544,19.46344],[-155.336729,19.462501],[-155.337956,19.463153],[-155.339131,19.462526],[-155.34117,19.460197],[-155.34411,19.457748],[-155.345238,19.456295],[-155.347883,19.454305],[-155.349193,19.454034],[-155.349424,19.452233],[-155.350631,19.451808],[-155.351292,19.450588],[-155.353063,19.449751],[-155.35684,19.44941],[-155.357396,19.448047],[-155.358325,19.446792],[-155.359552,19.44669],[-155.359989,19.446157],[-155.361253,19.446149],[-155.362308,19.446456],[-155.365095,19.444697],[-155.364689,19.442913],[-155.366134,19.443051],[-155.367246,19.443448],[-155.368783,19.441894],[-155.369646,19.442475],[-155.372447,19.44116],[-155.373417,19.439935],[-155.376193,19.437312],[-155.376631,19.436335],[-155.378103,19.435631],[-155.378722,19.434861],[-155.379886,19.434353],[-155.385867,19.429982],[-155.387279,19.429594],[-155.391242,19.426141],[-155.392203,19.424642],[-155.393184,19.424685],[-155.394525,19.424171],[-155.395086,19.423302],[-155.395492,19.420519],[-155.39666,19.419705],[-155.398524,19.417493],[-155.398449,19.417058],[-155.398753,19.416587],[-155.399809,19.416134],[-155.402495,19.415947],[-155.402599,19.416599],[-155.403062,19.417111],[-155.403812,19.415905],[-155.405381,19.415061],[-155.407868,19.414295],[-155.409128,19.412962],[-155.408816,19.412284],[-155.411059,19.409619],[-155.411848,19.409267],[-155.412115,19.407635],[-155.412847,19.405072],[-155.414532,19.403955],[-155.415729,19.403504],[-155.419767,19.399421],[-155.423292,19.393818],[-155.425641,19.39172],[-155.42635,19.390359],[-155.428177,19.388811],[-155.429919,19.388189],[-155.430109,19.387412],[-155.430852,19.386716],[-155.432703,19.386333],[-155.434227,19.385473],[-155.435631,19.384255],[-155.43573,19.383397],[-155.436574,19.381656],[-155.436189,19.381258],[-155.436693,19.380726],[-155.437658,19.380548],[-155.440539,19.378053],[-155.441809,19.377558],[-155.443996,19.375852],[-155.446135,19.375514],[-155.447021,19.374939],[-155.447075,19.374071],[-155.448921,19.372706],[-155.449247,19.372199],[-155.450028,19.372208],[-155.450604,19.372593],[-155.451885,19.372044],[-155.45217,19.371313],[-155.453006,19.371218],[-155.454177,19.370348],[-155.454779,19.369675],[-155.45461,19.368842],[-155.456806,19.367828],[-155.458242,19.367404],[-155.458994,19.366277],[-155.460098,19.366475],[-155.461373,19.364658],[-155.463004,19.363067],[-155.463663,19.362201],[-155.465111,19.361324],[-155.465853,19.359909],[-155.465808,19.359159],[-155.466822,19.358262],[-155.46722,19.357358],[-155.468207,19.356215],[-155.470037,19.355067],[-155.469935,19.352971],[-155.470366,19.352269],[-155.471495,19.351134],[-155.472214,19.351334],[-155.474801,19.349615],[-155.474969,19.348771],[-155.475644,19.348313],[-155.475858,19.347237],[-155.47675,19.346974],[-155.476629,19.346303],[-155.476972,19.345628],[-155.477699,19.345429],[-155.478342,19.344588],[-155.479705,19.344024],[-155.481032,19.341614],[-155.482041,19.340784],[-155.482685,19.339204],[-155.485501,19.336424],[-155.488075,19.333208],[-155.488465,19.33212],[-155.489714,19.330571],[-155.490481,19.330271],[-155.490931,19.329351],[-155.491939,19.329199],[-155.493176,19.328716],[-155.493451,19.327956],[-155.494911,19.32759],[-155.496168,19.326597],[-155.498196,19.325437],[-155.498926,19.3245],[-155.499996,19.324177],[-155.500349,19.32296],[-155.501552,19.322156],[-155.50206,19.321459],[-155.502349,19.320488],[-155.502342,19.319554],[-155.503715,19.317595],[-155.503556,19.316599],[-155.50372,19.315706],[-155.504319,19.314081],[-155.504362,19.313295],[-155.504874,19.312604],[-155.504748,19.311844],[-155.50492,19.311301],[-155.505567,19.310655],[-155.505341,19.310153],[-155.506428,19.308984],[-155.506595,19.306477],[-155.507262,19.305598],[-155.50748,19.304285],[-155.508021,19.30378],[-155.507872,19.303042],[-155.508469,19.299999],[-155.508466,19.299006],[-155.509467,19.294874],[-155.510692,19.293396],[-155.511716,19.292753],[-155.511912,19.291379],[-155.513201,19.289981],[-155.514255,19.290103],[-155.515371,19.288535],[-155.516453,19.288149],[-155.517087,19.287439],[-155.517411,19.286584],[-155.51834,19.285143],[-155.519414,19.283791],[-155.521403,19.282526],[-155.521958,19.280335],[-155.522547,19.279692],[-155.523445,19.279203],[-155.52526,19.276974],[-155.526159,19.27493],[-155.526723,19.274616],[-155.527637,19.274825],[-155.528129,19.274624],[-155.531284,19.271941],[-155.531862,19.27113],[-155.533543,19.269938],[-155.535839,19.268845],[-155.53728,19.268457],[-155.539148,19.267343],[-155.541924,19.266376],[-155.543823,19.266438],[-155.544453,19.265987],[-155.546408,19.265556],[-155.549535,19.264564],[-155.551031,19.264753],[-155.553477,19.26229],[-155.55437,19.261795],[-155.555326,19.260188],[-155.556276,19.257589],[-155.558162,19.254858],[-155.558926,19.25414],[-155.559895,19.252206],[-155.560741,19.251175],[-155.562006,19.250094],[-155.562462,19.249439],[-155.563388,19.248766],[-155.564447,19.248529],[-155.565069,19.248008],[-155.565012,19.247104],[-155.565646,19.24614],[-155.566787,19.245234],[-155.567249,19.245086],[-155.567931,19.243549],[-155.568459,19.242936],[-155.568431,19.241844],[-155.569188,19.240894],[-155.569586,19.240692],[-155.570377,19.239083],[-155.570912,19.238802],[-155.571269,19.238071],[-155.572142,19.23746],[-155.572596,19.236868],[-155.572578,19.236318],[-155.572773,19.236115],[-155.573726,19.235987],[-155.574128,19.234823],[-155.574914,19.234105],[-155.575048,19.233703],[-155.575395,19.233366],[-155.579125,19.231472],[-155.58066,19.227924],[-155.582239,19.225894],[-155.583829,19.225284],[-155.584704,19.223648],[-155.58674,19.222243],[-155.587144,19.221156],[-155.588876,19.218551],[-155.593944,19.213929],[-155.594645,19.21218],[-155.59708,19.209242],[-155.598034,19.208543],[-155.600092,19.207815],[-155.602231,19.20505],[-155.605297,19.204446],[-155.607609,19.203182],[-155.608969,19.201673],[-155.614028,19.198121],[-155.615513,19.195205],[-155.615059,19.194157],[-155.616201,19.194078],[-155.617739,19.192595],[-155.619248,19.191924],[-155.619524,19.190837],[-155.620869,19.189864],[-155.623798,19.18956],[-155.624946,19.189154],[-155.624867,19.188368],[-155.625447,19.187877],[-155.627808,19.187882],[-155.629859,19.187423],[-155.631091,19.18624],[-155.63223,19.184702],[-155.633627,19.183827],[-155.636173,19.18336],[-155.638214,19.183525],[-155.639246,19.181947],[-155.641079,19.180533],[-155.641922,19.180469],[-155.644528,19.179096],[-155.646903,19.179103],[-155.647764,19.17878],[-155.648467,19.178346],[-155.649752,19.17679],[-155.650376,19.176446],[-155.653893,19.176317],[-155.655982,19.175119],[-155.658653,19.173063],[-155.660373,19.172186],[-155.662203,19.17206],[-155.66329,19.171753],[-155.665211,19.170618],[-155.664993,19.168809],[-155.665527,19.168209],[-155.666861,19.168286],[-155.672164,19.167629],[-155.675566,19.16605],[-155.677776,19.164802],[-155.678118,19.165195],[-155.679766,19.165012],[-155.681485,19.165038],[-155.684964,19.162785],[-155.688849,19.16203],[-155.689536,19.160948],[-155.691583,19.160355],[-155.69232,19.158924],[-155.693702,19.158378],[-155.696426,19.158325],[-155.697855,19.158029],[-155.699467,19.158976],[-155.700307,19.157443],[-155.70148,19.156823],[-155.702358,19.157368],[-155.703392,19.157606],[-155.707306,19.155948],[-155.710616,19.156418],[-155.713394,19.155963],[-155.714739,19.155161],[-155.717451,19.155196],[-155.719738,19.154417],[-155.721957,19.154049],[-155.724458,19.152873],[-155.727,19.153419],[-155.731884,19.153644],[-155.732695,19.154211],[-155.734678,19.153745],[-155.736659,19.153911],[-155.737543,19.154588],[-155.739989,19.155224],[-155.741609,19.154963],[-155.743034,19.155509],[-155.744564,19.155454],[-155.745842,19.155664],[-155.748135,19.156345],[-155.749952,19.158989],[-155.751828,19.160044],[-155.753999,19.160424],[-155.755052,19.160373],[-155.756043,19.162047],[-155.756937,19.162839],[-155.758269,19.162715],[-155.762686,19.165879],[-155.766616,19.167914],[-155.767864,19.170858],[-155.769137,19.171394],[-155.770513,19.173229],[-155.770447,19.173987],[-155.772222,19.17635],[-155.773809,19.179313],[-155.773025,19.180669],[-155.774921,19.182121],[-155.774669,19.182844],[-155.774775,19.184581],[-155.775958,19.185337],[-155.77827,19.187562],[-155.780737,19.192393],[-155.78253,19.194943],[-155.783182,19.197334],[-155.784815,19.199109],[-155.785389,19.200542],[-155.785012,19.202238],[-155.785589,19.205411],[-155.786391,19.205726],[-155.788994,19.208851],[-155.790273,19.209631],[-155.790721,19.212322],[-155.791404,19.212551],[-155.791449,19.213181],[-155.79066,19.214059],[-155.790852,19.215924],[-155.793016,19.218818],[-155.794072,19.220776],[-155.796536,19.228289],[-155.796232,19.229457],[-155.79785,19.230257],[-155.798064,19.231302],[-155.798947,19.232],[-155.799258,19.23421],[-155.800836,19.235495],[-155.802492,19.237618],[-155.802451,19.238896],[-155.8037,19.241387],[-155.80466,19.242458],[-155.806696,19.245617],[-155.807007,19.250814],[-155.807745,19.251773],[-155.80815,19.254307],[-155.807637,19.255709],[-155.808229,19.257558],[-155.808678,19.26147],[-155.810101,19.264333],[-155.809658,19.267332],[-155.810282,19.268241],[-155.810238,19.273076],[-155.809784,19.274334],[-155.810921,19.277243],[-155.810936,19.278637],[-155.81008,19.282052],[-155.809919,19.288639],[-155.810024,19.29516],[-155.807747,19.298301],[-155.807737,19.300798],[-155.807937,19.302595],[-155.807442,19.304081],[-155.809395,19.308942],[-155.80969,19.313096],[-155.808917,19.313985],[-155.80878,19.319431],[-155.810261,19.323215],[-155.80943,19.324194],[-155.808969,19.328067],[-155.807189,19.332512],[-155.807563,19.334181],[-155.807486,19.336851],[-155.806795,19.344367],[-155.8073,19.346813],[-155.806656,19.350178],[-155.806051,19.350943],[-155.805968,19.351844],[-155.806593,19.354563],[-155.806499,19.355379],[-155.805854,19.356807],[-155.806012,19.357858],[-155.805546,19.362127],[-155.804811,19.364839],[-155.804265,19.369777],[-155.803584,19.371599],[-155.803927,19.372749],[-155.803796,19.374507],[-155.804127,19.375711],[-155.802366,19.381963],[-155.802174,19.384498],[-155.802405,19.38536],[-155.80216,19.387658],[-155.801114,19.389579],[-155.801189,19.391989],[-155.801544,19.393259],[-155.801119,19.395537],[-155.800571,19.396439],[-155.800674,19.398327],[-155.800407,19.398761],[-155.800314,19.40139],[-155.79971,19.403094],[-155.799679,19.40485],[-155.797941,19.409484],[-155.797914,19.412953],[-155.798476,19.417277],[-155.798077,19.42369],[-155.797348,19.4245],[-155.796853,19.425699],[-155.797284,19.426519],[-155.797445,19.428079],[-155.79691,19.430665],[-155.797734,19.432304],[-155.799261,19.43466],[-155.798829,19.435934],[-155.800066,19.436315],[-155.800453,19.437647],[-155.800244,19.438699],[-155.80076,19.442557],[-155.800198,19.444151],[-155.801392,19.445532],[-155.801356,19.447244],[-155.800975,19.447977],[-155.800848,19.448983],[-155.801854,19.450545],[-155.80115,19.453315],[-155.801359,19.455204],[-155.800873,19.45655],[-155.800002,19.458235],[-155.798916,19.459765],[-155.799035,19.46076],[-155.79823,19.462097],[-155.798339,19.462823],[-155.797377,19.465676],[-155.797545,19.469489],[-155.798621,19.471854],[-155.799823,19.47351],[-155.79955,19.475725],[-155.798914,19.477511],[-155.799265,19.48017],[-155.798755,19.481105],[-155.797788,19.481859],[-155.796333,19.484147],[-155.796358,19.489458],[-155.798603,19.49215],[-155.798732,19.493132],[-155.797818,19.494406],[-155.797664,19.495637],[-155.798332,19.496491],[-155.797398,19.504417],[-155.796232,19.505521],[-155.796477,19.509365],[-155.797132,19.51033],[-155.79794,19.512009],[-155.798975,19.512686],[-155.798301,19.513821],[-155.798789,19.515866],[-155.798723,19.51789],[-155.798898,19.518957],[-155.797772,19.519169],[-155.798001,19.520834],[-155.798693,19.521698],[-155.797835,19.522693],[-155.797156,19.524233],[-155.796792,19.528506],[-155.797442,19.529389],[-155.79886,19.53046],[-155.801103,19.530749],[-155.800741,19.531555],[-155.799724,19.532328],[-155.798555,19.534725],[-155.797473,19.534349],[-155.796483,19.536254],[-155.794382,19.537415],[-155.793632,19.53931],[-155.79351,19.540696],[-155.792845,19.540622],[-155.792478,19.542872],[-155.791417,19.544434],[-155.791351,19.545427],[-155.793464,19.54451],[-155.794781,19.545286],[-155.795109,19.546258],[-155.794412,19.546878],[-155.794227,19.548668],[-155.794605,19.549396],[-155.795488,19.549604],[-155.795686,19.550636],[-155.79432,19.551888],[-155.794155,19.552909],[-155.793527,19.553541],[-155.793929,19.55409],[-155.795495,19.555507],[-155.7969,19.558831],[-155.797531,19.559371],[-155.797774,19.563565],[-155.796773,19.564981],[-155.795632,19.564858],[-155.795147,19.565033],[-155.794596,19.566141],[-155.793434,19.5674],[-155.793542,19.568276],[-155.793025,19.569238],[-155.791889,19.569696],[-155.789795,19.572363],[-155.789943,19.573425],[-155.79093,19.575136],[-155.792374,19.576556],[-155.795296,19.577063],[-155.79633,19.578954],[-155.796219,19.579973],[-155.796913,19.583007],[-155.797072,19.585779],[-155.798064,19.586748],[-155.798618,19.593057],[-155.799889,19.595237],[-155.799593,19.59617],[-155.800183,19.59721],[-155.799027,19.598189],[-155.799242,19.599014],[-155.800345,19.600429],[-155.803933,19.602661],[-155.805295,19.601872],[-155.805709,19.600716],[-155.807395,19.59931],[-155.808247,19.599772],[-155.808759,19.601166],[-155.810017,19.603264],[-155.813166,19.603714],[-155.81269,19.604824],[-155.813902,19.60482],[-155.813212,19.606165],[-155.814229,19.607514],[-155.814875,19.610115],[-155.816693,19.609784],[-155.816333,19.611352],[-155.818599,19.611372],[-155.819648,19.612384],[-155.821352,19.612896],[-155.822366,19.614065],[-155.82371,19.61419],[-155.825125,19.614804],[-155.82771,19.614142],[-155.828727,19.615447],[-155.829912,19.616501],[-155.832394,19.617321],[-155.833739,19.617586],[-155.83521,19.619285],[-155.836978,19.620832],[-155.838517,19.622735],[-155.839891,19.62385],[-155.843762,19.62453],[-155.845113,19.62536],[-155.846749,19.625942],[-155.848522,19.627691],[-155.848991,19.628592],[-155.850842,19.629613],[-155.852033,19.631374],[-155.853433,19.632158],[-155.854296,19.633782],[-155.858559,19.637097],[-155.859016,19.63805],[-155.860039,19.6388],[-155.861515,19.63923],[-155.863486,19.640784],[-155.864534,19.640738],[-155.865754,19.641374],[-155.865971,19.642913],[-155.866755,19.644148],[-155.869861,19.646116],[-155.871248,19.648261],[-155.871328,19.649078],[-155.873421,19.650834],[-155.875337,19.65142],[-155.8778,19.65378],[-155.879237,19.653944],[-155.884382,19.656545],[-155.88543,19.658903],[-155.888471,19.6607],[-155.891204,19.662813],[-155.892863,19.663071],[-155.89594,19.666732],[-155.900075,19.673239],[-155.902429,19.678749],[-155.908954,19.692346],[-155.910183,19.693795],[-155.912398,19.695319],[-155.914057,19.695378],[-155.913753,19.697508],[-155.913713,19.701565],[-155.914749,19.703062],[-155.918021,19.709777],[-155.918409,19.712242],[-155.919066,19.713731],[-155.92266,19.716533],[-155.92314,19.717882],[-155.922088,19.719804],[-155.916781,19.723524],[-155.914577,19.72414],[-155.912297,19.723729],[-155.911689,19.724105],[-155.911017,19.724063],[-155.908624,19.724681],[-155.904752,19.724908],[-155.903133,19.725765],[-155.900161,19.726262],[-155.898106,19.726099],[-155.897434,19.726563],[-155.895849,19.726845],[-155.893344,19.726794],[-155.892938,19.727573],[-155.891786,19.728057],[-155.890947,19.727926],[-155.889051,19.728168],[-155.886289,19.72782],[-155.884969,19.72707],[-155.884278,19.727157],[-155.879075,19.726237],[-155.866725,19.726556],[-155.865055,19.726392],[-155.863222,19.72569],[-155.861636,19.725439],[-155.859349,19.724735],[-155.853037,19.722109],[-155.851281,19.722234],[-155.848347,19.721347],[-155.846729,19.721162],[-155.845246,19.720721],[-155.844646,19.720257],[-155.842373,19.720009],[-155.840426,19.718649],[-155.838318,19.718623],[-155.836985,19.718392],[-155.834519,19.718635],[-155.83316,19.71748],[-155.830253,19.716322],[-155.828122,19.714288],[-155.825833,19.713177],[-155.824455,19.713548],[-155.823002,19.712934],[-155.822326,19.713352],[-155.818267,19.711353],[-155.816864,19.711169],[-155.816292,19.710927],[-155.815147,19.711457],[-155.814155,19.712135],[-155.813121,19.710753],[-155.811418,19.710666],[-155.809742,19.709249],[-155.808496,19.709149],[-155.803584,19.70679],[-155.799222,19.705691],[-155.798901,19.705004],[-155.798191,19.704811],[-155.797607,19.704015],[-155.796725,19.703313],[-155.795752,19.701632],[-155.794081,19.700585],[-155.793281,19.698924],[-155.793261,19.698145],[-155.790863,19.696788],[-155.789778,19.696585],[-155.788105,19.694077],[-155.787254,19.693878],[-155.786819,19.693235],[-155.786627,19.692324],[-155.786067,19.692151],[-155.78538,19.691158],[-155.785236,19.690179],[-155.782321,19.688206],[-155.781605,19.687426],[-155.781476,19.684506],[-155.780206,19.682797],[-155.777492,19.68161],[-155.776493,19.679439],[-155.774463,19.678301],[-155.772553,19.676324],[-155.771504,19.676387],[-155.769799,19.677067],[-155.769859,19.678296],[-155.769521,19.679369],[-155.768499,19.678913],[-155.768036,19.677448],[-155.767395,19.676952],[-155.766894,19.677352],[-155.766439,19.67924],[-155.765792,19.678461],[-155.76461,19.67635],[-155.763027,19.67629],[-155.761978,19.677068],[-155.760353,19.676502],[-155.759248,19.676806],[-155.757198,19.677012],[-155.756508,19.677804],[-155.755621,19.678435],[-155.755749,19.677319],[-155.755126,19.676761],[-155.752822,19.676647],[-155.752341,19.676378],[-155.751703,19.675465],[-155.750505,19.676154],[-155.749536,19.676227],[-155.748468,19.677331],[-155.746668,19.678228],[-155.745838,19.679344],[-155.745042,19.679401],[-155.744238,19.679885],[-155.742974,19.680079],[-155.742782,19.678377],[-155.742214,19.679366],[-155.741326,19.679512],[-155.740338,19.679309],[-155.738617,19.679414],[-155.736913,19.681185],[-155.734891,19.681038],[-155.733278,19.681862],[-155.732667,19.682852],[-155.731965,19.683265],[-155.730903,19.683019],[-155.730525,19.684333],[-155.72931,19.684859],[-155.728547,19.684695],[-155.727791,19.685128],[-155.727961,19.685674],[-155.727704,19.687022],[-155.722183,19.690846],[-155.721177,19.691199],[-155.720142,19.690542],[-155.719629,19.690908],[-155.719683,19.69179],[-155.71891,19.693238],[-155.717009,19.694656],[-155.715956,19.694875],[-155.713646,19.694555],[-155.713308,19.693863],[-155.71254,19.69414],[-155.711222,19.694019],[-155.709387,19.693123],[-155.708576,19.693331],[-155.706859,19.692366],[-155.704104,19.694171],[-155.702784,19.694446],[-155.701276,19.695117],[-155.701277,19.69631],[-155.699449,19.700765],[-155.698368,19.701269],[-155.696441,19.701765],[-155.696115,19.702418],[-155.696537,19.704621],[-155.694692,19.707446],[-155.694461,19.708668],[-155.694838,19.709851],[-155.693382,19.711393],[-155.693263,19.712654],[-155.692636,19.713666],[-155.691586,19.713706],[-155.684878,19.718591],[-155.68429,19.720544],[-155.683012,19.721279],[-155.682842,19.722029],[-155.680248,19.723383],[-155.678133,19.724107],[-155.678887,19.724622],[-155.678874,19.725428],[-155.677711,19.726493],[-155.676444,19.729112],[-155.674986,19.729425],[-155.671189,19.732643],[-155.667213,19.733955],[-155.665747,19.734888],[-155.667315,19.735459],[-155.667498,19.736408],[-155.666528,19.736192],[-155.666092,19.737469],[-155.66456,19.737212],[-155.665835,19.738453],[-155.668418,19.743025],[-155.669621,19.74315],[-155.669853,19.744557],[-155.667349,19.74581],[-155.666558,19.745336],[-155.665209,19.746723],[-155.665312,19.747483],[-155.663935,19.748369],[-155.663081,19.748172],[-155.660106,19.750315],[-155.659433,19.75136],[-155.659064,19.753423],[-155.655793,19.756],[-155.65761,19.756396],[-155.657175,19.757133],[-155.659448,19.758036],[-155.658919,19.75882],[-155.659225,19.759856],[-155.660051,19.760564],[-155.659238,19.761696],[-155.657926,19.762114],[-155.656795,19.761868],[-155.654323,19.766443],[-155.652871,19.768762],[-155.65332,19.769446],[-155.652299,19.769961],[-155.653548,19.770941],[-155.651281,19.77119],[-155.650499,19.772058],[-155.650491,19.773591],[-155.651661,19.774453],[-155.651792,19.775262],[-155.650429,19.776027],[-155.649728,19.77707],[-155.648878,19.776692],[-155.648722,19.777395],[-155.649262,19.778759],[-155.648473,19.779477],[-155.649476,19.7806],[-155.650109,19.781665],[-155.648478,19.782152],[-155.648342,19.786998],[-155.64947,19.787331],[-155.649615,19.788402],[-155.647349,19.79165],[-155.646605,19.791423],[-155.64529,19.79325],[-155.64502,19.794156],[-155.645463,19.797864],[-155.644538,19.799381],[-155.643878,19.799235],[-155.643016,19.799623],[-155.643537,19.801709],[-155.64535,19.803814],[-155.644209,19.80387],[-155.642863,19.803114],[-155.643083,19.805884],[-155.646423,19.808775],[-155.645405,19.809701],[-155.645745,19.810719],[-155.645136,19.811893],[-155.646691,19.812812],[-155.645375,19.814773],[-155.646153,19.815741],[-155.645813,19.817472],[-155.646379,19.818727],[-155.648316,19.821739],[-155.647133,19.823255],[-155.649537,19.823498],[-155.648866,19.824587],[-155.647386,19.825516],[-155.647277,19.826958],[-155.647516,19.829335],[-155.646806,19.830063],[-155.646681,19.831919],[-155.645477,19.833036],[-155.644696,19.835301],[-155.645203,19.835813],[-155.645668,19.837091],[-155.645246,19.83784],[-155.643955,19.838444],[-155.643424,19.838889],[-155.642374,19.841266],[-155.64164,19.842149],[-155.640702,19.843691],[-155.641089,19.844531],[-155.64119,19.845706],[-155.640477,19.849843],[-155.63868,19.85363],[-155.638216,19.855721],[-155.637527,19.856918],[-155.631247,19.862331],[-155.630347,19.864302],[-155.625846,19.866444],[-155.624157,19.869546],[-155.622989,19.870631],[-155.619804,19.872769],[-155.619556,19.873629],[-155.61689,19.874135],[-155.616431,19.875064],[-155.614583,19.876789],[-155.613331,19.876945],[-155.612976,19.878263],[-155.612204,19.87866],[-155.610977,19.878032],[-155.610956,19.87942],[-155.609449,19.879285],[-155.608233,19.881487],[-155.60768,19.880543],[-155.605397,19.881728],[-155.605101,19.880716],[-155.603117,19.881235],[-155.601608,19.879952],[-155.600664,19.880314],[-155.600675,19.881418],[-155.599001,19.881701],[-155.596059,19.883312],[-155.594868,19.883483],[-155.594769,19.885988],[-155.593836,19.884786],[-155.591853,19.885109],[-155.591282,19.884545],[-155.590035,19.884864],[-155.588981,19.886646],[-155.588672,19.888519],[-155.58652,19.888634],[-155.585597,19.887155],[-155.584931,19.887096],[-155.581852,19.887805],[-155.581256,19.889384],[-155.580461,19.888371],[-155.579268,19.888567],[-155.578463,19.891272],[-155.577089,19.892045],[-155.572515,19.892168],[-155.572349,19.893173],[-155.571925,19.892974],[-155.571174,19.893285],[-155.570563,19.894215],[-155.569196,19.893788],[-155.567622,19.894593],[-155.566155,19.894806],[-155.566062,19.897202],[-155.564438,19.896983],[-155.563118,19.898078],[-155.563214,19.898816],[-155.562511,19.900403],[-155.561648,19.900868],[-155.560596,19.90112],[-155.556237,19.904619],[-155.556051,19.905807],[-155.555494,19.905886],[-155.55525,19.906723],[-155.552736,19.907277],[-155.552182,19.908124],[-155.551392,19.907897],[-155.550081,19.908528],[-155.55016,19.910644],[-155.547871,19.911982],[-155.546871,19.911972],[-155.546227,19.910788],[-155.545675,19.911243],[-155.545495,19.91216],[-155.544681,19.912708],[-155.544423,19.913793],[-155.542942,19.914864],[-155.542264,19.914499],[-155.541813,19.915778],[-155.539443,19.916944],[-155.536885,19.919583],[-155.534886,19.92002],[-155.533614,19.922065],[-155.529327,19.92312],[-155.527971,19.922376],[-155.52677,19.92325],[-155.525557,19.92369],[-155.523567,19.925346],[-155.521596,19.927786],[-155.521264,19.928492],[-155.519428,19.92905],[-155.518317,19.930583],[-155.516574,19.931169],[-155.516217,19.931914],[-155.515157,19.932533],[-155.514706,19.934239],[-155.513658,19.935443],[-155.512591,19.936089],[-155.508797,19.937681],[-155.508364,19.937508],[-155.506802,19.937783],[-155.506141,19.938814],[-155.505428,19.938084],[-155.504837,19.937925],[-155.504657,19.938914],[-155.502332,19.940312],[-155.502235,19.940993],[-155.501548,19.941238],[-155.498317,19.943915],[-155.496475,19.944967],[-155.494114,19.945429],[-155.493655,19.946096],[-155.490923,19.946042],[-155.489786,19.944833],[-155.487678,19.945182],[-155.487925,19.945916],[-155.487439,19.946444],[-155.48585,19.945854],[-155.485107,19.94692],[-155.485169,19.947761],[-155.484351,19.947898],[-155.483751,19.947099],[-155.481124,19.947551],[-155.48025,19.948835],[-155.480075,19.948084],[-155.47888,19.94797],[-155.479032,19.948806],[-155.477439,19.949148],[-155.477306,19.948118],[-155.4768,19.946936],[-155.474213,19.948096],[-155.472085,19.946932],[-155.471228,19.94747],[-155.470532,19.947015],[-155.470081,19.946948],[-155.469654,19.947669],[-155.468111,19.94753],[-155.467456,19.946975],[-155.466371,19.947381],[-155.46533,19.946782],[-155.464076,19.946622],[-155.462637,19.945423],[-155.461352,19.944667],[-155.459878,19.944919],[-155.458609,19.943573],[-155.457776,19.945384],[-155.457627,19.946315],[-155.457011,19.946788],[-155.456486,19.946227],[-155.455202,19.946607],[-155.454168,19.945866],[-155.453609,19.947015],[-155.452769,19.947388],[-155.452234,19.947031],[-155.450987,19.947969],[-155.449856,19.948564],[-155.447683,19.948213],[-155.446732,19.947558],[-155.444864,19.94801],[-155.443545,19.94724],[-155.443253,19.947506],[-155.442005,19.947842],[-155.439174,19.947177],[-155.437713,19.947043],[-155.437031,19.947161],[-155.436305,19.946701],[-155.433837,19.946786],[-155.432884,19.946092],[-155.432168,19.946089],[-155.431523,19.946409],[-155.430301,19.945826],[-155.425989,19.946907],[-155.426274,19.947741],[-155.425391,19.948283],[-155.425157,19.947053],[-155.424055,19.946196],[-155.422481,19.94617],[-155.419154,19.947633],[-155.417587,19.947467],[-155.415577,19.948434],[-155.414648,19.949361]],[[-155.485562,19.895223],[-155.487479,19.893787],[-155.488317,19.893631],[-155.488731,19.893247],[-155.49024,19.892487],[-155.491958,19.892136],[-155.492238,19.891877],[-155.494077,19.891277],[-155.495542,19.89043],[-155.496742,19.890144],[-155.498193,19.888994],[-155.498747,19.888911],[-155.500244,19.887607],[-155.500909,19.887433],[-155.501642,19.886866],[-155.502769,19.885398],[-155.505338,19.884169],[-155.506293,19.884134],[-155.507484,19.883688],[-155.50951,19.881528],[-155.509915,19.881386],[-155.510965,19.880486],[-155.512111,19.879822],[-155.512676,19.879695],[-155.513471,19.878696],[-155.515596,19.877681],[-155.517729,19.875932],[-155.518433,19.875656],[-155.519116,19.874333],[-155.521221,19.87407],[-155.522045,19.874815],[-155.522613,19.875039],[-155.52366,19.87514],[-155.524323,19.87495],[-155.524645,19.874424],[-155.524539,19.87352],[-155.524079,19.872969],[-155.52324,19.872526],[-155.522717,19.871827],[-155.522334,19.871733],[-155.522331,19.871513],[-155.522679,19.871027],[-155.523376,19.87068],[-155.523598,19.870274],[-155.527151,19.86705],[-155.527678,19.86711],[-155.528966,19.866905],[-155.529364,19.866284],[-155.530252,19.865893],[-155.531404,19.86624],[-155.532997,19.865628],[-155.534033,19.86571],[-155.536088,19.865104],[-155.536957,19.864377],[-155.538164,19.863816],[-155.539103,19.863723],[-155.540332,19.862925],[-155.540633,19.862224],[-155.541736,19.861804],[-155.543207,19.860708],[-155.544753,19.860132],[-155.546312,19.859873],[-155.546609,19.859369],[-155.54871,19.859551],[-155.549695,19.859093],[-155.550526,19.858323],[-155.551329,19.857993],[-155.552244,19.857237],[-155.553093,19.856784],[-155.554397,19.856467],[-155.555833,19.855021],[-155.556255,19.854355],[-155.558458,19.853228],[-155.55962,19.852092],[-155.560411,19.851851],[-155.560906,19.850986],[-155.561829,19.850378],[-155.562022,19.849923],[-155.562885,19.849669],[-155.564494,19.848214],[-155.56621,19.847418],[-155.568911,19.845502],[-155.570467,19.843547],[-155.570657,19.8413],[-155.572583,19.838315],[-155.572453,19.837368],[-155.57473,19.834444],[-155.574626,19.833249],[-155.576409,19.831861],[-155.577636,19.829663],[-155.577614,19.828627],[-155.578227,19.827247],[-155.577702,19.825006],[-155.57726,19.821462],[-155.576635,19.819741],[-155.576724,19.817948],[-155.575083,19.813742],[-155.574041,19.813023],[-155.573527,19.811795],[-155.570363,19.80748],[-155.570923,19.806452],[-155.570972,19.804475],[-155.570313,19.802664],[-155.56877,19.800816],[-155.56679,19.800757],[-155.565953,19.799692],[-155.56666,19.79893],[-155.566595,19.797502],[-155.565694,19.796709],[-155.566989,19.794261],[-155.568424,19.792949],[-155.568819,19.790272],[-155.566135,19.790474],[-155.564574,19.791311],[-155.562951,19.791408],[-155.560059,19.792896],[-155.557879,19.791963],[-155.556034,19.792101],[-155.554309,19.791139],[-155.552037,19.789046],[-155.548916,19.78431],[-155.543626,19.781237],[-155.537739,19.778663],[-155.533041,19.776959],[-155.532379,19.777476],[-155.530161,19.775408],[-155.523981,19.771473],[-155.522637,19.770306],[-155.520818,19.769105],[-155.518526,19.768294],[-155.51385,19.764375],[-155.511323,19.763043],[-155.509961,19.762989],[-155.507264,19.761748],[-155.506354,19.760431],[-155.504608,19.760625],[-155.498644,19.758742],[-155.494865,19.757171],[-155.493944,19.757145],[-155.493201,19.756376],[-155.490323,19.755696],[-155.489265,19.750492],[-155.488169,19.749593],[-155.486857,19.749352],[-155.485601,19.74932],[-155.484623,19.750004],[-155.482579,19.748063],[-155.480302,19.747312],[-155.477923,19.7455],[-155.476279,19.744706],[-155.474972,19.742937],[-155.473727,19.742947],[-155.472422,19.741855],[-155.469385,19.740862],[-155.467609,19.739689],[-155.465896,19.739586],[-155.464423,19.737694],[-155.463078,19.737739],[-155.461747,19.738092],[-155.455422,19.733917],[-155.454616,19.731903],[-155.451511,19.730865],[-155.449621,19.731005],[-155.44665,19.730758],[-155.445167,19.731882],[-155.444501,19.733102],[-155.443008,19.733761],[-155.440788,19.73295],[-155.439492,19.73273],[-155.437864,19.732847],[-155.433898,19.734272],[-155.432403,19.736277],[-155.430238,19.735975],[-155.428411,19.736899],[-155.42736,19.736853],[-155.426298,19.737312],[-155.423031,19.736477],[-155.418393,19.736595],[-155.416793,19.737043],[-155.414971,19.736992],[-155.413545,19.736725],[-155.412335,19.737029],[-155.410389,19.739105],[-155.408893,19.738855],[-155.407895,19.740145],[-155.406874,19.740362],[-155.406795,19.741971],[-155.404301,19.747606],[-155.398502,19.752181],[-155.397657,19.75317],[-155.397342,19.754703],[-155.39742,19.756129],[-155.395204,19.764129],[-155.39424,19.765376],[-155.394502,19.766988],[-155.391893,19.770212],[-155.390078,19.768178],[-155.389226,19.769408],[-155.390568,19.771077],[-155.389882,19.77191],[-155.388354,19.772639],[-155.387296,19.773498],[-155.385409,19.773247],[-155.384274,19.774],[-155.383827,19.776067],[-155.383005,19.77675],[-155.383193,19.777678],[-155.382015,19.779083],[-155.38129,19.780924],[-155.381062,19.782597],[-155.380239,19.783573],[-155.379432,19.784098],[-155.377993,19.786325],[-155.378174,19.78769],[-155.377182,19.788745],[-155.375848,19.789156],[-155.374572,19.792136],[-155.373552,19.792143],[-155.371994,19.793462],[-155.371984,19.794865],[-155.372264,19.796956],[-155.370368,19.799324],[-155.368973,19.799496],[-155.368453,19.800554],[-155.367377,19.801072],[-155.366373,19.803216],[-155.365364,19.804075],[-155.364928,19.806398],[-155.365718,19.808082],[-155.366055,19.809607],[-155.367539,19.810494],[-155.36666,19.811798],[-155.366216,19.812883],[-155.364656,19.814115],[-155.364978,19.81613],[-155.366337,19.817036],[-155.366595,19.820586],[-155.366047,19.821704],[-155.366087,19.823028],[-155.3666,19.824711],[-155.36612,19.825926],[-155.363922,19.827915],[-155.365064,19.829124],[-155.364818,19.831171],[-155.363593,19.832355],[-155.363653,19.833171],[-155.364805,19.835321],[-155.364223,19.836132],[-155.364958,19.83688],[-155.365545,19.838446],[-155.366955,19.839696],[-155.366262,19.841281],[-155.366448,19.84414],[-155.365919,19.845738],[-155.363422,19.848251],[-155.362824,19.852424],[-155.363526,19.854673],[-155.36319,19.857009],[-155.364124,19.858135],[-155.363944,19.860454],[-155.364741,19.860897],[-155.365241,19.862217],[-155.364993,19.863059],[-155.366337,19.864227],[-155.366663,19.865432],[-155.367711,19.866602],[-155.370153,19.868381],[-155.371894,19.871517],[-155.372822,19.872117],[-155.374617,19.875977],[-155.375239,19.878934],[-155.376211,19.880758],[-155.378767,19.883607],[-155.37833,19.885421],[-155.379209,19.886479],[-155.38271,19.886304],[-155.384505,19.887356],[-155.386023,19.887712],[-155.387254,19.888995],[-155.388752,19.889355],[-155.390373,19.889397],[-155.392586,19.890169],[-155.394082,19.891349],[-155.396166,19.89196],[-155.39861,19.89209],[-155.400567,19.892653],[-155.401469,19.892203],[-155.404135,19.89246],[-155.405531,19.893101],[-155.407591,19.893576],[-155.407925,19.893943],[-155.408767,19.894285],[-155.409351,19.894152],[-155.410045,19.894399],[-155.411369,19.8944],[-155.412399,19.894209],[-155.414205,19.89429],[-155.416311,19.893945],[-155.416641,19.893705],[-155.417859,19.893524],[-155.418783,19.893606],[-155.422686,19.892019],[-155.423894,19.891867],[-155.427224,19.88986],[-155.428541,19.889913],[-155.429667,19.889636],[-155.432483,19.889432],[-155.433006,19.889021],[-155.434065,19.889588],[-155.435866,19.889692],[-155.438735,19.890434],[-155.439784,19.890548],[-155.441343,19.891472],[-155.442118,19.891664],[-155.445425,19.893078],[-155.446608,19.892949],[-155.449296,19.893362],[-155.450461,19.89319],[-155.450726,19.892058],[-155.451643,19.893032],[-155.454,19.892162],[-155.455223,19.893289],[-155.461363,19.894526],[-155.463206,19.894669],[-155.46456,19.894069],[-155.467811,19.894069],[-155.471748,19.894829],[-155.475794,19.895858],[-155.4773,19.895852],[-155.478398,19.896398],[-155.481317,19.896496],[-155.483559,19.896219],[-155.484288,19.895725],[-155.485562,19.895223]],[[-155.519627,19.606882],[-155.522532,19.606012],[-155.525913,19.606674],[-155.529351,19.6065],[-155.531876,19.605496],[-155.534148,19.606095],[-155.535258,19.604688],[-155.537121,19.605153],[-155.538564,19.604433],[-155.539877,19.605173],[-155.542352,19.605437],[-155.546196,19.6052],[-155.548056,19.605887],[-155.55054,19.605513],[-155.553116,19.603768],[-155.554449,19.603794],[-155.555985,19.603098],[-155.558255,19.603773],[-155.559927,19.602974],[-155.560965,19.603393],[-155.561992,19.604366],[-155.563738,19.604485],[-155.566312,19.603709],[-155.569145,19.603855],[-155.574343,19.601245],[-155.575886,19.60109],[-155.576908,19.600163],[-155.581615,19.599592],[-155.584264,19.59874],[-155.589596,19.600452],[-155.594221,19.599191],[-155.596432,19.598333],[-155.597849,19.598718],[-155.601436,19.598756],[-155.602788,19.598095],[-155.604197,19.5989],[-155.6051,19.598107],[-155.608095,19.597219],[-155.612632,19.594788],[-155.614479,19.594592],[-155.6198,19.592096],[-155.623102,19.592078],[-155.626362,19.591002],[-155.630897,19.589025],[-155.632514,19.587415],[-155.637316,19.586256],[-155.639588,19.584722],[-155.643762,19.583089],[-155.644416,19.582025],[-155.64697,19.5803],[-155.649597,19.575992],[-155.650778,19.576219],[-155.655117,19.572741],[-155.656214,19.569124],[-155.658055,19.567535],[-155.658674,19.566507],[-155.660031,19.566117],[-155.660373,19.564801],[-155.661652,19.564586],[-155.662284,19.563551],[-155.664334,19.562165],[-155.667927,19.559265],[-155.669947,19.557402],[-155.671572,19.554492],[-155.67466,19.55191],[-155.675637,19.550203],[-155.677877,19.548562],[-155.68687,19.540424],[-155.690788,19.534809],[-155.69337,19.532149],[-155.695006,19.52532],[-155.697513,19.522748],[-155.698443,19.519017],[-155.698971,19.516096],[-155.702897,19.509607],[-155.702611,19.508221],[-155.703918,19.505964],[-155.706454,19.502253],[-155.706484,19.498235],[-155.707334,19.494316],[-155.706737,19.491437],[-155.707448,19.486359],[-155.708624,19.485251],[-155.709101,19.482371],[-155.709157,19.477892],[-155.709771,19.474505],[-155.709766,19.472158],[-155.710828,19.469203],[-155.711485,19.466447],[-155.711467,19.464714],[-155.712501,19.462099],[-155.712077,19.460792],[-155.711395,19.459712],[-155.712087,19.458574],[-155.712826,19.455155],[-155.713449,19.444335],[-155.711697,19.440513],[-155.712675,19.439186],[-155.713373,19.436211],[-155.715258,19.430967],[-155.714951,19.42938],[-155.715406,19.426049],[-155.716396,19.424803],[-155.71624,19.422283],[-155.71774,19.421849],[-155.717957,19.420409],[-155.717709,19.41878],[-155.718643,19.418255],[-155.719426,19.415477],[-155.719349,19.412762],[-155.72038,19.411427],[-155.720368,19.409026],[-155.721562,19.40134],[-155.723751,19.394881],[-155.725316,19.392111],[-155.724755,19.389393],[-155.725198,19.387307],[-155.725174,19.381395],[-155.724401,19.379529],[-155.725066,19.377304],[-155.72333,19.373781],[-155.72445,19.372769],[-155.725089,19.369443],[-155.725961,19.368187],[-155.725794,19.366215],[-155.726697,19.365575],[-155.728401,19.360234],[-155.730572,19.355238],[-155.730155,19.354019],[-155.73104,19.352878],[-155.731109,19.350696],[-155.729972,19.349208],[-155.729898,19.347516],[-155.731027,19.344104],[-155.729998,19.342267],[-155.731338,19.339213],[-155.732036,19.333203],[-155.731245,19.33126],[-155.732052,19.330044],[-155.731782,19.328202],[-155.732923,19.32616],[-155.732431,19.323781],[-155.733444,19.323026],[-155.733963,19.3214],[-155.732977,19.317972],[-155.733319,19.316257],[-155.732423,19.314575],[-155.732234,19.312881],[-155.73288,19.311493],[-155.732428,19.309562],[-155.732527,19.307939],[-155.731365,19.306539],[-155.73266,19.305776],[-155.731168,19.30268],[-155.732047,19.299944],[-155.731043,19.296519],[-155.728299,19.295838],[-155.72643,19.291042],[-155.726365,19.289326],[-155.724355,19.288017],[-155.720737,19.282909],[-155.721061,19.281098],[-155.718209,19.276358],[-155.716211,19.276509],[-155.712588,19.277904],[-155.710735,19.279335],[-155.70838,19.278306],[-155.704523,19.279929],[-155.703541,19.279143],[-155.701783,19.28058],[-155.697667,19.281664],[-155.695749,19.280983],[-155.694041,19.281691],[-155.690965,19.281467],[-155.688158,19.281858],[-155.686687,19.281209],[-155.683994,19.280934],[-155.68233,19.281824],[-155.680851,19.283179],[-155.678251,19.282948],[-155.675599,19.283648],[-155.671297,19.284004],[-155.66966,19.284724],[-155.66705,19.284598],[-155.662134,19.287531],[-155.661051,19.287438],[-155.657782,19.289236],[-155.655622,19.289702],[-155.648644,19.291927],[-155.647137,19.293484],[-155.645584,19.294336],[-155.642038,19.294058],[-155.640094,19.294878],[-155.635892,19.295301],[-155.627732,19.298112],[-155.625922,19.297994],[-155.624405,19.299211],[-155.622112,19.299801],[-155.621177,19.300617],[-155.619048,19.300865],[-155.617081,19.302676],[-155.610771,19.30682],[-155.607982,19.307933],[-155.605682,19.308297],[-155.602509,19.310028],[-155.596622,19.312274],[-155.590251,19.313919],[-155.588549,19.315231],[-155.585572,19.317104],[-155.584586,19.317089],[-155.584008,19.318908],[-155.582028,19.321257],[-155.575053,19.326602],[-155.570158,19.329726],[-155.562825,19.334884],[-155.561281,19.335281],[-155.559333,19.336554],[-155.558812,19.338768],[-155.557501,19.339021],[-155.554264,19.340306],[-155.55034,19.34321],[-155.545425,19.34851],[-155.543493,19.349127],[-155.542092,19.351041],[-155.53974,19.352079],[-155.538269,19.354241],[-155.536824,19.355131],[-155.535882,19.356509],[-155.533364,19.358442],[-155.530301,19.360517],[-155.529719,19.361747],[-155.527949,19.364327],[-155.526633,19.36505],[-155.526218,19.366576],[-155.52412,19.369108],[-155.523409,19.370893],[-155.52229,19.371352],[-155.520706,19.37338],[-155.519162,19.375814],[-155.516026,19.378961],[-155.514918,19.379245],[-155.513044,19.384045],[-155.511937,19.386359],[-155.509475,19.389229],[-155.508076,19.390452],[-155.506817,19.392194],[-155.505201,19.393431],[-155.504315,19.39513],[-155.502984,19.396091],[-155.501283,19.397773],[-155.493198,19.407668],[-155.491384,19.408501],[-155.490629,19.410252],[-155.485952,19.414352],[-155.480571,19.420487],[-155.480044,19.422545],[-155.477367,19.424045],[-155.471412,19.430319],[-155.464149,19.440314],[-155.46383,19.441986],[-155.463628,19.444368],[-155.461235,19.446702],[-155.461147,19.448182],[-155.458511,19.449733],[-155.457975,19.450986],[-155.456032,19.453294],[-155.454098,19.456342],[-155.452912,19.456752],[-155.449694,19.460632],[-155.448804,19.462293],[-155.447332,19.462535],[-155.444888,19.464244],[-155.444746,19.465706],[-155.442996,19.468125],[-155.439726,19.473352],[-155.437357,19.474696],[-155.435678,19.478566],[-155.433554,19.480613],[-155.433111,19.482406],[-155.431212,19.483397],[-155.428607,19.485674],[-155.426712,19.488224],[-155.421531,19.492446],[-155.417746,19.495777],[-155.414854,19.4975],[-155.413571,19.499922],[-155.409803,19.504129],[-155.408694,19.506259],[-155.410509,19.509955],[-155.40817,19.511218],[-155.406639,19.510522],[-155.405164,19.514012],[-155.405864,19.515289],[-155.404024,19.516387],[-155.404139,19.517691],[-155.402863,19.519088],[-155.402736,19.521522],[-155.401462,19.522333],[-155.399808,19.525274],[-155.395919,19.532957],[-155.396623,19.535121],[-155.396934,19.539433],[-155.397847,19.54274],[-155.397209,19.545016],[-155.399299,19.547712],[-155.406554,19.554389],[-155.40845,19.554723],[-155.410454,19.557307],[-155.410489,19.558751],[-155.411563,19.560308],[-155.413521,19.562169],[-155.413625,19.563267],[-155.414656,19.564155],[-155.41622,19.564205],[-155.418068,19.56534],[-155.42277,19.5701],[-155.42386,19.572464],[-155.425352,19.573906],[-155.43012,19.576525],[-155.43609,19.579413],[-155.440759,19.584089],[-155.442935,19.584432],[-155.444336,19.585876],[-155.450995,19.589711],[-155.453211,19.588542],[-155.454056,19.589242],[-155.453678,19.590317],[-155.456175,19.591892],[-155.458732,19.592207],[-155.461927,19.593638],[-155.471777,19.596338],[-155.47309,19.596155],[-155.473904,19.597482],[-155.477748,19.598576],[-155.48187,19.600284],[-155.484558,19.600577],[-155.486866,19.599605],[-155.495545,19.601463],[-155.497221,19.600716],[-155.498737,19.601076],[-155.500415,19.600836],[-155.50143,19.60208],[-155.502838,19.600785],[-155.505398,19.601714],[-155.508831,19.605479],[-155.513021,19.605475],[-155.515901,19.606692],[-155.519627,19.606882]]]}},{"type":"Feature","id":"HIZ028","properties":{"id":"HIZ028","name":"Big Island Summit","island":"BigIsland"},"geometry":{"type":"MultiPolygon","coordinates":[[[[-155.515901,19.606692],[-155.513021,19.605475],[-155.508831,19.605479],[-155.505398,19.601714],[-155.502838,19.600785],[-155.50143,19.60208],[-155.500415,19.600836],[-155.498737,19.601076],[-155.497221,19.600716],[-155.495545,19.601463],[-155.486866,19.599605],[-155.484558,19.600577],[-155.48187,19.600284],[-155.477748,19.598576],[-155.473904,19.597482],[-155.47309,19.596155],[-155.471777,19.596338],[-155.461927,19.593638],[-155.458732,19.592207],[-155.456175,19.591892],[-155.453678,19.590317],[-155.454056,19.589242],[-155.453211,19.588542],[-155.450995,19.589711],[-155.444336,19.585876],[-155.442935,19.584432],[-155.440759,19.584089],[-155.43609,19.579413],[-155.43012,19.576525],[-155.425352,19.573906],[-155.42386,19.572464],[-155.42277,19.5701],[-155.418068,19.56534],[-155.41622,19.564205],[-155.414656,19.564155],[-155.413625,19.563267],[-155.413521,19.562169],[-155.411563,19.560308],[-155.410489,19.558751],[-155.410454,19.557307],[-155.40845,19.554723],[-155.406554,19.554389],[-155.399299,19.547712],[-155.397209,19.545016],[-155.397847,19.54274],[-155.396934,19.539433],[-155.396623,19.535121],[-155.395919,19.532957],[-155.399808,19.525274],[-155.401462,19.522333],[-155.402736,19.521522],[-155.402863,19.519088],[-155.404139,19.517691],[-155.404024,19.516387],[-155.405864,19.515289],[-155.405164,19.514012],[-155.406639,19.510522],[-155.40817,19.511218],[-155.410509,19.509955],[-155.408694,19.506259],[-155.409803,19.504129],[-155.413571,19.499922],[-155.414854,19.4975],[-155.417746,19.495777],[-155.421531,19.492446],[-155.426712,19.488224],[-155.428607,19.485674],[-155.431212,19.483397],[-155.433111,19.482406],[-155.433554,19.480613],[-155.435678,19.478566],[-155.437357,19.474696],[-155.439726,19.473352],[-155.442996,19.468125],[-155.444746,19.465706],[-155.444888,19.464244],[-155.447332,19.462535],[-155.448804,19.462293],[-155.449694,19.460632],[-155.452912,19.456752],[-155.454098,19.456342],[-155.456032,19.453294],[-155.457975,19.450986],[-155.458511,19.449733],[-155.461147,19.448182],[-155.461235,19.446702],[-155.463628,19.444368],[-155.46383,19.441986],[-155.464149,19.440314],[-155.471412,19.430319],[-155.477367,19.424045],[-155.480044,19.422545],[-155.480571,19.420487],[-155.485952,19.414352],[-155.490629,19.410252],[-155.491384,19.408501],[-155.493198,19.407668],[-155.501283,19.397773],[-155.502984,19.396091],[-155.504315,19.39513],[-155.505201,19.393431],[-155.506817,19.392194],[-155.508076,19.390452],[-155.509475,19.389229],[-155.511937,19.386359],[-155.513044,19.384045],[-155.514918,19.379245],[-155.516026,19.378961],[-155.519162,19.375814],[-155.520706,19.37338],[-155.52229,19.371352],[-155.523409,19.370893],[-155.52412,19.369108],[-155.526218,19.366576],[-155.526633,19.36505],[-155.527949,19.364327],[-155.529719,19.361747],[-155.530301,19.360517],[-155.533364,19.358442],[-155.535882,19.356509],[-155.536824,19.355131],[-155.538269,19.354241],[-155.53974,19.352079],[-155.542092,19.351041],[-155.543493,19.349127],[-155.545425,19.34851],[-155.55034,19.34321],[-155.554264,19.340306],[-155.557501,19.339021],[-155.558812,19.338768],[-155.559333,19.336554],[-155.561281,19.335281],[-155.562825,19.334884],[-155.570158,19.329726],[-155.575053,19.326602],[-155.582028,19.321257],[-155.584008,19.318908],[-155.584586,19.317089],[-155.585572,19.317104],[-155.588549,19.315231],[-155.590251,19.313919],[-155.596622,19.312274],[-155.602509,19.310028],[-155.605682,19.308297],[-155.607982,19.307933],[-155.610771,19.30682],[-155.617081,19.302676],[-155.619048,19.300865],[-155.621177,19.300617],[-155.622112,19.299801],[-155.624405,19.299211],[-155.625922,19.297994],[-155.627732,19.298112],[-155.635892,19.295301],[-155.640094,19.294878],[-155.642038,19.294058],[-155.645584,19.294336],[-155.647137,19.293484],[-155.648644,19.291927],[-155.655622,19.289702],[-155.657782,19.289236],[-155.661051,19.287438],[-155.662134,19.287531],[-155.66705,19.284598],[-155.66966,19.284724],[-155.671297,19.284004],[-155.675599,19.283648],[-155.678251,19.282948],[-155.680851,19.283179],[-155.68233,19.281824],[-155.683994,19.280934],[-155.686687,19.281209],[-155.688158,19.281858],[-155.690965,19.281467],[-155.694041,19.281691],[-155.695749,19.280983],[-155.697667,19.281664],[-155.701783,19.28058],[-155.703541,19.279143],[-155.704523,19.279929],[-155.70838,19.278306],[-155.710735,19.279335],[-155.712588,19.277904],[-155.716211,19.276509],[-155.718209,19.276358],[-155.721061,19.281098],[-155.720737,19.282909],[-155.724355,19.288017],[-155.726365,19.289326],[-155.72643,19.291042],[-155.728299,19.295838],[-155.731043,19.296519],[-155.732047,19.299944],[-155.731168,19.30268],[-155.73266,19.305776],[-155.731365,19.306539],[-155.732527,19.307939],[-155.732428,19.309562],[-155.73288,19.311493],[-155.732234,19.312881],[-155.732423,19.314575],[-155.733319,19.316257],[-155.732977,19.317972],[-155.733963,19.3214],[-155.733444,19.323026],[-155.732431,19.323781],[-155.732923,19.32616],[-155.731782,19.328202],[-155.732052,19.330044],[-155.731245,19.33126],[-155.732036,19.333203],[-155.731338,19.339213],[-155.729998,19.342267],[-155.731027,19.344104],[-155.729898,19.347516],[-155.729972,19.349208],[-155.731109,19.350696],[-155.73104,19.352878],[-155.730155,19.354019],[-155.730572,19.355238],[-155.728401,19.360234],[-155.726697,19.365575],[-155.725794,19.366215],[-155.725961,19.368187],[-155.725089,19.369443],[-155.72445,19.372769],[-155.72333,19.373781],[-155.725066,19.377304],[-155.724401,19.379529],[-155.725174,19.381395],[-155.725198,19.387307],[-155.724755,19.389393],[-155.725316,19.392111],[-155.723751,19.394881],[-155.721562,19.40134],[-155.720368,19.409026],[-155.72038,19.411427],[-155.719349,19.412762],[-155.719426,19.415477],[-155.718643,19.418255],[-155.717709,19.41878],[-155.717957,19.420409],[-155.71774,19.421849],[-155.71624,19.422283],[-155.716396,19.424803],[-155.715406,19.426049],[-155.714951,19.42938],[-155.715258,19.430967],[-155.713373,19.436211],[-155.712675,19.439186],[-155.711697,19.440513],[-155.713449,19.444335],[-155.712826,19.455155],[-155.712087,19.458574],[-155.711395,19.459712],[-155.712077,19.460792],[-155.712501,19.462099],[-155.711467,19.464714],[-155.711485,19.466447],[-155.710828,19.469203],[-155.709766,19.472158],[-155.709771,19.474505],[-155.709157,19.477892],[-155.709101,19.482371],[-155.708624,19.485251],[-155.707448,19.486359],[-155.706737,19.491437],[-155.707334,19.494316],[-155.706484,19.498235],[-155.706454,19.502253],[-155.703918,19.505964],[-155.702611,19.508221],[-155.702897,19.509607],[-155.698971,19.516096],[-155.698443,19.519017],[-155.697513,19.522748],[-155.695006,19.52532],[-155.69337,19.532149],[-155.690788,19.534809],[-155.68687,19.540424],[-155.677877,19.548562],[-155.675637,19.550203],[-155.67466,19.55191],[-155.671572,19.554492],[-155.669947,19.557402],[-155.667927,19.559265],[-155.664334,19.562165],[-155.662284,19.563551],[-155.661652,19.564586],[-155.660373,19.564801],[-155.660031,19.566117],[-155.658674,19.566507],[-155.658055,19.567535],[-155.656214,19.569124],[-155.655117,19.572741],[-155.650778,19.576219],[-155.649597,19.575992],[-155.64697,19.5803],[-155.644416,19.582025],[-155.643762,19.583089],[-155.639588,19.584722],[-155.637316,19.586256],[-155.632514,19.587415],[-155.630897,19.589025],[-155.626362,19.591002],[-155.623102,19.592078],[-155.6198,19.592096],[-155.614479,19.594592],[-155.612632,19.594788],[-155.608095,19.597219],[-155.6051,19.598107],[-155.604197,19.5989],[-155.602788,19.598095],[-155.601436,19.598756],[-155.597849,19.598718],[-155.596432,19.598333],[-155.594221,19.599191],[-155.589596,19.600452],[-155.584264,19.59874],[-155.581615,19.599592],[-155.576908,19.600163],[-155.575886,19.60109],[-155.574343,19.601245],[-155.569145,19.603855],[-155.566312,19.603709],[-155.563738,19.604485],[-155.561992,19.604366],[-155.560965,19.603393],[-155.559927,19.602974],[-155.558255,19.603773],[-155.555985,19.603098],[-155.554449,19.603794],[-155.553116,19.603768],[-155.55054,19.605513],[-155.548056,19.605887],[-155.546196,19.6052],[-155.542352,19.605437],[-155.539877,19.605173],[-155.538564,19.604433],[-155.537121,19.605153],[-155.535258,19.604688],[-155.534148,19.606095],[-155.531876,19.605496],[-155.529351,19.6065],[-155.525913,19.606674],[-155.522532,19.606012],[-155.519627,19.606882],[-155.515901,19.606692]]],[[[-155.478398,19.896398],[-155.4773,19.895852],[-155.475794,19.895858],[-155.471748,19.894829],[-155.467811,19.894069],[-155.46456,19.894069],[-155.463206,19.894669],[-155.461363,19.894526],[-155.455223,19.893289],[-155.454,19.892162],[-155.451643,19.893032],[-155.450726,19.892058],[-155.450461,19.89319],[-155.449296,19.893362],[-155.446608,19.892949],[-155.445425,19.893078],[-155.442118,19.891664],[-155.441343,19.891472],[-155.439784,19.890548],[-155.438735,19.890434],[-155.435866,19.889692],[-155.434065,19.889588],[-155.433006,19.889021],[-155.432483,19.889432],[-155.429667,19.889636],[-155.428541,19.889913],[-155.427224,19.88986],[-155.423894,19.891867],[-155.422686,19.892019],[-155.418783,19.893606],[-155.417859,19.893524],[-155.416641,19.893705],[-155.416311,19.893945],[-155.414205,19.89429],[-155.412399,19.894209],[-155.411369,19.8944],[-155.410045,19.894399],[-155.409351,19.894152],[-155.408767,19.894285],[-155.407925,19.893943],[-155.407591,19.893576],[-155.405531,19.893101],[-155.404135,19.89246],[-155.401469,19.892203],[-155.400567,19.892653],[-155.39861,19.89209],[-155.396166,19.89196],[-155.394082,19.891349],[-155.392586,19.890169],[-155.390373,19.889397],[-155.388752,19.889355],[-155.387254,19.888995],[-155.386023,19.887712],[-155.384505,19.887356],[-155.38271,19.886304],[-155.379209,19.886479],[-155.37833,19.885421],[-155.378767,19.883607],[-155.376211,19.880758],[-155.375239,19.878934],[-155.374617,19.875977],[-155.372822,19.872117],[-155.371894,19.871517],[-155.370153,19.868381],[-155.367711,19.866602],[-155.366663,19.865432],[-155.366337,19.864227],[-155.364993,19.863059],[-155.365241,19.862217],[-155.364741,19.860897],[-155.363944,19.860454],[-155.364124,19.858135],[-155.36319,19.857009],[-155.363526,19.854673],[-155.362824,19.852424],[-155.363422,19.848251],[-155.365919,19.845738],[-155.366448,19.84414],[-155.366262,19.841281],[-155.366955,19.839696],[-155.365545,19.838446],[-155.364958,19.83688],[-155.364223,19.836132],[-155.364805,19.835321],[-155.363653,19.833171],[-155.363593,19.832355],[-155.364818,19.831171],[-155.365064,19.829124],[-155.363922,19.827915],[-155.36612,19.825926],[-155.3666,19.824711],[-155.366087,19.823028],[-155.366047,19.821704],[-155.366595,19.820586],[-155.366337,19.817036],[-155.364978,19.81613],[-155.364656,19.814115],[-155.366216,19.812883],[-155.36666,19.811798],[-155.367539,19.810494],[-155.366055,19.809607],[-155.365718,19.808082],[-155.364928,19.806398],[-155.365364,19.804075],[-155.366373,19.803216],[-155.367377,19.801072],[-155.368453,19.800554],[-155.368973,19.799496],[-155.370368,19.799324],[-155.372264,19.796956],[-155.371984,19.794865],[-155.371994,19.793462],[-155.373552,19.792143],[-155.374572,19.792136],[-155.375848,19.789156],[-155.377182,19.788745],[-155.378174,19.78769],[-155.377993,19.786325],[-155.379432,19.784098],[-155.380239,19.783573],[-155.381062,19.782597],[-155.38129,19.780924],[-155.382015,19.779083],[-155.383193,19.777678],[-155.383005,19.77675],[-155.383827,19.776067],[-155.384274,19.774],[-155.385409,19.773247],[-155.387296,19.773498],[-155.388354,19.772639],[-155.389882,19.77191],[-155.390568,19.771077],[-155.389226,19.769408],[-155.390078,19.768178],[-155.391893,19.770212],[-155.394502,19.766988],[-155.39424,19.765376],[-155.395204,19.764129],[-155.39742,19.756129],[-155.397342,19.754703],[-155.397657,19.75317],[-155.398502,19.752181],[-155.404301,19.747606],[-155.406795,19.741971],[-155.406874,19.740362],[-155.407895,19.740145],[-155.408893,19.738855],[-155.410389,19.739105],[-155.412335,19.737029],[-155.413545,19.736725],[-155.414971,19.736992],[-155.416793,19.737043],[-155.418393,19.736595],[-155.423031,19.736477],[-155.426298,19.737312],[-155.42736,19.736853],[-155.428411,19.736899],[-155.430238,19.735975],[-155.432403,19.736277],[-155.433898,19.734272],[-155.437864,19.732847],[-155.439492,19.73273],[-155.440788,19.73295],[-155.443008,19.733761],[-155.444501,19.733102],[-155.445167,19.731882],[-155.44665,19.730758],[-155.449621,19.731005],[-155.451511,19.730865],[-155.454616,19.731903],[-155.455422,19.733917],[-155.461747,19.738092],[-155.463078,19.737739],[-155.464423,19.737694],[-155.465896,19.739586],[-155.467609,19.739689],[-155.469385,19.740862],[-155.472422,19.741855],[-155.473727,19.742947],[-155.474972,19.742937],[-155.476279,19.744706],[-155.477923,19.7455],[-155.480302,19.747312],[-155.482579,19.748063],[-155.484623,19.750004],[-155.485601,19.74932],[-155.486857,19.749352],[-155.488169,19.749593],[-155.489265,19.750492],[-155.490323,19.755696],[-155.493201,19.756376],[-155.493944,19.757145],[-155.494865,19.757171],[-155.498644,19.758742],[-155.504608,19.760625],[-155.506354,19.760431],[-155.507264,19.761748],[-155.509961,19.762989],[-155.511323,19.763043],[-155.51385,19.764375],[-155.518526,19.768294],[-155.520818,19.769105],[-155.522637,19.770306],[-155.523981,19.771473],[-155.530161,19.775408],[-155.532379,19.777476],[-155.533041,19.776959],[-155.537739,19.778663],[-155.543626,19.781237],[-155.548916,19.78431],[-155.552037,19.789046],[-155.554309,19.791139],[-155.556034,19.792101],[-155.557879,19.791963],[-155.560059,19.792896],[-155.562951,19.791408],[-155.564574,19.791311],[-155.566135,19.790474],[-155.568819,19.790272],[-155.568424,19.792949],[-155.566989,19.794261],[-155.565694,19.796709],[-155.566595,19.797502],[-155.56666,19.79893],[-155.565953,19.799692],[-155.56679,19.800757],[-155.56877,19.800816],[-155.570313,19.802664],[-155.570972,19.804475],[-155.570923,19.806452],[-155.570363,19.80748],[-155.573527,19.811795],[-155.574041,19.813023],[-155.575083,19.813742],[-155.576724,19.817948],[-155.576635,19.819741],[-155.57726,19.821462],[-155.577702,19.825006],[-155.578227,19.827247],[-155.577614,19.828627],[-155.577636,19.829663],[-155.576409,19.831861],[-155.574626,19.833249],[-155.57473,19.834444],[-155.572453,19.837368],[-155.572583,19.838315],[-155.570657,19.8413],[-155.570467,19.843547],[-155.568911,19.845502],[-155.56621,19.847418],[-155.564494,19.848214],[-155.562885,19.849669],[-155.562022,19.849923],[-155.561829,19.850378],[-155.560906,19.850986],[-155.560411,19.851851],[-155.55962,19.852092],[-155.558458,19.853228],[-155.556255,19.854355],[-155.555833,19.855021],[-155.554397,19.856467],[-155.553093,19.856784],[-155.552244,19.857237],[-155.551329,19.857993],[-155.550526,19.858323],[-155.549695,19.859093],[-155.54871,19.859551],[-155.546609,19.859369],[-155.546312,19.859873],[-155.544753,19.860132],[-155.543207,19.860708],[-155.541736,19.861804],[-155.540633,19.862224],[-155.540332,19.862925],[-155.539103,19.863723],[-155.538164,19.863816],[-155.536957,19.864377],[-155.536088,19.865104],[-155.534033,19.86571],[-155.532997,19.865628],[-155.531404,19.86624],[-155.530252,19.865893],[-155.529364,19.866284],[-155.528966,19.866905],[-155.527678,19.86711],[-155.527151,19.86705],[-155.523598,19.870274],[-155.523376,19.87068],[-155.522679,19.871027],[-155.522331,19.871513],[-155.522334,19.871733],[-155.522717,19.871827],[-155.52324,19.872526],[-155.524079,19.872969],[-155.524539,19.87352],[-155.524645,19.874424],[-155.524323,19.87495],[-155.52366,19.87514],[-155.522613,19.875039],[-155.522045,19.874815],[-155.521221,19.87407],[-155.519116,19.874333],[-155.518433,19.875656],[-155.517729,19.875932],[-155.515596,19.877681],[-155.513471,19.878696],[-155.512676,19.879695],[-155.512111,19.879822],[-155.510965,19.880486],[-155.509915,19.881386],[-155.50951,19.881528],[-155.507484,19.883688],[-155.506293,19.884134],[-155.505338,19.884169],[-155.502769,19.885398],[-155.501642,19.886866],[-155.500909,19.887433],[-155.500244,19.887607],[-155.498747,19.888911],[-155.498193,19.888994],[-155.496742,19.890144],[-155.495542,19.89043],[-155.494077,19.891277],[-155.492238,19.891877],[-155.491958,19.892136],[-155.49024,19.892487],[-155.488731,19.893247],[-155.488317,19.893631],[-155.487479,19.893787],[-155.485562,19.895223],[-155.484288,19.895725],[-155.483559,19.896219],[-155.481317,19.896496],[-155.478398,19.896398]]]]}},{"type":"Feature","id":"HIZ051","properties":{"id":"HIZ051","name":"Big Island South","island":"BigIsland"},"geometry":{"type":"Polygon","coordinates":[[[-155.762686,19.165879],[-155.758269,19.162715],[-155.756937,19.162839],[-155.756043,19.162047],[-155.755052,19.160373],[-155.753999,19.160424],[-155.751828,19.160044],[-155.749952,19.158989],[-155.748135,19.156345],[-155.745842,19.155664],[-155.744564,19.155454],[-155.743034,19.155509],[-155.741609,19.154963],[-155.739989,19.155224],[-155.737543,19.154588],[-155.736659,19.153911],[-155.734678,19.153745],[-155.732695,19.154211],[-155.731884,19.153644],[-155.727,19.153419],[-155.724458,19.152873],[-155.721957,19.154049],[-155.719738,19.154417],[-155.717451,19.155196],[-155.714739,19.155161],[-155.713394,19.155963],[-155.710616,19.156418],[-155.707306,19.155948],[-155.703392,19.157606],[-155.702358,19.157368],[-155.70148,19.156823],[-155.700307,19.157443],[-155.699467,19.158976],[-155.697855,19.158029],[-155.696426,19.158325],[-155.693702,19.158378],[-155.69232,19.158924],[-155.691583,19.160355],[-155.689536,19.160948],[-155.688849,19.16203],[-155.684964,19.162785],[-155.681485,19.165038],[-155.679766,19.165012],[-155.678118,19.165195],[-155.677776,19.164802],[-155.67354,19.149907],[-155.669685,19.134052],[-155.66645,19.118],[-155.663981,19.102723],[-155.662085,19.087344],[-155.66066,19.070212],[-155.659989,19.054779],[-155.659918,19.037943],[-155.660461,19.022431],[-155.661646,19.006319],[-155.663556,18.98956],[-155.665921,18.974204],[-155.669031,18.958161],[-155.672766,18.942282],[-155.677374,18.92574],[-155.682115,18.911003],[-155.68284,18.911917],[-155.682702,18.912579],[-155.68313,18.913369],[-155.683627,18.915945],[-155.68418,18.917577],[-155.684898,18.918725],[-155.684549,18.920512],[-155.684274,18.921187],[-155.683923,18.921563],[-155.683937,18.922226],[-155.683556,18.922894],[-155.683185,18.924257],[-155.683038,18.925574],[-155.683282,18.928886],[-155.68435,18.932707],[-155.686715,18.937502],[-155.68775,18.938931],[-155.692727,18.942193],[-155.693246,18.943007],[-155.695589,18.944212],[-155.695512,18.945012],[-155.695779,18.945517],[-155.696359,18.945773],[-155.696949,18.945804],[-155.697375,18.946544],[-155.697695,18.946798],[-155.699411,18.94722],[-155.700509,18.946845],[-155.701756,18.946938],[-155.703711,18.948181],[-155.706048,18.950215],[-155.70675,18.953484],[-155.708261,18.954575],[-155.709483,18.955746],[-155.709833,18.956307],[-155.712198,18.957769],[-155.71291,18.95878],[-155.713403,18.959094],[-155.713868,18.959017],[-155.713876,18.959275],[-155.714419,18.959968],[-155.714899,18.959981],[-155.715494,18.960288],[-155.718163,18.961081],[-155.718731,18.960814],[-155.719309,18.960794],[-155.719583,18.961169],[-155.719795,18.962788],[-155.720999,18.963876],[-155.72146,18.96402],[-155.722252,18.963818],[-155.721872,18.96488],[-155.72225,18.965386],[-155.723474,18.966298],[-155.725076,18.96653],[-155.725422,18.966104],[-155.725445,18.966227],[-155.726983,18.966494],[-155.72709,18.966858],[-155.727471,18.966676],[-155.727469,18.966918],[-155.727816,18.967035],[-155.728038,18.966924],[-155.729058,18.966984],[-155.729226,18.967543],[-155.729532,18.967507],[-155.729806,18.967718],[-155.729638,18.968049],[-155.729695,18.968623],[-155.730202,18.968936],[-155.730243,18.969106],[-155.730874,18.968975],[-155.731515,18.969428],[-155.732785,18.969787],[-155.73283,18.969682],[-155.733469,18.969777],[-155.734338,18.97028],[-155.735177,18.970288],[-155.735755,18.969745],[-155.735988,18.969835],[-155.736642,18.969632],[-155.737415,18.969881],[-155.738092,18.970561],[-155.738558,18.9705],[-155.739379,18.970685],[-155.739755,18.970358],[-155.741159,18.970065],[-155.741468,18.969866],[-155.742288,18.97044],[-155.742365,18.970336],[-155.743173,18.971087],[-155.744409,18.971544],[-155.74491,18.971557],[-155.744881,18.971961],[-155.745035,18.972044],[-155.745656,18.971874],[-155.745767,18.972142],[-155.746187,18.972177],[-155.746591,18.972416],[-155.746692,18.972667],[-155.749627,18.973473],[-155.750315,18.973409],[-155.750478,18.973684],[-155.75123,18.97387],[-155.751993,18.974469],[-155.753869,18.975211],[-155.754144,18.97575],[-155.754648,18.975768],[-155.754907,18.976374],[-155.755303,18.976235],[-155.756296,18.976725],[-155.757516,18.976885],[-155.757729,18.976704],[-155.758676,18.977055],[-155.75886,18.976939],[-155.759393,18.977028],[-155.759829,18.97728],[-155.760202,18.977595],[-155.760736,18.978636],[-155.761026,18.978697],[-155.761087,18.980608],[-155.762332,18.981662],[-155.762825,18.98283],[-155.763482,18.983014],[-155.76362,18.983334],[-155.764576,18.983319],[-155.76479,18.983558],[-155.765817,18.983925],[-155.765817,18.984105],[-155.766198,18.984452],[-155.766716,18.984576],[-155.766771,18.984779],[-155.76728,18.984685],[-155.767694,18.985398],[-155.768639,18.985707],[-155.7689,18.985592],[-155.769456,18.986306],[-155.769768,18.986369],[-155.769739,18.986588],[-155.77044,18.987137],[-155.770731,18.987109],[-155.771505,18.987918],[-155.771951,18.988017],[-155.772165,18.98824],[-155.77245,18.988189],[-155.77276,18.988463],[-155.773233,18.988236],[-155.773459,18.988353],[-155.773353,18.988602],[-155.773691,18.988984],[-155.774112,18.989174],[-155.774103,18.989354],[-155.774506,18.989767],[-155.775225,18.989741],[-155.777365,18.990642],[-155.777994,18.992184],[-155.778368,18.992152],[-155.779031,18.992455],[-155.779519,18.993399],[-155.780694,18.994296],[-155.781179,18.994225],[-155.781653,18.994597],[-155.78164,18.995196],[-155.782261,18.995508],[-155.782371,18.995948],[-155.783114,18.996027],[-155.783914,18.996758],[-155.785054,18.997132],[-155.785562,18.997651],[-155.78739,18.998381],[-155.787535,18.998165],[-155.78779,18.998213],[-155.787927,18.998423],[-155.788578,18.998498],[-155.789525,18.999218],[-155.790271,18.999317],[-155.790719,18.999869],[-155.791131,18.999957],[-155.791251,19.00032],[-155.791559,19.000636],[-155.792012,19.000806],[-155.792011,19.001031],[-155.792713,19.001614],[-155.79284,19.002354],[-155.794135,19.002457],[-155.794305,19.002667],[-155.79429,19.003102],[-155.793863,19.003335],[-155.793786,19.003872],[-155.793863,19.003987],[-155.795121,19.003934],[-155.79545,19.00421],[-155.795709,19.005],[-155.795251,19.006657],[-155.795495,19.006714],[-155.795663,19.007256],[-155.797616,19.009495],[-155.797387,19.009821],[-155.797494,19.01009],[-155.798059,19.010415],[-155.798608,19.010344],[-155.799157,19.010821],[-155.799584,19.010427],[-155.800718,19.010189],[-155.800821,19.00998],[-155.801134,19.010255],[-155.80149,19.010224],[-155.801708,19.009955],[-155.801767,19.010128],[-155.802246,19.010073],[-155.802329,19.009907],[-155.802926,19.010174],[-155.803094,19.010577],[-155.803804,19.010981],[-155.804529,19.011168],[-155.805384,19.01093],[-155.805627,19.011099],[-155.806299,19.011136],[-155.806911,19.010749],[-155.806972,19.010474],[-155.807366,19.010179],[-155.807821,19.010244],[-155.807992,19.010117],[-155.808421,19.010222],[-155.808524,19.01048],[-155.80903,19.010674],[-155.809923,19.010791],[-155.81138,19.012087],[-155.812676,19.012122],[-155.813165,19.012703],[-155.813882,19.012585],[-155.814749,19.011865],[-155.814915,19.012185],[-155.815118,19.012219],[-155.815251,19.012055],[-155.815389,19.012461],[-155.816109,19.012166],[-155.816614,19.012263],[-155.816647,19.011981],[-155.817422,19.012137],[-155.817646,19.012685],[-155.818338,19.012961],[-155.818826,19.013558],[-155.819577,19.013586],[-155.81962,19.013409],[-155.819909,19.013289],[-155.820254,19.01387],[-155.82084,19.013995],[-155.821253,19.014413],[-155.821893,19.014626],[-155.822056,19.015173],[-155.824023,19.015614],[-155.824578,19.015561],[-155.826227,19.015824],[-155.826747,19.015671],[-155.827524,19.01602],[-155.828287,19.016646],[-155.828473,19.016571],[-155.829141,19.017001],[-155.829507,19.017035],[-155.829946,19.01772],[-155.830385,19.018148],[-155.830589,19.018109],[-155.831003,19.018625],[-155.831903,19.018862],[-155.833455,19.01813],[-155.833606,19.018305],[-155.833783,19.018115],[-155.834466,19.018309],[-155.834573,19.018534],[-155.835336,19.018561],[-155.835489,19.017868],[-155.835856,19.017845],[-155.836021,19.017638],[-155.836272,19.017758],[-155.836563,19.017259],[-155.837012,19.017325],[-155.837578,19.018077],[-155.838128,19.018153],[-155.838617,19.018628],[-155.838812,19.019242],[-155.839395,19.019202],[-155.839534,19.019018],[-155.840898,19.019595],[-155.841529,19.019357],[-155.842157,19.020333],[-155.8426,19.020536],[-155.843912,19.020314],[-155.844049,19.020071],[-155.843958,19.019735],[-155.844113,19.019767],[-155.844308,19.019316],[-155.844769,19.019156],[-155.844996,19.019165],[-155.845239,19.019415],[-155.845972,19.019467],[-155.846268,19.01975],[-155.846658,19.019768],[-155.847238,19.019778],[-155.848034,19.019208],[-155.849206,19.019639],[-155.849817,19.019658],[-155.850046,19.019608],[-155.850037,19.019335],[-155.850534,19.019265],[-155.851308,19.019847],[-155.851373,19.020621],[-155.852683,19.022028],[-155.853327,19.022151],[-155.854013,19.022597],[-155.854837,19.022688],[-155.856021,19.023328],[-155.856941,19.022638],[-155.857592,19.022906],[-155.858102,19.023455],[-155.860132,19.023875],[-155.86065,19.024164],[-155.851988,19.031313],[-155.843435,19.03911],[-155.835282,19.047325],[-155.827549,19.055937],[-155.820256,19.064924],[-155.813626,19.07397],[-155.807496,19.08324],[-155.801705,19.092993],[-155.796517,19.102781],[-155.791609,19.113248],[-155.787228,19.123946],[-155.783387,19.13485],[-155.780095,19.145931],[-155.77736,19.157163],[-155.774982,19.169786],[-155.773893,19.177416],[-155.773809,19.179313],[-155.772222,19.17635],[-155.770447,19.173987],[-155.770513,19.173229],[-155.769137,19.171394],[-155.767864,19.170858],[-155.766616,19.167914],[-155.762686,19.165879]]]}},{"type":"Feature","id":"HIZ052","properties":{"id":"HIZ052","name":"Big Island Southeast","island":"BigIsland"},"geometry":{"type":"MultiPolygon","coordinates":[[[[-155.25419,19.267573],[-155.25428,19.267255],[-155.254663,19.267451],[-155.254462,19.268001],[-155.253738,19.267801],[-155.25419,19.267573]]],[[[-154.807932,19.513766],[-154.808545,19.513365],[-154.80899,19.513508],[-154.809781,19.512777],[-154.810083,19.512846],[-154.810678,19.512448],[-154.811006,19.511993],[-154.811593,19.510487],[-154.811489,19.509775],[-154.811654,19.507994],[-154.81109,19.507067],[-154.811227,19.506051],[-154.811081,19.505807],[-154.811395,19.505337],[-154.811395,19.505063],[-154.81196,19.504323],[-154.812091,19.503351],[-154.811899,19.503216],[-154.811891,19.502657],[-154.812432,19.501773],[-154.812799,19.501496],[-154.813653,19.501402],[-154.814126,19.501164],[-154.814737,19.500435],[-154.814827,19.500097],[-154.815355,19.500496],[-154.815589,19.500972],[-154.815949,19.501188],[-154.816324,19.501057],[-154.816583,19.501952],[-154.816971,19.502105],[-154.817239,19.501772],[-154.817011,19.501725],[-154.81677,19.501291],[-154.817394,19.501431],[-154.817136,19.501198],[-154.817305,19.500922],[-154.818036,19.500523],[-154.817868,19.500499],[-154.818429,19.500108],[-154.81877,19.500098],[-154.818841,19.499806],[-154.818658,19.499468],[-154.81904,19.499409],[-154.819063,19.499037],[-154.819256,19.498949],[-154.82055,19.499394],[-154.820831,19.499092],[-154.82052,19.499045],[-154.820368,19.498796],[-154.8204,19.498367],[-154.820765,19.497945],[-154.820738,19.497678],[-154.820326,19.497462],[-154.819635,19.497441],[-154.819504,19.497118],[-154.818689,19.49652],[-154.818433,19.495706],[-154.817926,19.495514],[-154.817758,19.495575],[-154.817993,19.495902],[-154.817758,19.495915],[-154.816624,19.495536],[-154.815729,19.495969],[-154.815335,19.495988],[-154.815058,19.495078],[-154.815931,19.494418],[-154.816491,19.49425],[-154.817638,19.492216],[-154.817561,19.491648],[-154.816662,19.491135],[-154.816476,19.490687],[-154.816766,19.489686],[-154.816754,19.488975],[-154.8175,19.4882],[-154.81868,19.486388],[-154.819151,19.486305],[-154.819452,19.486033],[-154.819226,19.48468],[-154.819345,19.482375],[-154.819879,19.479849],[-154.820215,19.47873],[-154.820443,19.47852],[-154.820398,19.478149],[-154.821145,19.476872],[-154.821725,19.476687],[-154.82188,19.476114],[-154.82232,19.475699],[-154.82229,19.475302],[-154.824187,19.473799],[-154.824289,19.473519],[-154.824922,19.473169],[-154.825036,19.47275],[-154.826028,19.472058],[-154.826013,19.471768],[-154.826684,19.471314],[-154.827432,19.470389],[-154.827816,19.470417],[-154.828391,19.470052],[-154.829177,19.470289],[-154.829993,19.469629],[-154.830713,19.469613],[-154.831064,19.469029],[-154.831094,19.468335],[-154.831832,19.468084],[-154.832292,19.467556],[-154.833383,19.465247],[-154.833719,19.464903],[-154.834329,19.463618],[-154.834558,19.4635],[-154.834497,19.46312],[-154.834696,19.462685],[-154.835751,19.461768],[-154.835977,19.460501],[-154.836464,19.460176],[-154.836817,19.460172],[-154.83787,19.459338],[-154.838312,19.459294],[-154.839308,19.458628],[-154.839761,19.458611],[-154.840494,19.458102],[-154.840803,19.457475],[-154.84193,19.456924],[-154.842283,19.456947],[-154.842828,19.45751],[-154.843423,19.457388],[-154.843652,19.457098],[-154.843606,19.456694],[-154.844186,19.456192],[-154.844339,19.45584],[-154.844252,19.455296],[-154.843918,19.454757],[-154.844232,19.454672],[-154.844369,19.454377],[-154.845102,19.454409],[-154.84649,19.452988],[-154.84695,19.452427],[-154.847088,19.451733],[-154.847741,19.451157],[-154.847909,19.450287],[-154.848295,19.4498],[-154.848766,19.449725],[-154.849038,19.449244],[-154.850061,19.448657],[-154.85054,19.448195],[-154.851022,19.448023],[-154.851129,19.447758],[-154.852487,19.447016],[-154.853861,19.445957],[-154.853937,19.445708],[-154.854477,19.44527],[-154.854975,19.445123],[-154.85516,19.444704],[-154.856429,19.4432],[-154.856881,19.443108],[-154.858047,19.441822],[-154.858651,19.441515],[-154.85867,19.441264],[-154.85945,19.440497],[-154.861856,19.439257],[-154.862085,19.438846],[-154.862344,19.438927],[-154.863067,19.438426],[-154.863382,19.437888],[-154.863763,19.437806],[-154.863859,19.437441],[-154.864129,19.437306],[-154.864146,19.43704],[-154.864741,19.436085],[-154.865976,19.434985],[-154.868986,19.433722],[-154.870144,19.432759],[-154.870782,19.432776],[-154.870736,19.432589],[-154.87098,19.432349],[-154.871515,19.432745],[-154.87243,19.432288],[-154.873286,19.432456],[-154.873819,19.432213],[-154.873748,19.431746],[-154.874353,19.431324],[-154.87568,19.43097],[-154.876369,19.4302],[-154.876371,19.429466],[-154.877056,19.428429],[-154.877559,19.428098],[-154.877742,19.427498],[-154.877755,19.426587],[-154.878503,19.426072],[-154.878584,19.425402],[-154.878934,19.425236],[-154.879444,19.425467],[-154.880075,19.42544],[-154.880349,19.425032],[-154.881204,19.424969],[-154.881495,19.42477],[-154.881967,19.424859],[-154.883081,19.424679],[-154.883233,19.424401],[-154.885024,19.423225],[-154.885248,19.423285],[-154.886566,19.42168],[-154.886413,19.421247],[-154.886514,19.420098],[-154.886804,19.419878],[-154.886636,19.419549],[-154.887033,19.419518],[-154.88746,19.417827],[-154.887802,19.418069],[-154.888009,19.417695],[-154.887918,19.417244],[-154.888269,19.417206],[-154.88836,19.416949],[-154.888879,19.416558],[-154.888818,19.416335],[-154.88847,19.416202],[-154.888773,19.415641],[-154.889306,19.415806],[-154.890118,19.414915],[-154.89126,19.41453],[-154.891719,19.413856],[-154.891977,19.414219],[-154.892099,19.414017],[-154.89274,19.414183],[-154.893319,19.413897],[-154.893319,19.413657],[-154.895076,19.413054],[-154.895288,19.41322],[-154.896127,19.412978],[-154.896615,19.412453],[-154.896299,19.412095],[-154.897597,19.411169],[-154.898073,19.411136],[-154.899347,19.410412],[-154.899545,19.409965],[-154.900064,19.410182],[-154.900431,19.410094],[-154.900979,19.409562],[-154.901512,19.409349],[-154.902813,19.409022],[-154.90339,19.409131],[-154.904387,19.408629],[-154.904448,19.408281],[-154.904931,19.408223],[-154.905176,19.407858],[-154.907876,19.406882],[-154.909973,19.405441],[-154.912461,19.404098],[-154.912698,19.403746],[-154.913308,19.403526],[-154.915542,19.401833],[-154.915663,19.4015],[-154.916888,19.400325],[-154.917872,19.398985],[-154.918633,19.398279],[-154.919033,19.398424],[-154.919443,19.397795],[-154.920511,19.397728],[-154.921884,19.397162],[-154.921991,19.3965],[-154.923232,19.395945],[-154.923261,19.395703],[-154.923623,19.395749],[-154.923671,19.395413],[-154.92413,19.395405],[-154.924329,19.39516],[-154.925196,19.394847],[-154.925546,19.395001],[-154.926202,19.394715],[-154.926202,19.394505],[-154.927087,19.39457],[-154.926996,19.394885],[-154.927194,19.39506],[-154.928494,19.394827],[-154.929193,19.394379],[-154.92991,19.393771],[-154.930371,19.3931],[-154.930603,19.392434],[-154.930598,19.391741],[-154.930932,19.391501],[-154.930799,19.390777],[-154.931319,19.390437],[-154.931375,19.389847],[-154.931746,19.38972],[-154.931878,19.388846],[-154.932367,19.388266],[-154.93229,19.387645],[-154.932993,19.387116],[-154.932931,19.386553],[-154.933984,19.385172],[-154.934096,19.384524],[-154.934639,19.383297],[-154.935022,19.383372],[-154.936825,19.382136],[-154.939065,19.380949],[-154.93919,19.380577],[-154.939815,19.380413],[-154.940102,19.379843],[-154.940408,19.379828],[-154.941829,19.378344],[-154.942743,19.377739],[-154.943155,19.376885],[-154.943536,19.376795],[-154.944377,19.376233],[-154.94552,19.375037],[-154.946024,19.374946],[-154.948694,19.373026],[-154.951248,19.370432],[-154.953014,19.369341],[-154.953277,19.368967],[-154.954419,19.368745],[-154.955789,19.367453],[-154.956141,19.367339],[-154.956206,19.367073],[-154.956842,19.366513],[-154.957104,19.365853],[-154.957401,19.365675],[-154.957589,19.36586],[-154.958917,19.365191],[-154.960016,19.364096],[-154.960092,19.363606],[-154.960321,19.363627],[-154.961257,19.362528],[-154.963113,19.362498],[-154.965295,19.361893],[-154.965812,19.362096],[-154.966822,19.361962],[-154.967096,19.362145],[-154.967645,19.362149],[-154.968728,19.361481],[-154.969661,19.360633],[-154.970087,19.359897],[-154.97001,19.359457],[-154.9693,19.358378],[-154.969376,19.357999],[-154.97027,19.356762],[-154.971818,19.356064],[-154.971826,19.355929],[-154.972085,19.355923],[-154.973144,19.354375],[-154.973506,19.354236],[-154.973993,19.352628],[-154.973987,19.35198],[-154.973782,19.351694],[-154.974041,19.351165],[-154.97503,19.350504],[-154.974634,19.350626],[-154.975235,19.349271],[-154.974969,19.348805],[-154.976938,19.347006],[-154.97775,19.346666],[-154.978296,19.34615],[-154.978949,19.345831],[-154.979486,19.345761],[-154.97979,19.345524],[-154.980545,19.345385],[-154.980844,19.345019],[-154.98316,19.344206],[-154.984192,19.344176],[-154.985048,19.343659],[-154.986245,19.343585],[-154.987001,19.342224],[-154.987619,19.341914],[-154.987792,19.341592],[-154.988357,19.341505],[-154.990259,19.340466],[-154.991327,19.340092],[-154.991997,19.339884],[-154.992369,19.340028],[-154.992598,19.339693],[-154.992929,19.339699],[-154.993113,19.339978],[-154.99386,19.339361],[-154.99418,19.339425],[-154.994195,19.339119],[-154.994505,19.339171],[-154.995677,19.338248],[-154.996061,19.338311],[-154.996884,19.338132],[-154.997124,19.337936],[-154.99743,19.337989],[-154.997766,19.337841],[-154.998086,19.337389],[-154.999328,19.337137],[-154.999202,19.336597],[-154.999719,19.336987],[-155.000456,19.336737],[-155.000604,19.336432],[-155.00079,19.336585],[-155.000894,19.336286],[-155.001274,19.335964],[-155.002157,19.336032],[-155.002439,19.335823],[-155.002789,19.335816],[-155.002866,19.335477],[-155.003198,19.335568],[-155.003354,19.335187],[-155.003695,19.335092],[-155.003824,19.334793],[-155.004373,19.334424],[-155.005258,19.334467],[-155.006036,19.334313],[-155.007138,19.334046],[-155.007745,19.33362],[-155.00795,19.333815],[-155.009094,19.333918],[-155.009285,19.333675],[-155.010766,19.333584],[-155.010937,19.333315],[-155.012018,19.333161],[-155.012063,19.332894],[-155.01391,19.333001],[-155.014109,19.332669],[-155.014551,19.332598],[-155.015024,19.331929],[-155.015281,19.331874],[-155.015405,19.332034],[-155.015698,19.331647],[-155.01513,19.331492],[-155.015454,19.329614],[-155.015298,19.329558],[-155.015329,19.329339],[-155.0166,19.328639],[-155.016747,19.328382],[-155.017326,19.328367],[-155.017404,19.328497],[-155.018396,19.328114],[-155.018701,19.327816],[-155.01976,19.327868],[-155.019982,19.327715],[-155.02073,19.327704],[-155.0216,19.327326],[-155.021798,19.327084],[-155.022378,19.327063],[-155.022622,19.326731],[-155.022958,19.326756],[-155.023522,19.326346],[-155.024133,19.326552],[-155.024558,19.32636],[-155.024834,19.326433],[-155.025049,19.325988],[-155.025313,19.326014],[-155.025384,19.325778],[-155.026178,19.325297],[-155.026595,19.325258],[-155.026895,19.324547],[-155.027023,19.324604],[-155.028299,19.323882],[-155.029948,19.323549],[-155.029992,19.323353],[-155.030253,19.323301],[-155.030466,19.323413],[-155.033322,19.322852],[-155.033771,19.322974],[-155.034479,19.322524],[-155.034933,19.322622],[-155.035959,19.322384],[-155.036767,19.321797],[-155.03946,19.32099],[-155.040016,19.320717],[-155.04005,19.320507],[-155.041772,19.319922],[-155.043008,19.319014],[-155.044032,19.318654],[-155.044519,19.318266],[-155.046336,19.317693],[-155.047516,19.317859],[-155.049067,19.317372],[-155.049753,19.317416],[-155.050928,19.316928],[-155.053369,19.317543],[-155.054147,19.317637],[-155.054498,19.317532],[-155.054561,19.317305],[-155.055381,19.316807],[-155.055642,19.316899],[-155.055841,19.316792],[-155.05639,19.316117],[-155.056619,19.316098],[-155.056792,19.315623],[-155.05729,19.315162],[-155.057766,19.314987],[-155.057718,19.314752],[-155.058116,19.314697],[-155.058679,19.313477],[-155.059586,19.313432],[-155.060407,19.313015],[-155.061687,19.313133],[-155.061877,19.312938],[-155.062276,19.313249],[-155.062646,19.31313],[-155.062805,19.313292],[-155.063258,19.312962],[-155.063566,19.3131],[-155.064189,19.312933],[-155.06459,19.313024],[-155.064726,19.31288],[-155.065133,19.313067],[-155.065591,19.312915],[-155.066554,19.313218],[-155.067026,19.312912],[-155.068048,19.313103],[-155.06891,19.312896],[-155.069193,19.312581],[-155.069534,19.312623],[-155.070642,19.312014],[-155.07171,19.311726],[-155.072738,19.310701],[-155.072918,19.310127],[-155.073884,19.309346],[-155.074075,19.308943],[-155.076413,19.307259],[-155.078762,19.306459],[-155.079497,19.306033],[-155.079736,19.305605],[-155.07995,19.305655],[-155.08024,19.305372],[-155.080285,19.305106],[-155.08053,19.30505],[-155.080987,19.304266],[-155.081491,19.303854],[-155.081582,19.303555],[-155.082162,19.303038],[-155.082422,19.302531],[-155.083063,19.302138],[-155.083795,19.301297],[-155.084651,19.300783],[-155.085061,19.300737],[-155.085002,19.300592],[-155.085266,19.300309],[-155.085599,19.30031],[-155.085692,19.300094],[-155.086411,19.299641],[-155.086541,19.299325],[-155.087675,19.29865],[-155.088266,19.297804],[-155.089914,19.297608],[-155.090082,19.297722],[-155.090951,19.29753],[-155.091379,19.296877],[-155.091707,19.29682],[-155.091929,19.296554],[-155.092851,19.296526],[-155.092988,19.296235],[-155.093274,19.296141],[-155.093586,19.296294],[-155.09423,19.296022],[-155.095254,19.296057],[-155.097329,19.295403],[-155.097726,19.295184],[-155.097909,19.294856],[-155.098983,19.294445],[-155.099725,19.293913],[-155.100899,19.293376],[-155.101485,19.293297],[-155.101862,19.292659],[-155.104125,19.29151],[-155.104837,19.290987],[-155.105127,19.290436],[-155.106241,19.289828],[-155.106805,19.289685],[-155.107252,19.289385],[-155.107383,19.289113],[-155.107832,19.288958],[-155.108865,19.288161],[-155.110702,19.287472],[-155.110959,19.287149],[-155.111657,19.286868],[-155.112527,19.2862],[-155.113649,19.285718],[-155.113672,19.285378],[-155.114469,19.284936],[-155.115289,19.284079],[-155.115564,19.28349],[-155.115965,19.283145],[-155.115838,19.282877],[-155.116479,19.282315],[-155.116682,19.282411],[-155.117417,19.281839],[-155.117608,19.281445],[-155.118463,19.281178],[-155.118799,19.280526],[-155.119381,19.280147],[-155.119592,19.280245],[-155.119843,19.28014],[-155.119836,19.279913],[-155.120373,19.27964],[-155.120893,19.279594],[-155.121393,19.278964],[-155.122125,19.278586],[-155.122949,19.277211],[-155.12362,19.276957],[-155.12416,19.276957],[-155.124444,19.276473],[-155.125881,19.275902],[-155.125879,19.275645],[-155.12635,19.275693],[-155.127176,19.275098],[-155.127664,19.275074],[-155.127877,19.274833],[-155.128534,19.274794],[-155.129602,19.273835],[-155.13113,19.272958],[-155.132465,19.273171],[-155.133357,19.27306],[-155.134209,19.273215],[-155.135034,19.273039],[-155.136911,19.2738],[-155.139942,19.27409],[-155.141687,19.273657],[-155.142236,19.27323],[-155.142573,19.273255],[-155.142846,19.272927],[-155.144052,19.272629],[-155.144693,19.271603],[-155.145002,19.271476],[-155.145227,19.270913],[-155.145654,19.270508],[-155.14686,19.269913],[-155.148691,19.269619],[-155.150155,19.267998],[-155.150832,19.267483],[-155.152603,19.266759],[-155.153558,19.266633],[-155.15455,19.266062],[-155.156289,19.26541],[-155.157703,19.265211],[-155.158391,19.265753],[-155.160302,19.265685],[-155.161073,19.265152],[-155.16178,19.265122],[-155.162127,19.265308],[-155.162818,19.264873],[-155.165353,19.265152],[-155.165811,19.265452],[-155.167428,19.265648],[-155.167886,19.265545],[-155.168695,19.265999],[-155.169946,19.265969],[-155.170495,19.265854],[-155.170635,19.265581],[-155.172133,19.26514],[-155.172372,19.264769],[-155.172712,19.264585],[-155.173791,19.264391],[-155.174432,19.264016],[-155.176304,19.264154],[-155.177862,19.263786],[-155.179651,19.263903],[-155.180721,19.26371],[-155.181054,19.263501],[-155.18464,19.263161],[-155.185022,19.262846],[-155.189081,19.260874],[-155.190057,19.259739],[-155.190408,19.258084],[-155.19079,19.257954],[-155.191446,19.257246],[-155.191387,19.256866],[-155.191552,19.256512],[-155.192802,19.255908],[-155.193048,19.256126],[-155.193208,19.256942],[-155.193673,19.257668],[-155.193546,19.25779],[-155.193689,19.258154],[-155.194665,19.258334],[-155.194898,19.258107],[-155.197275,19.25825],[-155.198549,19.257637],[-155.199086,19.257541],[-155.199408,19.257703],[-155.200387,19.257454],[-155.201715,19.257796],[-155.202646,19.257822],[-155.204615,19.257647],[-155.205883,19.25731],[-155.206247,19.256632],[-155.206628,19.256527],[-155.206764,19.256287],[-155.208551,19.256546],[-155.209222,19.256991],[-155.210275,19.257092],[-155.211618,19.257958],[-155.212045,19.25791],[-155.21235,19.258151],[-155.215158,19.258324],[-155.215655,19.259254],[-155.216071,19.259449],[-155.217111,19.259509],[-155.218258,19.259097],[-155.219323,19.259131],[-155.220358,19.260158],[-155.221871,19.260596],[-155.222145,19.260509],[-155.222802,19.260815],[-155.223096,19.260783],[-155.223245,19.260542],[-155.224329,19.260068],[-155.225381,19.260367],[-155.22569,19.260248],[-155.228494,19.261857],[-155.230264,19.262183],[-155.231192,19.262636],[-155.232309,19.262793],[-155.232451,19.262526],[-155.232791,19.262695],[-155.233012,19.262527],[-155.233178,19.262646],[-155.233392,19.263091],[-155.233036,19.263583],[-155.233265,19.26427],[-155.233056,19.265206],[-155.233672,19.264932],[-155.234513,19.265361],[-155.234044,19.266232],[-155.234214,19.266362],[-155.237314,19.266658],[-155.238016,19.26694],[-155.238945,19.266854],[-155.240777,19.267598],[-155.241646,19.268391],[-155.242364,19.268666],[-155.243219,19.268659],[-155.244437,19.268289],[-155.244943,19.268322],[-155.245401,19.268057],[-155.246275,19.268026],[-155.24743,19.267485],[-155.250024,19.267682],[-155.252633,19.269303],[-155.253512,19.269374],[-155.255268,19.270411],[-155.255823,19.270255],[-155.25587,19.269845],[-155.256252,19.269489],[-155.257339,19.26906],[-155.257928,19.269164],[-155.258403,19.269],[-155.259164,19.269282],[-155.2595,19.270112],[-155.260458,19.270681],[-155.260424,19.271036],[-155.261122,19.271123],[-155.262964,19.270976],[-155.263622,19.270553],[-155.264037,19.269882],[-155.264956,19.269542],[-155.265499,19.269693],[-155.265575,19.269315],[-155.265848,19.269452],[-155.266034,19.269297],[-155.265924,19.269007],[-155.266137,19.268862],[-155.266083,19.268603],[-155.266619,19.268578],[-155.266765,19.268819],[-155.267679,19.268567],[-155.267988,19.268308],[-155.268564,19.268404],[-155.268676,19.268181],[-155.269037,19.26833],[-155.270456,19.268036],[-155.270941,19.267689],[-155.271296,19.267865],[-155.272588,19.267572],[-155.272989,19.267634],[-155.273633,19.267142],[-155.273797,19.26661],[-155.274743,19.266366],[-155.275221,19.265977],[-155.275034,19.265807],[-155.275323,19.265484],[-155.276102,19.26525],[-155.276224,19.265265],[-155.276452,19.26596],[-155.277459,19.266472],[-155.27843,19.266654],[-155.279263,19.26662],[-155.280622,19.266173],[-155.282758,19.266079],[-155.285425,19.26521],[-155.285766,19.264943],[-155.286112,19.264023],[-155.286371,19.264168],[-155.286946,19.264021],[-155.287638,19.263537],[-155.289392,19.263813],[-155.289672,19.263613],[-155.290063,19.263772],[-155.290705,19.26364],[-155.29089,19.263367],[-155.291138,19.26351],[-155.291801,19.263331],[-155.292601,19.263539],[-155.292551,19.263313],[-155.292887,19.263233],[-155.293054,19.263392],[-155.293273,19.263352],[-155.293312,19.263193],[-155.293588,19.263327],[-155.294198,19.263148],[-155.294963,19.26242],[-155.295755,19.262007],[-155.29661,19.261262],[-155.297782,19.260727],[-155.298477,19.26],[-155.299358,19.259757],[-155.299814,19.259819],[-155.301238,19.258694],[-155.302163,19.257224],[-155.30549,19.254626],[-155.306573,19.253077],[-155.306731,19.252244],[-155.30755,19.251379],[-155.308145,19.250393],[-155.308984,19.249779],[-155.309002,19.249448],[-155.30935,19.249302],[-155.309259,19.248923],[-155.309854,19.248713],[-155.309884,19.248494],[-155.310998,19.24734],[-155.311386,19.247337],[-155.311551,19.246724],[-155.312219,19.246603],[-155.313318,19.245947],[-155.314328,19.244347],[-155.314756,19.244103],[-155.315088,19.243544],[-155.315759,19.243237],[-155.316403,19.242285],[-155.317636,19.241923],[-155.31949,19.240823],[-155.322198,19.24013],[-155.322762,19.239734],[-155.323404,19.239783],[-155.323816,19.239636],[-155.325181,19.239054],[-155.325789,19.238715],[-155.325998,19.238347],[-155.32644,19.238337],[-155.327234,19.237782],[-155.327966,19.237725],[-155.328518,19.237369],[-155.329671,19.236957],[-155.329858,19.237095],[-155.330209,19.236762],[-155.331109,19.236496],[-155.331613,19.236205],[-155.331557,19.235665],[-155.333886,19.234839],[-155.334482,19.234377],[-155.334757,19.233937],[-155.334943,19.234045],[-155.335811,19.23333],[-155.335824,19.232586],[-155.337198,19.232066],[-155.337877,19.231159],[-155.33883,19.230778],[-155.338885,19.230239],[-155.338601,19.229622],[-155.3397,19.228018],[-155.340005,19.227892],[-155.340208,19.227217],[-155.341097,19.226163],[-155.341318,19.225047],[-155.34237,19.224528],[-155.343088,19.223519],[-155.3435,19.220719],[-155.343705,19.219868],[-155.344049,19.219687],[-155.343988,19.219098],[-155.344206,19.218592],[-155.345285,19.218026],[-155.346322,19.21711],[-155.34649,19.216555],[-155.346307,19.21597],[-155.346399,19.215426],[-155.346628,19.215485],[-155.346582,19.214615],[-155.346948,19.214547],[-155.346906,19.214216],[-155.347589,19.214224],[-155.347866,19.213566],[-155.348596,19.213009],[-155.348644,19.21256],[-155.349074,19.212162],[-155.349527,19.211951],[-155.350204,19.212143],[-155.353265,19.210358],[-155.353464,19.209603],[-155.354349,19.209025],[-155.354884,19.208346],[-155.357513,19.206757],[-155.357629,19.206517],[-155.357492,19.206185],[-155.357759,19.206148],[-155.357727,19.205995],[-155.358016,19.206014],[-155.358061,19.205789],[-155.362244,19.204259],[-155.362436,19.204032],[-155.362848,19.203984],[-155.363045,19.203689],[-155.363351,19.203755],[-155.365104,19.203196],[-155.365854,19.202731],[-155.366982,19.202501],[-155.367427,19.202137],[-155.367853,19.202109],[-155.368295,19.201766],[-155.370263,19.200936],[-155.370937,19.200823],[-155.371716,19.200318],[-155.37243,19.200329],[-155.373193,19.20057],[-155.376077,19.199294],[-155.377069,19.199132],[-155.377298,19.199296],[-155.378191,19.199196],[-155.378976,19.19891],[-155.379128,19.198582],[-155.379402,19.19894],[-155.380655,19.19891],[-155.380475,19.198484],[-155.380696,19.198386],[-155.380914,19.198771],[-155.381509,19.198843],[-155.381964,19.1985],[-155.382196,19.198714],[-155.382821,19.198788],[-155.38322,19.19854],[-155.384507,19.19892],[-155.384905,19.198883],[-155.388131,19.19803],[-155.388955,19.197392],[-155.389568,19.197433],[-155.391092,19.19656],[-155.391976,19.195516],[-155.392557,19.195477],[-155.393004,19.194996],[-155.394408,19.194511],[-155.394983,19.19357],[-155.395352,19.193282],[-155.395262,19.192831],[-155.396097,19.191908],[-155.396234,19.191384],[-155.396982,19.190955],[-155.397378,19.190443],[-155.397348,19.190033],[-155.397953,19.189799],[-155.398233,19.189885],[-155.398172,19.1896],[-155.398447,19.189317],[-155.39871,19.189338],[-155.398895,19.189166],[-155.399031,19.188487],[-155.399443,19.188184],[-155.399673,19.188221],[-155.40046,19.187793],[-155.40068,19.187894],[-155.401606,19.187207],[-155.402666,19.187017],[-155.40281,19.187184],[-155.404419,19.187382],[-155.405086,19.187165],[-155.406122,19.187378],[-155.407,19.187255],[-155.40722,19.187043],[-155.407785,19.186995],[-155.409145,19.186204],[-155.409235,19.185994],[-155.41076,19.185338],[-155.411281,19.185268],[-155.411538,19.185032],[-155.411874,19.185051],[-155.412102,19.184582],[-155.412332,19.184683],[-155.41235,19.184456],[-155.412604,19.184389],[-155.413888,19.184786],[-155.414804,19.184716],[-155.415719,19.183602],[-155.416041,19.182831],[-155.416764,19.182233],[-155.416635,19.181992],[-155.416822,19.181369],[-155.417108,19.181294],[-155.417413,19.180959],[-155.417856,19.180905],[-155.417795,19.180674],[-155.41813,19.180251],[-155.418421,19.180253],[-155.419534,19.179617],[-155.419707,19.179116],[-155.420875,19.178804],[-155.421533,19.178135],[-155.423013,19.177409],[-155.422983,19.177062],[-155.423386,19.177225],[-155.424524,19.176405],[-155.424707,19.175854],[-155.42527,19.175167],[-155.425534,19.175118],[-155.426309,19.173981],[-155.426237,19.173577],[-155.426751,19.17319],[-155.427041,19.171284],[-155.428068,19.169852],[-155.428598,19.169602],[-155.428588,19.169297],[-155.428979,19.169194],[-155.429949,19.167482],[-155.430353,19.167284],[-155.430597,19.166861],[-155.430983,19.166614],[-155.431787,19.166613],[-155.432534,19.166369],[-155.433419,19.164447],[-155.434335,19.163937],[-155.434396,19.163741],[-155.434651,19.163811],[-155.434762,19.163561],[-155.435479,19.163253],[-155.435697,19.163298],[-155.435724,19.162953],[-155.436533,19.162175],[-155.437402,19.161843],[-155.43844,19.160868],[-155.439599,19.160685],[-155.442487,19.158191],[-155.44288,19.158251],[-155.443189,19.158021],[-155.443925,19.157116],[-155.443955,19.156761],[-155.444452,19.156683],[-155.444864,19.155919],[-155.444681,19.155549],[-155.44552,19.154967],[-155.445802,19.153689],[-155.445611,19.153328],[-155.44627,19.153119],[-155.446456,19.152382],[-155.446789,19.151888],[-155.447122,19.152068],[-155.448664,19.151694],[-155.449167,19.150637],[-155.449373,19.150511],[-155.449358,19.150153],[-155.449823,19.149697],[-155.450533,19.149743],[-155.450754,19.149112],[-155.450287,19.148964],[-155.450952,19.14881],[-155.453701,19.147416],[-155.454034,19.147458],[-155.454889,19.146828],[-155.456706,19.146329],[-155.457223,19.145808],[-155.457781,19.146122],[-155.458017,19.146054],[-155.45831,19.145599],[-155.459957,19.144894],[-155.462137,19.144415],[-155.463097,19.143823],[-155.463846,19.143799],[-155.463971,19.143606],[-155.464349,19.144017],[-155.464607,19.143846],[-155.464868,19.143955],[-155.464983,19.14426],[-155.46576,19.1439],[-155.465783,19.144379],[-155.46618,19.144762],[-155.466671,19.144507],[-155.467119,19.144589],[-155.467157,19.144367],[-155.468454,19.144646],[-155.470299,19.144316],[-155.470515,19.144138],[-155.470712,19.144288],[-155.471719,19.144177],[-155.472041,19.143788],[-155.472544,19.143869],[-155.474096,19.143084],[-155.474655,19.142964],[-155.476129,19.142083],[-155.476434,19.142161],[-155.477472,19.141865],[-155.477563,19.141598],[-155.478067,19.14147],[-155.479821,19.140046],[-155.481716,19.139555],[-155.48208,19.139712],[-155.483346,19.13917],[-155.483407,19.138943],[-155.483671,19.138884],[-155.483896,19.138325],[-155.485666,19.137671],[-155.490701,19.137347],[-155.490926,19.137161],[-155.49151,19.138077],[-155.492456,19.137568],[-155.494165,19.138514],[-155.494392,19.138359],[-155.495386,19.138661],[-155.495681,19.137438],[-155.496072,19.137887],[-155.496606,19.137516],[-155.496118,19.136739],[-155.496995,19.136445],[-155.497021,19.13584],[-155.49743,19.135226],[-155.497668,19.135139],[-155.498102,19.135418],[-155.498254,19.1363],[-155.498575,19.135939],[-155.4988,19.136263],[-155.499047,19.136201],[-155.499494,19.136463],[-155.49966,19.136006],[-155.500101,19.135977],[-155.500146,19.13583],[-155.500092,19.135315],[-155.499873,19.135103],[-155.500085,19.134871],[-155.499994,19.134627],[-155.5003,19.134535],[-155.500451,19.134682],[-155.500617,19.134411],[-155.500796,19.134498],[-155.500879,19.134869],[-155.501006,19.134671],[-155.50127,19.134665],[-155.50141,19.135045],[-155.501565,19.13457],[-155.502,19.13455],[-155.502099,19.134882],[-155.502206,19.134755],[-155.50271,19.134768],[-155.502755,19.135178],[-155.503473,19.135792],[-155.503457,19.136105],[-155.503747,19.136336],[-155.50477,19.135819],[-155.505319,19.134644],[-155.504983,19.134337],[-155.505105,19.13383],[-155.504957,19.133408],[-155.50523,19.133241],[-155.505395,19.132859],[-155.505166,19.132378],[-155.505319,19.132225],[-155.505169,19.131892],[-155.505258,19.131781],[-155.505627,19.131897],[-155.505807,19.131505],[-155.507363,19.131364],[-155.507516,19.131003],[-155.507677,19.131085],[-155.508175,19.130577],[-155.508294,19.130736],[-155.508615,19.130352],[-155.508616,19.130079],[-155.508793,19.130208],[-155.509013,19.130042],[-155.509277,19.130132],[-155.509398,19.129963],[-155.509225,19.129822],[-155.50921,19.129494],[-155.509912,19.129252],[-155.509866,19.128975],[-155.510293,19.129075],[-155.509742,19.129498],[-155.509951,19.129759],[-155.510309,19.129712],[-155.510385,19.129323],[-155.510736,19.129557],[-155.511327,19.129602],[-155.511636,19.129355],[-155.512384,19.129281],[-155.512399,19.12912],[-155.511392,19.128956],[-155.511056,19.128468],[-155.510483,19.128416],[-155.510599,19.128046],[-155.510997,19.128025],[-155.511072,19.127531],[-155.510439,19.126596],[-155.510293,19.125912],[-155.509897,19.125908],[-155.509576,19.12499],[-155.509836,19.12497],[-155.509717,19.124841],[-155.509912,19.124569],[-155.509653,19.124452],[-155.509655,19.124253],[-155.51016,19.124214],[-155.509591,19.124129],[-155.5095,19.123999],[-155.509761,19.123913],[-155.5095,19.123539],[-155.509666,19.123396],[-155.510536,19.123621],[-155.509897,19.123244],[-155.509856,19.122985],[-155.510069,19.122866],[-155.510805,19.123043],[-155.510908,19.122931],[-155.510248,19.122769],[-155.510362,19.122474],[-155.510172,19.121963],[-155.509567,19.121155],[-155.510247,19.120462],[-155.510377,19.120782],[-155.511957,19.120425],[-155.511408,19.119447],[-155.511926,19.119465],[-155.512078,19.118971],[-155.512704,19.119423],[-155.512948,19.118525],[-155.513335,19.118931],[-155.514167,19.118632],[-155.514573,19.118763],[-155.514693,19.118245],[-155.515303,19.1181],[-155.515512,19.117003],[-155.515054,19.116805],[-155.515396,19.116199],[-155.515742,19.116255],[-155.515939,19.115448],[-155.516504,19.115521],[-155.517084,19.113884],[-155.518579,19.113867],[-155.519355,19.113228],[-155.519904,19.113366],[-155.520334,19.113152],[-155.52218,19.113194],[-155.52275,19.112734],[-155.523566,19.112748],[-155.524789,19.113709],[-155.52525,19.11355],[-155.525262,19.112946],[-155.525541,19.112458],[-155.525188,19.111813],[-155.52562,19.110856],[-155.526605,19.111205],[-155.526956,19.110699],[-155.526332,19.110569],[-155.527647,19.107915],[-155.529782,19.105018],[-155.530526,19.105252],[-155.531412,19.104788],[-155.53158,19.104068],[-155.532327,19.102607],[-155.533441,19.102593],[-155.533425,19.101996],[-155.534448,19.101555],[-155.534754,19.100698],[-155.53465,19.099809],[-155.534776,19.098504],[-155.535431,19.098568],[-155.535913,19.097764],[-155.536661,19.09548],[-155.537394,19.094866],[-155.538003,19.093876],[-155.53901,19.093411],[-155.539093,19.092941],[-155.539697,19.092806],[-155.539529,19.092339],[-155.540338,19.091121],[-155.540907,19.091402],[-155.541209,19.090503],[-155.541791,19.090198],[-155.541681,19.089247],[-155.542276,19.088597],[-155.542236,19.087918],[-155.542688,19.085848],[-155.546365,19.08523],[-155.546827,19.084564],[-155.54725,19.084704],[-155.547235,19.085049],[-155.546762,19.0854],[-155.547306,19.085984],[-155.550107,19.085215],[-155.550051,19.084837],[-155.549074,19.085176],[-155.550393,19.08388],[-155.550993,19.084131],[-155.551406,19.083925],[-155.551874,19.083258],[-155.551584,19.082745],[-155.551584,19.081962],[-155.552256,19.081446],[-155.552942,19.081274],[-155.553277,19.080233],[-155.554284,19.079855],[-155.555065,19.079322],[-155.555247,19.078989],[-155.555383,19.077753],[-155.555109,19.077579],[-155.5552,19.077023],[-155.554605,19.075844],[-155.553299,19.075642],[-155.553796,19.074257],[-155.553142,19.071514],[-155.554071,19.070984],[-155.553858,19.069868],[-155.553279,19.069705],[-155.553314,19.069182],[-155.553857,19.069172],[-155.55403,19.06872],[-155.553918,19.067801],[-155.553262,19.067172],[-155.552774,19.067139],[-155.552759,19.066237],[-155.55314,19.066077],[-155.553155,19.065457],[-155.552807,19.064952],[-155.553175,19.063891],[-155.552855,19.063524],[-155.55375,19.06131],[-155.552698,19.059767],[-155.552606,19.059098],[-155.552897,19.059047],[-155.553662,19.057199],[-155.552778,19.055266],[-155.552331,19.055085],[-155.552167,19.052773],[-155.551847,19.052309],[-155.551706,19.051358],[-155.552748,19.051128],[-155.552607,19.050791],[-155.553781,19.049527],[-155.553262,19.047234],[-155.553827,19.046364],[-155.554803,19.043425],[-155.556958,19.040252],[-155.558053,19.037724],[-155.558867,19.036986],[-155.561506,19.032525],[-155.563882,19.029391],[-155.56613,19.027846],[-155.567319,19.026597],[-155.573042,19.024735],[-155.574029,19.024271],[-155.574289,19.023316],[-155.575437,19.022947],[-155.576944,19.021872],[-155.577493,19.020445],[-155.578012,19.019808],[-155.579339,19.019101],[-155.5798,19.018488],[-155.580087,19.017702],[-155.580026,19.016903],[-155.580514,19.01643],[-155.580774,19.015193],[-155.581323,19.01475],[-155.582872,19.009602],[-155.583277,19.009443],[-155.583065,19.008849],[-155.583538,19.008061],[-155.583521,19.006779],[-155.584453,19.006033],[-155.584649,19.005394],[-155.584409,19.004687],[-155.585404,19.003577],[-155.587015,19.002629],[-155.587381,19.001439],[-155.588787,19.000099],[-155.590692,18.998864],[-155.591608,18.997193],[-155.592248,18.996859],[-155.592584,18.996104],[-155.593469,18.995692],[-155.593444,18.995223],[-155.593665,18.994891],[-155.593866,18.994992],[-155.594064,18.994521],[-155.59411,18.993962],[-155.593835,18.993115],[-155.594234,18.992414],[-155.593713,18.990612],[-155.593683,18.990038],[-155.594003,18.989768],[-155.593713,18.988442],[-155.593978,18.988009],[-155.593927,18.98725],[-155.593728,18.98696],[-155.59382,18.986376],[-155.593363,18.985649],[-155.593546,18.985194],[-155.593333,18.985034],[-155.593488,18.984101],[-155.593927,18.98346],[-155.593774,18.983078],[-155.593988,18.982163],[-155.593851,18.981353],[-155.594262,18.981074],[-155.59431,18.980733],[-155.593639,18.980115],[-155.594018,18.978135],[-155.593957,18.977515],[-155.59436,18.976643],[-155.594797,18.97655],[-155.595593,18.975402],[-155.595591,18.975199],[-155.595997,18.975011],[-155.597329,18.975502],[-155.597633,18.975273],[-155.597925,18.9753],[-155.597986,18.974192],[-155.598307,18.973995],[-155.598692,18.974195],[-155.599161,18.972945],[-155.598977,18.971989],[-155.599241,18.971639],[-155.599117,18.970734],[-155.598797,18.970774],[-155.598901,18.969862],[-155.599252,18.969931],[-155.599574,18.969628],[-155.599774,18.96914],[-155.599786,18.968825],[-155.599223,18.968829],[-155.599298,18.96843],[-155.599547,18.968195],[-155.599776,18.968282],[-155.600263,18.967865],[-155.600274,18.967404],[-155.600955,18.967705],[-155.601036,18.968507],[-155.601877,18.967925],[-155.60264,18.967774],[-155.602868,18.967949],[-155.603539,18.96775],[-155.604614,18.966907],[-155.608621,18.966464],[-155.609403,18.965873],[-155.610483,18.965718],[-155.618188,18.963317],[-155.621453,18.963533],[-155.621684,18.962811],[-155.621946,18.962751],[-155.622094,18.962254],[-155.622949,18.962057],[-155.622827,18.961693],[-155.623087,18.961072],[-155.622863,18.960576],[-155.622965,18.959703],[-155.622773,18.959385],[-155.62243,18.95773],[-155.62243,18.956793],[-155.62388,18.955536],[-155.624986,18.95504],[-155.625345,18.954049],[-155.625696,18.953648],[-155.625482,18.953225],[-155.626189,18.952966],[-155.626352,18.952637],[-155.626245,18.951551],[-155.62684,18.951355],[-155.627009,18.950976],[-155.626886,18.950554],[-155.627466,18.94979],[-155.627694,18.948555],[-155.627575,18.948207],[-155.629851,18.947446],[-155.629991,18.947043],[-155.630435,18.946968],[-155.630755,18.947148],[-155.63156,18.945733],[-155.631877,18.945494],[-155.631771,18.945048],[-155.632211,18.944746],[-155.632322,18.942869],[-155.632715,18.942502],[-155.632913,18.941969],[-155.633417,18.941763],[-155.633239,18.941277],[-155.633355,18.940762],[-155.634167,18.940348],[-155.634351,18.939751],[-155.634942,18.93966],[-155.635485,18.938582],[-155.638498,18.936099],[-155.640804,18.936082],[-155.641551,18.935305],[-155.642066,18.934996],[-155.642633,18.935114],[-155.643299,18.93479],[-155.644964,18.935559],[-155.645334,18.936017],[-155.645691,18.935922],[-155.645734,18.935635],[-155.646295,18.936121],[-155.646661,18.93598],[-155.646848,18.93574],[-155.646041,18.934162],[-155.64602,18.933144],[-155.646386,18.932427],[-155.647271,18.931895],[-155.647246,18.93102],[-155.647608,18.930571],[-155.648113,18.929363],[-155.649274,18.928849],[-155.649545,18.927809],[-155.649927,18.927317],[-155.650689,18.927069],[-155.650874,18.92618],[-155.651574,18.925621],[-155.652601,18.925073],[-155.653366,18.925057],[-155.653563,18.924881],[-155.654507,18.924769],[-155.654755,18.923825],[-155.654596,18.923338],[-155.655023,18.922575],[-155.655425,18.92224],[-155.655714,18.922331],[-155.655916,18.921695],[-155.656739,18.921735],[-155.656933,18.921106],[-155.657265,18.920835],[-155.658338,18.920764],[-155.658999,18.920973],[-155.660196,18.920784],[-155.660428,18.92057],[-155.660537,18.920108],[-155.661946,18.919671],[-155.662357,18.9199],[-155.662607,18.92026],[-155.664071,18.919846],[-155.664224,18.918406],[-155.663922,18.918104],[-155.663894,18.917529],[-155.664102,18.917151],[-155.664673,18.916915],[-155.664838,18.916617],[-155.665654,18.916593],[-155.66665,18.916798],[-155.666894,18.916549],[-155.667291,18.916522],[-155.667818,18.916777],[-155.668115,18.916756],[-155.668554,18.915656],[-155.668906,18.916124],[-155.669015,18.916636],[-155.669433,18.91664],[-155.6699,18.915705],[-155.671108,18.914943],[-155.671167,18.914603],[-155.67175,18.914415],[-155.671853,18.914149],[-155.672821,18.913593],[-155.67315,18.9126],[-155.673546,18.912123],[-155.673929,18.912334],[-155.674842,18.912004],[-155.675424,18.912108],[-155.675914,18.911709],[-155.676324,18.912053],[-155.676999,18.912059],[-155.677606,18.911644],[-155.677808,18.911064],[-155.678949,18.910784],[-155.679162,18.911046],[-155.680017,18.91125],[-155.680642,18.911093],[-155.681084,18.910686],[-155.682115,18.911003],[-155.677374,18.92574],[-155.672766,18.942282],[-155.669031,18.958161],[-155.665921,18.974204],[-155.663556,18.98956],[-155.661646,19.006319],[-155.660461,19.022431],[-155.659918,19.037943],[-155.659989,19.054779],[-155.66066,19.070212],[-155.662085,19.087344],[-155.663981,19.102723],[-155.66645,19.118],[-155.669685,19.134052],[-155.67354,19.149907],[-155.677776,19.164802],[-155.675566,19.16605],[-155.672164,19.167629],[-155.666861,19.168286],[-155.665527,19.168209],[-155.664993,19.168809],[-155.665211,19.170618],[-155.66329,19.171753],[-155.662203,19.17206],[-155.660373,19.172186],[-155.658653,19.173063],[-155.655982,19.175119],[-155.653893,19.176317],[-155.650376,19.176446],[-155.649752,19.17679],[-155.648467,19.178346],[-155.647764,19.17878],[-155.646903,19.179103],[-155.644528,19.179096],[-155.641922,19.180469],[-155.641079,19.180533],[-155.639246,19.181947],[-155.638214,19.183525],[-155.636173,19.18336],[-155.633627,19.183827],[-155.63223,19.184702],[-155.631091,19.18624],[-155.629859,19.187423],[-155.627808,19.187882],[-155.625447,19.187877],[-155.624867,19.188368],[-155.624946,19.189154],[-155.623798,19.18956],[-155.620869,19.189864],[-155.619524,19.190837],[-155.619248,19.191924],[-155.617739,19.192595],[-155.616201,19.194078],[-155.615059,19.194157],[-155.615513,19.195205],[-155.614028,19.198121],[-155.608969,19.201673],[-155.607609,19.203182],[-155.605297,19.204446],[-155.602231,19.20505],[-155.600092,19.207815],[-155.598034,19.208543],[-155.59708,19.209242],[-155.594645,19.21218],[-155.593944,19.213929],[-155.588876,19.218551],[-155.587144,19.221156],[-155.58674,19.222243],[-155.584704,19.223648],[-155.583829,19.225284],[-155.582239,19.225894],[-155.58066,19.227924],[-155.579125,19.231472],[-155.575395,19.233366],[-155.575048,19.233703],[-155.574914,19.234105],[-155.574128,19.234823],[-155.573726,19.235987],[-155.572773,19.236115],[-155.572578,19.236318],[-155.572596,19.236868],[-155.572142,19.23746],[-155.571269,19.238071],[-155.570912,19.238802],[-155.570377,19.239083],[-155.569586,19.240692],[-155.569188,19.240894],[-155.568431,19.241844],[-155.568459,19.242936],[-155.567931,19.243549],[-155.567249,19.245086],[-155.566787,19.245234],[-155.565646,19.24614],[-155.565012,19.247104],[-155.565069,19.248008],[-155.564447,19.248529],[-155.563388,19.248766],[-155.562462,19.249439],[-155.562006,19.250094],[-155.560741,19.251175],[-155.559895,19.252206],[-155.558926,19.25414],[-155.558162,19.254858],[-155.556276,19.257589],[-155.555326,19.260188],[-155.55437,19.261795],[-155.553477,19.26229],[-155.551031,19.264753],[-155.549535,19.264564],[-155.546408,19.265556],[-155.544453,19.265987],[-155.543823,19.266438],[-155.541924,19.266376],[-155.539148,19.267343],[-155.53728,19.268457],[-155.535839,19.268845],[-155.533543,19.269938],[-155.531862,19.27113],[-155.531284,19.271941],[-155.528129,19.274624],[-155.527637,19.274825],[-155.526723,19.274616],[-155.526159,19.27493],[-155.52526,19.276974],[-155.523445,19.279203],[-155.522547,19.279692],[-155.521958,19.280335],[-155.521403,19.282526],[-155.519414,19.283791],[-155.51834,19.285143],[-155.517411,19.286584],[-155.517087,19.287439],[-155.516453,19.288149],[-155.515371,19.288535],[-155.514255,19.290103],[-155.513201,19.289981],[-155.511912,19.291379],[-155.511716,19.292753],[-155.510692,19.293396],[-155.509467,19.294874],[-155.508466,19.299006],[-155.508469,19.299999],[-155.507872,19.303042],[-155.508021,19.30378],[-155.50748,19.304285],[-155.507262,19.305598],[-155.506595,19.306477],[-155.506428,19.308984],[-155.505341,19.310153],[-155.505567,19.310655],[-155.50492,19.311301],[-155.504748,19.311844],[-155.504874,19.312604],[-155.504362,19.313295],[-155.504319,19.314081],[-155.50372,19.315706],[-155.503556,19.316599],[-155.503715,19.317595],[-155.502342,19.319554],[-155.502349,19.320488],[-155.50206,19.321459],[-155.501552,19.322156],[-155.500349,19.32296],[-155.499996,19.324177],[-155.498926,19.3245],[-155.498196,19.325437],[-155.496168,19.326597],[-155.494911,19.32759],[-155.493451,19.327956],[-155.493176,19.328716],[-155.491939,19.329199],[-155.490931,19.329351],[-155.490481,19.330271],[-155.489714,19.330571],[-155.488465,19.33212],[-155.488075,19.333208],[-155.485501,19.336424],[-155.482685,19.339204],[-155.482041,19.340784],[-155.481032,19.341614],[-155.479705,19.344024],[-155.478342,19.344588],[-155.477699,19.345429],[-155.476972,19.345628],[-155.476629,19.346303],[-155.47675,19.346974],[-155.475858,19.347237],[-155.475644,19.348313],[-155.474969,19.348771],[-155.474801,19.349615],[-155.472214,19.351334],[-155.471495,19.351134],[-155.470366,19.352269],[-155.469935,19.352971],[-155.470037,19.355067],[-155.468207,19.356215],[-155.46722,19.357358],[-155.466822,19.358262],[-155.465808,19.359159],[-155.465853,19.359909],[-155.465111,19.361324],[-155.463663,19.362201],[-155.463004,19.363067],[-155.461373,19.364658],[-155.460098,19.366475],[-155.458994,19.366277],[-155.458242,19.367404],[-155.456806,19.367828],[-155.45461,19.368842],[-155.454779,19.369675],[-155.454177,19.370348],[-155.453006,19.371218],[-155.45217,19.371313],[-155.451885,19.372044],[-155.450604,19.372593],[-155.450028,19.372208],[-155.449247,19.372199],[-155.448921,19.372706],[-155.447075,19.374071],[-155.447021,19.374939],[-155.446135,19.375514],[-155.443996,19.375852],[-155.441809,19.377558],[-155.440539,19.378053],[-155.437658,19.380548],[-155.436693,19.380726],[-155.436189,19.381258],[-155.436574,19.381656],[-155.43573,19.383397],[-155.435631,19.384255],[-155.434227,19.385473],[-155.432703,19.386333],[-155.430852,19.386716],[-155.430109,19.387412],[-155.429919,19.388189],[-155.428177,19.388811],[-155.42635,19.390359],[-155.425641,19.39172],[-155.423292,19.393818],[-155.419767,19.399421],[-155.415729,19.403504],[-155.414532,19.403955],[-155.412847,19.405072],[-155.412115,19.407635],[-155.411848,19.409267],[-155.411059,19.409619],[-155.408816,19.412284],[-155.409128,19.412962],[-155.407868,19.414295],[-155.405381,19.415061],[-155.403812,19.415905],[-155.403062,19.417111],[-155.402599,19.416599],[-155.402495,19.415947],[-155.399809,19.416134],[-155.398753,19.416587],[-155.398449,19.417058],[-155.398524,19.417493],[-155.39666,19.419705],[-155.395492,19.420519],[-155.395086,19.423302],[-155.394525,19.424171],[-155.393184,19.424685],[-155.392203,19.424642],[-155.391242,19.426141],[-155.387279,19.429594],[-155.385867,19.429982],[-155.379886,19.434353],[-155.378722,19.434861],[-155.378103,19.435631],[-155.376631,19.436335],[-155.376193,19.437312],[-155.373417,19.439935],[-155.372447,19.44116],[-155.369646,19.442475],[-155.368783,19.441894],[-155.367246,19.443448],[-155.366134,19.443051],[-155.364689,19.442913],[-155.365095,19.444697],[-155.362308,19.446456],[-155.361253,19.446149],[-155.359989,19.446157],[-155.359552,19.44669],[-155.358325,19.446792],[-155.357396,19.448047],[-155.35684,19.44941],[-155.353063,19.449751],[-155.351292,19.450588],[-155.350631,19.451808],[-155.349424,19.452233],[-155.349193,19.454034],[-155.347883,19.454305],[-155.345238,19.456295],[-155.34411,19.457748],[-155.34117,19.460197],[-155.339131,19.462526],[-155.337956,19.463153],[-155.336729,19.462501],[-155.335544,19.46344],[-155.335212,19.464718],[-155.334039,19.464672],[-155.333665,19.465308],[-155.332099,19.465174],[-155.331339,19.46577],[-155.33043,19.467696],[-155.327481,19.470729],[-155.326086,19.472649],[-155.32528,19.472681],[-155.324858,19.473646],[-155.322705,19.475849],[-155.320052,19.477391],[-155.317816,19.477462],[-155.314747,19.481036],[-155.314359,19.482122],[-155.3126,19.483433],[-155.311713,19.48516],[-155.311521,19.487042],[-155.3089,19.490327],[-155.308402,19.491379],[-155.308161,19.493651],[-155.309417,19.494488],[-155.307037,19.498951],[-155.305893,19.502274],[-155.301756,19.504532],[-155.300608,19.505517],[-155.298447,19.506513],[-155.297014,19.507811],[-155.252973,19.407222],[-155.250241,19.400675],[-155.247747,19.395718],[-155.244943,19.390916],[-155.242305,19.386946],[-155.238965,19.3825],[-155.235355,19.378271],[-155.232055,19.374831],[-155.228576,19.371572],[-155.224305,19.368012],[-155.220473,19.365177],[-155.215818,19.362134],[-155.211684,19.359761],[-155.207429,19.357613],[-155.203066,19.355694],[-155.198606,19.354012],[-155.195585,19.353024],[-155.192346,19.352325],[-155.187445,19.351488],[-155.181683,19.350836],[-155.17672,19.350555],[-155.171749,19.350533],[-155.165957,19.350833],[-155.161015,19.35137],[-155.145168,19.354201],[-155.137525,19.356036],[-155.109565,19.361654],[-155.085172,19.366913],[-155.059992,19.372695],[-155.038474,19.377922],[-155.013448,19.384336],[-154.984957,19.392082],[-154.976344,19.394994],[-154.967817,19.398148],[-154.959382,19.401541],[-154.949667,19.405799],[-154.941455,19.409701],[-154.933357,19.413833],[-154.925414,19.418171],[-154.916327,19.423499],[-154.907418,19.429121],[-154.899932,19.434169],[-154.892591,19.439425],[-154.885399,19.444884],[-154.874905,19.453446],[-154.846376,19.480007],[-154.824372,19.500871],[-154.8069,19.516883],[-154.806899,19.515371],[-154.807535,19.514607],[-154.807932,19.513766]]]]}},{"type":"Feature","id":"HIZ053","properties":{"id":"HIZ053","name":"Big Island East","island":"BigIsland"},"geometry":{"type":"Polygon","coordinates":[[[-155.281935,20.019029],[-155.281176,20.018823],[-155.280768,20.018946],[-155.280059,20.018828],[-155.279415,20.018],[-155.278558,20.017397],[-155.277978,20.017271],[-155.277444,20.01676],[-155.276443,20.016836],[-155.276442,20.016619],[-155.275293,20.01606],[-155.274913,20.016085],[-155.274886,20.015699],[-155.274245,20.015395],[-155.273538,20.014771],[-155.271905,20.013907],[-155.270913,20.012976],[-155.269845,20.012762],[-155.269362,20.012369],[-155.268945,20.012274],[-155.268199,20.011535],[-155.267746,20.011384],[-155.26661,20.010252],[-155.266183,20.00953],[-155.265298,20.009152],[-155.264373,20.008391],[-155.263498,20.008],[-155.263238,20.007548],[-155.262756,20.007333],[-155.262354,20.006908],[-155.262238,20.005851],[-155.26185,20.00544],[-155.26157,20.005297],[-155.260634,20.005544],[-155.259622,20.004395],[-155.257882,20.003621],[-155.255968,20.003267],[-155.255505,20.002729],[-155.254724,20.002499],[-155.254651,20.002273],[-155.252631,20.000531],[-155.251672,20.000544],[-155.251612,19.999648],[-155.250329,19.998282],[-155.249959,19.996859],[-155.249444,19.99598],[-155.249217,19.995616],[-155.248254,19.994822],[-155.247323,19.994315],[-155.246576,19.994118],[-155.245021,19.994252],[-155.244073,19.994107],[-155.243563,19.993903],[-155.243371,19.993659],[-155.243051,19.993695],[-155.242867,19.993438],[-155.242468,19.993724],[-155.242176,19.993444],[-155.241888,19.993729],[-155.241327,19.99383],[-155.240747,19.993649],[-155.240577,19.993829],[-155.240098,19.993792],[-155.240014,19.99339],[-155.240198,19.992663],[-155.240093,19.992202],[-155.240445,19.991789],[-155.240705,19.991858],[-155.240718,19.991357],[-155.241067,19.99092],[-155.239938,19.989184],[-155.23919,19.987616],[-155.238778,19.987465],[-155.238366,19.987032],[-155.236673,19.986771],[-155.2352,19.986154],[-155.234765,19.986269],[-155.234735,19.986054],[-155.234201,19.985638],[-155.233413,19.985628],[-155.233041,19.985268],[-155.231148,19.984768],[-155.230374,19.984248],[-155.229135,19.983006],[-155.22892,19.983025],[-155.227938,19.9825],[-155.225427,19.980744],[-155.223864,19.980757],[-155.223016,19.980536],[-155.222516,19.979589],[-155.221826,19.979193],[-155.221692,19.978966],[-155.221274,19.978921],[-155.220853,19.978642],[-155.220222,19.978631],[-155.219674,19.978127],[-155.219278,19.977444],[-155.219079,19.977826],[-155.218805,19.977915],[-155.218927,19.977311],[-155.216828,19.97656],[-155.215983,19.976494],[-155.215314,19.975967],[-155.214456,19.975642],[-155.214044,19.975693],[-155.213586,19.97511],[-155.213434,19.974617],[-155.212381,19.97465],[-155.212358,19.974271],[-155.211911,19.97375],[-155.21162,19.973671],[-155.211395,19.97331],[-155.210917,19.973249],[-155.210357,19.97247],[-155.210154,19.972649],[-155.210007,19.972392],[-155.209965,19.972562],[-155.209742,19.972299],[-155.209451,19.972244],[-155.209192,19.971842],[-155.208447,19.97142],[-155.208462,19.971226],[-155.207795,19.971005],[-155.207559,19.970721],[-155.207559,19.970387],[-155.206659,19.970263],[-155.206384,19.969992],[-155.206384,19.969676],[-155.206064,19.969662],[-155.205901,19.969398],[-155.205606,19.969408],[-155.205614,19.969109],[-155.205163,19.968613],[-155.204738,19.968325],[-155.204369,19.968376],[-155.204202,19.968232],[-155.204324,19.967787],[-155.203866,19.967585],[-155.203658,19.967656],[-155.203107,19.966917],[-155.202081,19.966506],[-155.201748,19.965483],[-155.201867,19.964512],[-155.201104,19.963639],[-155.200845,19.963032],[-155.200158,19.962756],[-155.199701,19.962163],[-155.199446,19.962166],[-155.19929,19.961925],[-155.198802,19.96172],[-155.198907,19.961283],[-155.19842,19.960964],[-155.198099,19.960385],[-155.197334,19.960514],[-155.197016,19.960323],[-155.197251,19.959102],[-155.196864,19.958718],[-155.196954,19.957991],[-155.196557,19.957446],[-155.196618,19.956856],[-155.196421,19.956001],[-155.195749,19.955044],[-155.194594,19.954871],[-155.193228,19.955391],[-155.191921,19.955284],[-155.191675,19.955042],[-155.190353,19.954467],[-155.189909,19.95459],[-155.189752,19.9544],[-155.188765,19.954344],[-155.187967,19.953965],[-155.187478,19.954075],[-155.187329,19.953825],[-155.186002,19.9532],[-155.185635,19.953187],[-155.185113,19.95274],[-155.184778,19.952782],[-155.184274,19.952368],[-155.184015,19.952378],[-155.183191,19.951457],[-155.181968,19.95101],[-155.181146,19.950224],[-155.180268,19.949999],[-155.178735,19.948536],[-155.178078,19.948654],[-155.17811,19.947936],[-155.177961,19.947631],[-155.177514,19.947691],[-155.177591,19.947409],[-155.177369,19.946231],[-155.17666,19.945754],[-155.175733,19.945455],[-155.175577,19.944674],[-155.175271,19.944688],[-155.175088,19.944346],[-155.174401,19.9442],[-155.174295,19.944008],[-155.17305,19.943881],[-155.17279,19.943415],[-155.172786,19.942923],[-155.171795,19.941842],[-155.171154,19.94158],[-155.170923,19.941075],[-155.17048,19.941096],[-155.17019,19.940709],[-155.169602,19.940667],[-155.168896,19.939948],[-155.168435,19.939805],[-155.167962,19.939875],[-155.168191,19.939616],[-155.168237,19.938994],[-155.167607,19.938848],[-155.167489,19.938485],[-155.165918,19.937457],[-155.165826,19.937174],[-155.163451,19.936202],[-155.163141,19.935645],[-155.162856,19.935523],[-155.162591,19.934918],[-155.16136,19.934059],[-155.161387,19.933648],[-155.160594,19.933517],[-155.160094,19.932701],[-155.159887,19.932772],[-155.159585,19.932345],[-155.1587,19.932124],[-155.158151,19.932245],[-155.157819,19.932091],[-155.15812,19.93093],[-155.156412,19.92907],[-155.156337,19.928804],[-155.155954,19.928739],[-155.155793,19.928142],[-155.155159,19.928251],[-155.154872,19.928083],[-155.154855,19.9278],[-155.154489,19.927727],[-155.154183,19.927904],[-155.153802,19.927798],[-155.153848,19.927603],[-155.153528,19.927685],[-155.153619,19.927313],[-155.152999,19.927297],[-155.153543,19.926627],[-155.153573,19.926362],[-155.151986,19.924706],[-155.151592,19.924607],[-155.151544,19.924117],[-155.151287,19.923993],[-155.151285,19.923588],[-155.150979,19.92366],[-155.150752,19.923209],[-155.149883,19.92303],[-155.149728,19.92273],[-155.149759,19.92228],[-155.148652,19.921462],[-155.148362,19.921469],[-155.148111,19.920912],[-155.147928,19.920975],[-155.147852,19.92071],[-155.147502,19.920619],[-155.146831,19.920103],[-155.146646,19.91973],[-155.146036,19.919255],[-155.145155,19.918986],[-155.145079,19.918687],[-155.144494,19.918581],[-155.142938,19.917651],[-155.142556,19.917704],[-155.142381,19.917479],[-155.141931,19.917551],[-155.141496,19.916993],[-155.141153,19.916953],[-155.140545,19.915829],[-155.140008,19.915586],[-155.139465,19.91498],[-155.138502,19.914937],[-155.138213,19.91459],[-155.138384,19.914316],[-155.138238,19.913655],[-155.137842,19.913264],[-155.137811,19.912999],[-155.137538,19.912883],[-155.137414,19.912474],[-155.137026,19.912391],[-155.136575,19.911253],[-155.136224,19.911026],[-155.135751,19.909857],[-155.135187,19.909766],[-155.134894,19.910014],[-155.134732,19.909942],[-155.134828,19.9092],[-155.134643,19.908127],[-155.135189,19.908039],[-155.1354,19.90754],[-155.134454,19.907713],[-155.133997,19.90752],[-155.133951,19.907254],[-155.133666,19.907076],[-155.133633,19.906624],[-155.132987,19.906235],[-155.132775,19.906259],[-155.132562,19.905894],[-155.131483,19.905626],[-155.131189,19.905375],[-155.130612,19.905342],[-155.130629,19.905108],[-155.130105,19.904866],[-155.129922,19.904574],[-155.129651,19.904589],[-155.129439,19.904178],[-155.128671,19.90366],[-155.128734,19.903264],[-155.128446,19.902699],[-155.128503,19.902359],[-155.128278,19.901827],[-155.129057,19.900634],[-155.129024,19.900215],[-155.128812,19.899916],[-155.128318,19.899761],[-155.127099,19.900263],[-155.125222,19.90061],[-155.125146,19.900448],[-155.125497,19.899981],[-155.125497,19.89931],[-155.124582,19.89913],[-155.124612,19.89897],[-155.124341,19.898978],[-155.124276,19.898791],[-155.123881,19.898815],[-155.123592,19.898379],[-155.124309,19.898106],[-155.124217,19.897646],[-155.123819,19.89741],[-155.123852,19.896919],[-155.123712,19.896685],[-155.123422,19.896885],[-155.123427,19.896628],[-155.123056,19.896248],[-155.123025,19.895739],[-155.122647,19.895448],[-155.122758,19.895109],[-155.121841,19.894504],[-155.122278,19.893717],[-155.121856,19.892834],[-155.121896,19.892468],[-155.120141,19.889266],[-155.119246,19.888423],[-155.119196,19.887937],[-155.119485,19.886445],[-155.119729,19.886015],[-155.119735,19.885455],[-155.119302,19.884085],[-155.119215,19.882601],[-155.118591,19.882658],[-155.118326,19.882365],[-155.117441,19.882088],[-155.117166,19.881628],[-155.116159,19.880906],[-155.114617,19.880874],[-155.114023,19.880453],[-155.112832,19.880444],[-155.112819,19.880097],[-155.112451,19.880082],[-155.112237,19.880339],[-155.111963,19.88012],[-155.111904,19.879846],[-155.111337,19.87957],[-155.111129,19.879173],[-155.110907,19.879027],[-155.110547,19.879157],[-155.109832,19.878273],[-155.109817,19.877819],[-155.110522,19.876724],[-155.110574,19.876124],[-155.109921,19.875021],[-155.108789,19.875027],[-155.108806,19.874635],[-155.108285,19.874325],[-155.108056,19.873909],[-155.107797,19.873878],[-155.106744,19.87229],[-155.106768,19.872021],[-155.1064,19.871207],[-155.105554,19.869868],[-155.104974,19.869326],[-155.103723,19.869423],[-155.103616,19.869692],[-155.103341,19.869805],[-155.10289,19.869716],[-155.10307,19.8692],[-155.103036,19.86899],[-155.102797,19.868909],[-155.10296,19.868789],[-155.102929,19.868573],[-155.102338,19.868207],[-155.101818,19.868198],[-155.101129,19.867543],[-155.100191,19.867275],[-155.098855,19.867802],[-155.098851,19.868102],[-155.097391,19.868814],[-155.096719,19.86825],[-155.09666,19.867991],[-155.096813,19.867823],[-155.09753,19.867792],[-155.098264,19.867085],[-155.097975,19.866842],[-155.098031,19.866648],[-155.097652,19.866414],[-155.097593,19.865987],[-155.097375,19.865794],[-155.097177,19.865841],[-155.096801,19.865517],[-155.09646,19.865549],[-155.096444,19.864935],[-155.096112,19.86496],[-155.096146,19.86467],[-155.095743,19.864836],[-155.09525,19.864756],[-155.094654,19.864988],[-155.094022,19.864833],[-155.093733,19.86451],[-155.093281,19.864574],[-155.093133,19.864928],[-155.092463,19.864741],[-155.092492,19.864531],[-155.092208,19.864497],[-155.092241,19.864241],[-155.091821,19.863392],[-155.090743,19.862875],[-155.090722,19.862633],[-155.090494,19.862585],[-155.090494,19.862359],[-155.090265,19.862269],[-155.090174,19.8616],[-155.089843,19.861494],[-155.090175,19.861011],[-155.090082,19.860769],[-155.089441,19.860792],[-155.08938,19.860453],[-155.088724,19.859719],[-155.088159,19.859395],[-155.088149,19.859193],[-155.088482,19.85896],[-155.088346,19.858782],[-155.088772,19.858743],[-155.089273,19.857432],[-155.089109,19.856632],[-155.088317,19.855856],[-155.087991,19.856153],[-155.087754,19.85604],[-155.088362,19.854865],[-155.088067,19.85459],[-155.08804,19.853865],[-155.08781,19.853719],[-155.088165,19.853402],[-155.087241,19.852597],[-155.086542,19.85257],[-155.086225,19.852708],[-155.084121,19.852235],[-155.083383,19.852379],[-155.084071,19.851469],[-155.083642,19.851128],[-155.083566,19.850775],[-155.084287,19.849874],[-155.084298,19.848978],[-155.084077,19.848575],[-155.083185,19.848298],[-155.082944,19.847944],[-155.082246,19.847894],[-155.08233,19.847691],[-155.082193,19.847224],[-155.081933,19.847199],[-155.082025,19.846942],[-155.081787,19.846595],[-155.082224,19.845476],[-155.083842,19.844194],[-155.083917,19.844424],[-155.084176,19.844511],[-155.084529,19.843942],[-155.084864,19.842283],[-155.084222,19.841685],[-155.08468,19.841469],[-155.084588,19.84109],[-155.0841,19.840668],[-155.084482,19.83964],[-155.084451,19.839299],[-155.084253,19.839146],[-155.083673,19.839112],[-155.08401,19.838855],[-155.083764,19.838419],[-155.083203,19.838465],[-155.083444,19.83821],[-155.083612,19.838242],[-155.083261,19.837426],[-155.083001,19.837346],[-155.083337,19.836926],[-155.083017,19.836563],[-155.083597,19.836249],[-155.083612,19.836056],[-155.083368,19.835886],[-155.082985,19.835991],[-155.082589,19.835799],[-155.083108,19.835444],[-155.083327,19.834759],[-155.083874,19.834172],[-155.083841,19.832671],[-155.083917,19.832036],[-155.084151,19.831746],[-155.083965,19.831287],[-155.084298,19.831288],[-155.084443,19.830844],[-155.084299,19.830692],[-155.084759,19.830499],[-155.084833,19.829998],[-155.085061,19.829716],[-155.085034,19.829266],[-155.08555,19.828486],[-155.08587,19.826722],[-155.085809,19.826416],[-155.085356,19.826075],[-155.085519,19.825882],[-155.085779,19.825964],[-155.086977,19.825193],[-155.086409,19.823515],[-155.087457,19.822525],[-155.087785,19.821955],[-155.087762,19.821665],[-155.089212,19.819984],[-155.090541,19.82035],[-155.091958,19.820441],[-155.091522,19.820175],[-155.090692,19.820219],[-155.089528,19.819799],[-155.088573,19.819821],[-155.088388,19.819636],[-155.088454,19.819353],[-155.088205,19.818369],[-155.087979,19.818127],[-155.088006,19.817692],[-155.088714,19.817154],[-155.088708,19.81672],[-155.089091,19.816397],[-155.08941,19.815375],[-155.090417,19.814578],[-155.090239,19.813779],[-155.090299,19.813321],[-155.091032,19.812984],[-155.091226,19.812275],[-155.09175,19.812035],[-155.091852,19.811768],[-155.091607,19.811123],[-155.091318,19.810946],[-155.090848,19.811058],[-155.090646,19.810727],[-155.089731,19.810433],[-155.0894,19.810497],[-155.089334,19.81028],[-155.089674,19.809918],[-155.090245,19.810186],[-155.090522,19.810043],[-155.090995,19.810252],[-155.092589,19.810313],[-155.092762,19.810084],[-155.093072,19.810612],[-155.093744,19.810387],[-155.093868,19.809985],[-155.093744,19.809567],[-155.092843,19.808896],[-155.092754,19.808662],[-155.093435,19.808869],[-155.093576,19.808732],[-155.092769,19.808419],[-155.092555,19.808073],[-155.092813,19.807339],[-155.093149,19.807337],[-155.09292,19.80696],[-155.093347,19.807017],[-155.093271,19.806782],[-155.092004,19.806244],[-155.091821,19.806025],[-155.091339,19.805995],[-155.090981,19.806149],[-155.090589,19.806037],[-155.09086,19.804932],[-155.091134,19.804762],[-155.090209,19.803893],[-155.089639,19.804072],[-155.089151,19.803694],[-155.088571,19.803873],[-155.087915,19.803711],[-155.087274,19.803881],[-155.086999,19.803713],[-155.086648,19.803265],[-155.08647,19.802514],[-155.086603,19.802247],[-155.086328,19.801699],[-155.087091,19.800795],[-155.085997,19.800451],[-155.086405,19.79983],[-155.086252,19.799653],[-155.086374,19.79941],[-155.086755,19.799328],[-155.087083,19.798742],[-155.086852,19.797886],[-155.087431,19.797465],[-155.087687,19.797465],[-155.087962,19.797094],[-155.087779,19.79686],[-155.087855,19.796456],[-155.08909,19.796439],[-155.089502,19.796269],[-155.089457,19.795945],[-155.089761,19.795605],[-155.089873,19.795099],[-155.090146,19.795057],[-155.090315,19.794637],[-155.090115,19.792711],[-155.089704,19.791962],[-155.089792,19.79114],[-155.090374,19.790396],[-155.090407,19.789872],[-155.089715,19.789526],[-155.089929,19.789267],[-155.089662,19.788519],[-155.089874,19.788229],[-155.089929,19.787713],[-155.089478,19.786528],[-155.08883,19.786127],[-155.088802,19.785554],[-155.087641,19.785024],[-155.087871,19.784854],[-155.087488,19.78409],[-155.086221,19.783173],[-155.086237,19.782528],[-155.086496,19.782044],[-155.086756,19.781922],[-155.087106,19.782002],[-155.087983,19.781557],[-155.087808,19.78114],[-155.086805,19.780777],[-155.086778,19.780245],[-155.08717,19.780212],[-155.087396,19.780011],[-155.087432,19.779332],[-155.087687,19.778856],[-155.088312,19.778573],[-155.088434,19.778325],[-155.088452,19.777613],[-155.088101,19.777203],[-155.087504,19.776954],[-155.08775,19.776623],[-155.087554,19.776365],[-155.087535,19.775849],[-155.087732,19.775696],[-155.087533,19.775082],[-155.087991,19.774403],[-155.088098,19.7738],[-155.088588,19.773606],[-155.088647,19.773228],[-155.08978,19.773031],[-155.089922,19.771805],[-155.089685,19.771555],[-155.089731,19.771113],[-155.089493,19.770774],[-155.089837,19.770201],[-155.089738,19.769757],[-155.089883,19.769267],[-155.090386,19.768846],[-155.0906,19.768935],[-155.090951,19.768691],[-155.090829,19.767579],[-155.089959,19.766743],[-155.089593,19.765887],[-155.088846,19.765404],[-155.089173,19.765034],[-155.089002,19.764526],[-155.08932,19.764432],[-155.08958,19.764017],[-155.089502,19.763413],[-155.088968,19.763348],[-155.088743,19.763084],[-155.089032,19.762946],[-155.088639,19.762656],[-155.089041,19.762398],[-155.089471,19.762534],[-155.089915,19.761122],[-155.089658,19.760832],[-155.08967,19.76055],[-155.090402,19.759793],[-155.090302,19.759049],[-155.090448,19.758807],[-155.090224,19.758574],[-155.090738,19.758349],[-155.09022,19.756777],[-155.09074,19.756581],[-155.092488,19.75669],[-155.092935,19.757029],[-155.094126,19.75713],[-155.093852,19.756833],[-155.092737,19.756567],[-155.09237,19.756175],[-155.091685,19.756039],[-155.090936,19.755162],[-155.090957,19.754307],[-155.090726,19.754041],[-155.090661,19.753357],[-155.090295,19.753043],[-155.090326,19.752713],[-155.090023,19.752269],[-155.091012,19.750767],[-155.09089,19.749936],[-155.091142,19.749614],[-155.091073,19.749051],[-155.091336,19.748654],[-155.090829,19.748116],[-155.090908,19.747841],[-155.09028,19.746859],[-155.090234,19.7444],[-155.089853,19.742831],[-155.089947,19.742029],[-155.090373,19.741482],[-155.090402,19.741005],[-155.090722,19.740313],[-155.090707,19.739104],[-155.090219,19.738415],[-155.089685,19.738244],[-155.089628,19.738099],[-155.090387,19.737435],[-155.090783,19.736697],[-155.090936,19.735926],[-155.090844,19.73482],[-155.090684,19.734321],[-155.089625,19.733641],[-155.08861,19.732556],[-155.088037,19.730827],[-155.087869,19.728987],[-155.088464,19.728495],[-155.088663,19.727879],[-155.089931,19.72724],[-155.090498,19.726465],[-155.089258,19.727023],[-155.08793,19.727929],[-155.087015,19.728014],[-155.086761,19.727807],[-155.086313,19.726658],[-155.085245,19.725461],[-155.084054,19.724547],[-155.083388,19.724266],[-155.079872,19.723489],[-155.076852,19.723052],[-155.073865,19.723148],[-155.071237,19.723546],[-155.070937,19.723389],[-155.070794,19.722367],[-155.070413,19.722416],[-155.070428,19.723082],[-155.070565,19.723588],[-155.071079,19.724308],[-155.071096,19.724816],[-155.071414,19.725507],[-155.071344,19.72596],[-155.070226,19.726363],[-155.069391,19.727698],[-155.06841,19.727954],[-155.068231,19.728627],[-155.067841,19.728623],[-155.067682,19.728318],[-155.0673,19.728396],[-155.067055,19.729062],[-155.066598,19.729359],[-155.066202,19.729969],[-155.064936,19.730406],[-155.063947,19.729822],[-155.063095,19.728242],[-155.062481,19.727701],[-155.062466,19.726772],[-155.063019,19.725585],[-155.062865,19.724473],[-155.062295,19.723906],[-155.062204,19.72445],[-155.06258,19.724775],[-155.062122,19.7255],[-155.061838,19.725689],[-155.060977,19.725822],[-155.060769,19.726326],[-155.06019,19.726487],[-155.060022,19.726683],[-155.060022,19.727322],[-155.059869,19.727532],[-155.057062,19.728678],[-155.056192,19.728755],[-155.055536,19.729311],[-155.056588,19.730516],[-155.05616,19.73053],[-155.054468,19.729969],[-155.054452,19.73355],[-155.053497,19.733093],[-155.053511,19.731316],[-155.052114,19.731375],[-155.051736,19.731911],[-155.051645,19.732439],[-155.05459,19.734259],[-155.060641,19.740673],[-155.06347,19.742808],[-155.066903,19.743523],[-155.075265,19.742718],[-155.075265,19.742838],[-155.066902,19.743773],[-155.063363,19.743027],[-155.060541,19.74099],[-155.054406,19.734423],[-155.050699,19.732363],[-155.048104,19.732235],[-155.047079,19.731586],[-155.046602,19.731585],[-155.046166,19.732083],[-155.045678,19.732253],[-155.046319,19.732623],[-155.046258,19.732832],[-155.044976,19.733391],[-155.044621,19.734098],[-155.044744,19.734848],[-155.04461,19.734913],[-155.044137,19.734549],[-155.043543,19.734694],[-155.042825,19.734576],[-155.042749,19.736416],[-155.042993,19.737486],[-155.042269,19.737958],[-155.041955,19.738511],[-155.041307,19.738011],[-155.040452,19.737893],[-155.040343,19.739002],[-155.040073,19.738949],[-155.03959,19.738484],[-155.039178,19.738732],[-155.039094,19.738242],[-155.038231,19.738075],[-155.03756,19.737728],[-155.035669,19.737833],[-155.03544,19.738362],[-155.03515,19.738404],[-155.034601,19.737992],[-155.034387,19.737277],[-155.033365,19.73724],[-155.032724,19.736821],[-155.032495,19.736884],[-155.032367,19.737643],[-155.032202,19.738041],[-155.032083,19.738026],[-155.031612,19.736804],[-155.031098,19.73665],[-155.030969,19.736393],[-155.030988,19.736142],[-155.031503,19.735634],[-155.031457,19.735175],[-155.031961,19.734951],[-155.03193,19.734677],[-155.031572,19.734293],[-155.030968,19.734333],[-155.030209,19.734884],[-155.02984,19.734074],[-155.029342,19.733935],[-155.029001,19.733374],[-155.028616,19.733275],[-155.02825,19.733877],[-155.027521,19.734284],[-155.027499,19.734913],[-155.027322,19.735142],[-155.026101,19.735537],[-155.025705,19.735228],[-155.024286,19.734957],[-155.024057,19.734436],[-155.024111,19.734087],[-155.023538,19.733643],[-155.02299,19.733891],[-155.022714,19.733323],[-155.022185,19.732998],[-155.021769,19.732503],[-155.022424,19.732178],[-155.022323,19.732011],[-155.020419,19.73236],[-155.019459,19.733124],[-155.018086,19.733126],[-155.017785,19.733372],[-155.017781,19.73376],[-155.017526,19.734095],[-155.016427,19.73436],[-155.01575,19.734773],[-155.014842,19.734495],[-155.014016,19.734562],[-155.014001,19.735371],[-155.013757,19.736174],[-155.013846,19.737408],[-155.012948,19.737242],[-155.012748,19.736986],[-155.012048,19.737067],[-155.011485,19.736834],[-155.011224,19.736086],[-155.01066,19.735819],[-155.010599,19.735327],[-155.01011,19.734976],[-155.008172,19.735295],[-155.007284,19.735259],[-155.00683,19.73554],[-155.006266,19.735603],[-155.005764,19.736037],[-155.004709,19.73593],[-155.003854,19.736144],[-155.003503,19.735819],[-155.003076,19.735848],[-155.002176,19.734803],[-155.00155,19.734513],[-155.001428,19.734126],[-155.001083,19.733912],[-155.001034,19.73346],[-155.000619,19.732901],[-155.000592,19.731294],[-155.000055,19.730792],[-154.999541,19.730556],[-154.999154,19.730013],[-154.998745,19.729767],[-154.997955,19.728793],[-154.997812,19.728116],[-154.99743,19.727684],[-154.99714,19.727686],[-154.997084,19.727483],[-154.996854,19.727563],[-154.996164,19.727171],[-154.996316,19.726778],[-154.996059,19.72609],[-154.995202,19.725869],[-154.994981,19.725302],[-154.994713,19.725437],[-154.994546,19.724928],[-154.994623,19.724654],[-154.994195,19.724587],[-154.994195,19.72399],[-154.993744,19.7239],[-154.993478,19.723559],[-154.993585,19.723284],[-154.992811,19.723081],[-154.992991,19.722717],[-154.992719,19.72245],[-154.992874,19.722103],[-154.992532,19.721852],[-154.992715,19.721667],[-154.992596,19.721479],[-154.992853,19.721301],[-154.992898,19.721076],[-154.992717,19.720914],[-154.992822,19.720574],[-154.992654,19.720305],[-154.99237,19.720305],[-154.992244,19.719974],[-154.992492,19.719789],[-154.992518,19.719555],[-154.992318,19.719514],[-154.992097,19.719013],[-154.992215,19.718657],[-154.99196,19.718478],[-154.991937,19.718211],[-154.990945,19.717448],[-154.991148,19.717206],[-154.99086,19.717204],[-154.99096,19.716938],[-154.990823,19.716607],[-154.990947,19.716438],[-154.990671,19.716341],[-154.990579,19.716088],[-154.990777,19.715735],[-154.990371,19.715708],[-154.990661,19.715434],[-154.990373,19.715247],[-154.990535,19.715038],[-154.990204,19.714924],[-154.990289,19.714375],[-154.989953,19.714211],[-154.990106,19.713953],[-154.989923,19.713307],[-154.989776,19.713273],[-154.989786,19.712925],[-154.989572,19.712836],[-154.989321,19.712075],[-154.988962,19.711596],[-154.988687,19.711685],[-154.988839,19.711192],[-154.988688,19.710683],[-154.988356,19.710746],[-154.988199,19.710558],[-154.988489,19.710318],[-154.988275,19.710221],[-154.98829,19.709792],[-154.987893,19.709839],[-154.987773,19.709686],[-154.988107,19.709338],[-154.987928,19.70929],[-154.987107,19.707873],[-154.986844,19.707742],[-154.986939,19.707444],[-154.986531,19.707321],[-154.98613,19.707409],[-154.986276,19.707062],[-154.9862,19.706698],[-154.98565,19.70668],[-154.985274,19.706428],[-154.985318,19.706291],[-154.984948,19.705903],[-154.98498,19.705659],[-154.984767,19.705666],[-154.984598,19.705382],[-154.984574,19.704938],[-154.984201,19.704234],[-154.984407,19.704089],[-154.98417,19.703854],[-154.984323,19.703574],[-154.984078,19.703667],[-154.983992,19.703522],[-154.984201,19.703005],[-154.983944,19.702899],[-154.984323,19.702723],[-154.984201,19.702512],[-154.984063,19.702673],[-154.98388,19.702607],[-154.984231,19.702277],[-154.984202,19.702059],[-154.983947,19.702026],[-154.983697,19.701346],[-154.983835,19.700894],[-154.983224,19.700875],[-154.983087,19.700034],[-154.982782,19.700058],[-154.982934,19.699961],[-154.982722,19.699621],[-154.983011,19.699229],[-154.982552,19.699587],[-154.982232,19.699522],[-154.982468,19.69941],[-154.98237,19.698885],[-154.982683,19.698909],[-154.982568,19.69813],[-154.982329,19.698035],[-154.982509,19.697559],[-154.98234,19.697413],[-154.982401,19.697065],[-154.982156,19.696894],[-154.982309,19.69658],[-154.982165,19.696345],[-154.982431,19.695713],[-154.981914,19.695342],[-154.982004,19.695052],[-154.981698,19.694453],[-154.98225,19.694381],[-154.981903,19.693725],[-154.981914,19.693256],[-154.981523,19.693045],[-154.982035,19.69282],[-154.982172,19.692594],[-154.98208,19.692318],[-154.981944,19.691995],[-154.981664,19.691913],[-154.981119,19.691895],[-154.980889,19.692354],[-154.980752,19.692088],[-154.98054,19.69208],[-154.980176,19.691376],[-154.980287,19.691359],[-154.980218,19.690962],[-154.980051,19.69093],[-154.979852,19.690123],[-154.979263,19.68982],[-154.979384,19.689602],[-154.979035,19.689415],[-154.978937,19.688694],[-154.978692,19.6885],[-154.978708,19.687998],[-154.978532,19.687546],[-154.978362,19.687489],[-154.978372,19.687311],[-154.97854,19.687302],[-154.978528,19.68643],[-154.978769,19.686312],[-154.978631,19.686203],[-154.978906,19.684762],[-154.978755,19.684788],[-154.978664,19.68445],[-154.979154,19.683231],[-154.979112,19.682996],[-154.979349,19.68273],[-154.979293,19.682423],[-154.97909,19.682325],[-154.979457,19.68193],[-154.979475,19.681623],[-154.979761,19.681479],[-154.979806,19.681334],[-154.979516,19.68126],[-154.98002,19.680703],[-154.979989,19.680186],[-154.979684,19.679829],[-154.979684,19.67949],[-154.979868,19.679361],[-154.979844,19.678851],[-154.980249,19.678198],[-154.979913,19.678244],[-154.979898,19.678126],[-154.980234,19.67726],[-154.980455,19.677131],[-154.980363,19.676767],[-154.980661,19.675839],[-154.980937,19.675815],[-154.98153,19.674443],[-154.981836,19.67446],[-154.982377,19.673281],[-154.983301,19.672184],[-154.983245,19.671255],[-154.982797,19.671044],[-154.982995,19.670884],[-154.98257,19.66983],[-154.9824,19.669748],[-154.98237,19.669287],[-154.981825,19.668809],[-154.98208,19.668673],[-154.982085,19.667775],[-154.982341,19.667589],[-154.982633,19.666863],[-154.982617,19.666556],[-154.982461,19.666532],[-154.982385,19.666264],[-154.982568,19.665835],[-154.982407,19.66583],[-154.982477,19.66564],[-154.982187,19.665286],[-154.982116,19.664201],[-154.982312,19.664137],[-154.982391,19.663539],[-154.982156,19.663039],[-154.982419,19.662941],[-154.982301,19.662755],[-154.982447,19.662246],[-154.982614,19.662287],[-154.982919,19.659848],[-154.982755,19.659805],[-154.983072,19.65835],[-154.982919,19.658286],[-154.982881,19.658084],[-154.983001,19.658052],[-154.982599,19.656977],[-154.981378,19.656107],[-154.98074,19.65524],[-154.980737,19.654698],[-154.980065,19.654026],[-154.979921,19.653547],[-154.979107,19.652825],[-154.979364,19.652519],[-154.979166,19.651725],[-154.979718,19.65121],[-154.980142,19.649627],[-154.981882,19.648363],[-154.981775,19.648079],[-154.981912,19.647562],[-154.981729,19.6472],[-154.981729,19.646479],[-154.981568,19.646268],[-154.981748,19.645905],[-154.981751,19.645121],[-154.981637,19.644789],[-154.981408,19.644669],[-154.982202,19.644185],[-154.982812,19.644106],[-154.982904,19.643652],[-154.982788,19.643257],[-154.982156,19.643092],[-154.982034,19.642769],[-154.981744,19.64259],[-154.981485,19.641926],[-154.981322,19.641878],[-154.981425,19.641652],[-154.981308,19.641134],[-154.981058,19.641045],[-154.981013,19.640455],[-154.981125,19.640378],[-154.980981,19.639807],[-154.981152,19.639622],[-154.98121,19.638504],[-154.980905,19.637955],[-154.980706,19.637955],[-154.980479,19.637639],[-154.980515,19.637259],[-154.980172,19.637207],[-154.97944,19.636544],[-154.979336,19.636212],[-154.979473,19.636083],[-154.979195,19.635961],[-154.979032,19.635662],[-154.97859,19.635571],[-154.978631,19.635458],[-154.977794,19.634712],[-154.977021,19.634418],[-154.976591,19.633503],[-154.975824,19.632685],[-154.975396,19.632651],[-154.97529,19.632416],[-154.973474,19.631982],[-154.973016,19.631173],[-154.972375,19.630749],[-154.972024,19.63095],[-154.971933,19.63069],[-154.972085,19.630449],[-154.971902,19.630448],[-154.971772,19.63006],[-154.971291,19.63034],[-154.970987,19.630074],[-154.970407,19.630055],[-154.970147,19.629723],[-154.969903,19.629738],[-154.96972,19.629374],[-154.968683,19.629305],[-154.96844,19.629063],[-154.968591,19.628918],[-154.967996,19.628827],[-154.967343,19.629131],[-154.967301,19.62889],[-154.966577,19.628361],[-154.964931,19.628025],[-154.964838,19.627823],[-154.962625,19.626507],[-154.962464,19.625915],[-154.962064,19.625736],[-154.961363,19.624464],[-154.960888,19.624341],[-154.960931,19.624131],[-154.960677,19.623734],[-154.95942,19.62318],[-154.958993,19.62279],[-154.958103,19.622731],[-154.957761,19.62294],[-154.957467,19.622719],[-154.955377,19.623869],[-154.955019,19.623837],[-154.954782,19.624346],[-154.953622,19.624253],[-154.953088,19.624468],[-154.952753,19.624468],[-154.952448,19.624014],[-154.950509,19.623764],[-154.950067,19.624111],[-154.949518,19.624045],[-154.949354,19.62347],[-154.948945,19.623445],[-154.948724,19.623232],[-154.947793,19.62332],[-154.947458,19.623011],[-154.947,19.623106],[-154.946634,19.622321],[-154.94642,19.622288],[-154.945306,19.621109],[-154.94523,19.619097],[-154.945079,19.618532],[-154.945886,19.617774],[-154.946069,19.616759],[-154.946557,19.615809],[-154.946991,19.614422],[-154.948221,19.612185],[-154.948449,19.611401],[-154.948449,19.610474],[-154.948312,19.609845],[-154.947969,19.609423],[-154.947946,19.608115],[-154.947743,19.607804],[-154.947656,19.606677],[-154.946929,19.605885],[-154.946361,19.604285],[-154.944543,19.601716],[-154.943627,19.601198],[-154.943429,19.600745],[-154.939721,19.598908],[-154.938836,19.598092],[-154.936105,19.597],[-154.935968,19.596709],[-154.935238,19.596184],[-154.933621,19.596086],[-154.932338,19.595455],[-154.931939,19.595584],[-154.931711,19.595026],[-154.93154,19.595225],[-154.931329,19.594944],[-154.931375,19.594365],[-154.93086,19.593685],[-154.930292,19.593749],[-154.930246,19.593159],[-154.929544,19.592618],[-154.929437,19.592238],[-154.928155,19.591267],[-154.927497,19.59132],[-154.926909,19.591162],[-154.926697,19.590685],[-154.926144,19.590378],[-154.925866,19.590473],[-154.925561,19.590044],[-154.925551,19.588996],[-154.924669,19.587889],[-154.9246,19.587597],[-154.924096,19.587105],[-154.9237,19.586975],[-154.923272,19.58565],[-154.922971,19.585472],[-154.921869,19.583686],[-154.921808,19.582861],[-154.921441,19.582587],[-154.92106,19.58253],[-154.920221,19.581318],[-154.919738,19.581253],[-154.919177,19.580865],[-154.918658,19.580824],[-154.91842,19.581065],[-154.917969,19.58105],[-154.917816,19.580775],[-154.915399,19.580344],[-154.914398,19.579811],[-154.91359,19.579713],[-154.913415,19.57948],[-154.91221,19.579041],[-154.911635,19.578532],[-154.910975,19.576876],[-154.91018,19.576123],[-154.909389,19.574249],[-154.904923,19.569617],[-154.904702,19.569714],[-154.903777,19.568695],[-154.901226,19.567877],[-154.900972,19.567481],[-154.900003,19.567446],[-154.899621,19.567164],[-154.897835,19.566646],[-154.897401,19.566266],[-154.896271,19.566023],[-154.891214,19.562914],[-154.890725,19.562817],[-154.890026,19.562253],[-154.889688,19.562268],[-154.889078,19.561936],[-154.888344,19.560878],[-154.887741,19.560707],[-154.887512,19.560045],[-154.886422,19.55935],[-154.885202,19.55803],[-154.884866,19.557885],[-154.884626,19.557433],[-154.882672,19.556106],[-154.88104,19.55562],[-154.880075,19.555869],[-154.879678,19.55582],[-154.879645,19.555538],[-154.878274,19.555535],[-154.876235,19.555138],[-154.875894,19.555193],[-154.875682,19.554976],[-154.875138,19.55483],[-154.874322,19.554125],[-154.87243,19.553656],[-154.87213,19.552766],[-154.870752,19.551505],[-154.870049,19.551372],[-154.868496,19.549778],[-154.868157,19.548907],[-154.867582,19.54853],[-154.86712,19.547976],[-154.865762,19.547715],[-154.864709,19.54786],[-154.864641,19.548051],[-154.863534,19.54805],[-154.862344,19.547806],[-154.861647,19.547883],[-154.861444,19.547722],[-154.861203,19.547797],[-154.861032,19.547572],[-154.860467,19.547575],[-154.860328,19.547228],[-154.860085,19.547637],[-154.859781,19.54711],[-154.85983,19.546956],[-154.859323,19.546933],[-154.859187,19.546531],[-154.85859,19.546631],[-154.858332,19.546543],[-154.858254,19.546301],[-154.858102,19.546504],[-154.857736,19.54657],[-154.857797,19.546804],[-154.857232,19.54684],[-154.857204,19.546541],[-154.857019,19.546671],[-154.856972,19.546235],[-154.856641,19.546627],[-154.856378,19.545979],[-154.856047,19.546278],[-154.855859,19.546039],[-154.854528,19.546021],[-154.853678,19.545647],[-154.853494,19.545664],[-154.853463,19.546026],[-154.852929,19.545967],[-154.852823,19.545653],[-154.852473,19.545725],[-154.852411,19.545483],[-154.851814,19.545654],[-154.851843,19.545961],[-154.851236,19.545733],[-154.85087,19.54601],[-154.850048,19.54603],[-154.849862,19.545653],[-154.850036,19.545441],[-154.849915,19.545223],[-154.849084,19.544847],[-154.849121,19.544638],[-154.848855,19.544531],[-154.848847,19.543878],[-154.847638,19.543157],[-154.847729,19.542736],[-154.84742,19.542398],[-154.846828,19.542078],[-154.846291,19.542129],[-154.846063,19.541693],[-154.845926,19.541815],[-154.844522,19.541596],[-154.844246,19.541696],[-154.843413,19.541158],[-154.843308,19.540852],[-154.84306,19.540997],[-154.842584,19.5402],[-154.84214,19.540347],[-154.841624,19.539977],[-154.84103,19.539934],[-154.841078,19.539626],[-154.840494,19.539175],[-154.839578,19.538632],[-154.83873,19.538345],[-154.838762,19.538103],[-154.837808,19.537014],[-154.834817,19.535214],[-154.833703,19.534928],[-154.830281,19.534606],[-154.8256,19.534745],[-154.824167,19.534483],[-154.823968,19.534131],[-154.822946,19.533795],[-154.821846,19.53288],[-154.819909,19.531758],[-154.81817,19.531323],[-154.816217,19.529423],[-154.814325,19.528779],[-154.814257,19.528473],[-154.813959,19.528286],[-154.8137,19.528402],[-154.811853,19.526947],[-154.811244,19.526071],[-154.810815,19.525919],[-154.810342,19.52517],[-154.810464,19.524901],[-154.810043,19.523886],[-154.810006,19.52311],[-154.809586,19.521834],[-154.808511,19.520813],[-154.807565,19.520333],[-154.806905,19.519379],[-154.807168,19.518961],[-154.806716,19.517555],[-154.8069,19.516883],[-154.824372,19.500871],[-154.846376,19.480007],[-154.874905,19.453446],[-154.885399,19.444884],[-154.892591,19.439425],[-154.899932,19.434169],[-154.907418,19.429121],[-154.916327,19.423499],[-154.925414,19.418171],[-154.933357,19.413833],[-154.941455,19.409701],[-154.949667,19.405799],[-154.959382,19.401541],[-154.967817,19.398148],[-154.976344,19.394994],[-154.984957,19.392082],[-155.013448,19.384336],[-155.038474,19.377922],[-155.059992,19.372695],[-155.085172,19.366913],[-155.109565,19.361654],[-155.137525,19.356036],[-155.145168,19.354201],[-155.161015,19.35137],[-155.165957,19.350833],[-155.171749,19.350533],[-155.17672,19.350555],[-155.181683,19.350836],[-155.187445,19.351488],[-155.192346,19.352325],[-155.195585,19.353024],[-155.198606,19.354012],[-155.203066,19.355694],[-155.207429,19.357613],[-155.211684,19.359761],[-155.215818,19.362134],[-155.220473,19.365177],[-155.224305,19.368012],[-155.228576,19.371572],[-155.232055,19.374831],[-155.235355,19.378271],[-155.238965,19.3825],[-155.242305,19.386946],[-155.244943,19.390916],[-155.247747,19.395718],[-155.250241,19.400675],[-155.252973,19.407222],[-155.297014,19.507811],[-155.296094,19.509841],[-155.295758,19.512821],[-155.295293,19.513626],[-155.292719,19.514537],[-155.29168,19.515057],[-155.290896,19.51582],[-155.291341,19.517183],[-155.290321,19.517821],[-155.289995,19.519],[-155.290752,19.520362],[-155.291487,19.520672],[-155.291952,19.52201],[-155.291304,19.522956],[-155.29107,19.524518],[-155.291657,19.52598],[-155.290906,19.526771],[-155.290899,19.527717],[-155.291413,19.528413],[-155.291164,19.529457],[-155.290678,19.530465],[-155.290647,19.533244],[-155.291457,19.534266],[-155.291226,19.535191],[-155.290998,19.538141],[-155.289631,19.537807],[-155.288947,19.539343],[-155.289279,19.54232],[-155.289866,19.543137],[-155.290712,19.545984],[-155.291535,19.546568],[-155.290915,19.547379],[-155.291621,19.550375],[-155.29168,19.552932],[-155.292425,19.554573],[-155.29181,19.556292],[-155.29274,19.558191],[-155.293496,19.560447],[-155.294485,19.562163],[-155.295328,19.566134],[-155.296216,19.56858],[-155.29582,19.570496],[-155.295945,19.571986],[-155.295554,19.573512],[-155.295766,19.574989],[-155.294896,19.576898],[-155.295302,19.580415],[-155.29507,19.581773],[-155.295421,19.582691],[-155.296002,19.586756],[-155.29814,19.589319],[-155.299085,19.58961],[-155.300561,19.591326],[-155.301931,19.593853],[-155.302595,19.595608],[-155.303919,19.597298],[-155.304765,19.597743],[-155.305623,19.600279],[-155.305028,19.604473],[-155.30597,19.605263],[-155.306121,19.606274],[-155.306891,19.606045],[-155.307364,19.606957],[-155.30768,19.609451],[-155.308848,19.610727],[-155.309508,19.611025],[-155.310542,19.612241],[-155.311675,19.614173],[-155.312216,19.614295],[-155.312623,19.615066],[-155.312469,19.616625],[-155.313064,19.62151],[-155.313661,19.622966],[-155.31376,19.62405],[-155.314086,19.624869],[-155.314265,19.627409],[-155.314526,19.627879],[-155.315979,19.627889],[-155.316828,19.62824],[-155.317738,19.629275],[-155.317674,19.630057],[-155.318427,19.631316],[-155.319141,19.631379],[-155.319084,19.63371],[-155.320551,19.635828],[-155.320406,19.638379],[-155.321511,19.641412],[-155.322259,19.642412],[-155.323242,19.644996],[-155.324946,19.646156],[-155.325732,19.646502],[-155.326722,19.649302],[-155.32683,19.652198],[-155.325994,19.652267],[-155.326324,19.654493],[-155.327109,19.655451],[-155.327251,19.656627],[-155.327784,19.657309],[-155.327835,19.659242],[-155.329156,19.659781],[-155.329614,19.66037],[-155.329504,19.661228],[-155.328869,19.662074],[-155.329254,19.666654],[-155.329009,19.667518],[-155.329173,19.668142],[-155.328746,19.66901],[-155.329032,19.67086],[-155.328966,19.6713],[-155.330218,19.671402],[-155.330685,19.672096],[-155.330527,19.673261],[-155.331011,19.674388],[-155.330484,19.675247],[-155.330992,19.676263],[-155.332307,19.677392],[-155.332848,19.678306],[-155.334148,19.678964],[-155.334598,19.678855],[-155.335699,19.680119],[-155.336071,19.681106],[-155.335804,19.682787],[-155.33524,19.683407],[-155.336006,19.685318],[-155.335789,19.686837],[-155.336067,19.688238],[-155.337196,19.687373],[-155.338252,19.687028],[-155.339766,19.687444],[-155.340315,19.688465],[-155.341219,19.688853],[-155.341083,19.68951],[-155.341535,19.689957],[-155.343274,19.690789],[-155.34484,19.690827],[-155.345371,19.69104],[-155.344834,19.691928],[-155.345239,19.69222],[-155.346339,19.693649],[-155.346014,19.695123],[-155.343304,19.696409],[-155.342809,19.698132],[-155.341972,19.699154],[-155.340784,19.699911],[-155.340649,19.700661],[-155.343561,19.702133],[-155.34427,19.70303],[-155.345442,19.703518],[-155.346339,19.705126],[-155.346633,19.706324],[-155.347342,19.707294],[-155.347088,19.709356],[-155.347399,19.710723],[-155.345484,19.711198],[-155.347274,19.713419],[-155.344747,19.712805],[-155.344194,19.713703],[-155.343618,19.714075],[-155.343861,19.715433],[-155.34225,19.71937],[-155.340919,19.719368],[-155.341542,19.720671],[-155.340446,19.720371],[-155.340466,19.722189],[-155.338595,19.723843],[-155.338416,19.724773],[-155.335637,19.726083],[-155.335498,19.727199],[-155.334796,19.72863],[-155.334194,19.727127],[-155.333156,19.72669],[-155.32871,19.729439],[-155.327826,19.729334],[-155.327158,19.72978],[-155.326789,19.7334],[-155.325333,19.734738],[-155.32408,19.735036],[-155.319961,19.736986],[-155.318261,19.736339],[-155.317322,19.736995],[-155.315702,19.738676],[-155.313379,19.741966],[-155.310211,19.745486],[-155.306852,19.747052],[-155.306202,19.747683],[-155.306295,19.749128],[-155.304833,19.750313],[-155.303783,19.75158],[-155.303505,19.75315],[-155.302283,19.753737],[-155.300904,19.753477],[-155.299921,19.753688],[-155.29807,19.757367],[-155.296968,19.758845],[-155.295729,19.758875],[-155.296064,19.760886],[-155.295189,19.761632],[-155.294417,19.76141],[-155.293262,19.762538],[-155.290944,19.769263],[-155.290051,19.769481],[-155.289341,19.770503],[-155.288545,19.773497],[-155.288895,19.776519],[-155.287743,19.779149],[-155.287858,19.780686],[-155.288068,19.781047],[-155.287169,19.782815],[-155.286396,19.783267],[-155.285492,19.785689],[-155.285218,19.788861],[-155.284453,19.788961],[-155.283873,19.789632],[-155.283093,19.792828],[-155.282909,19.794728],[-155.283278,19.797101],[-155.283161,19.799168],[-155.282818,19.800069],[-155.283945,19.801912],[-155.283849,19.802436],[-155.284308,19.804497],[-155.281933,19.808531],[-155.281982,19.809428],[-155.281247,19.810592],[-155.28112,19.812239],[-155.280649,19.813173],[-155.280146,19.81353],[-155.28029,19.814226],[-155.282172,19.815877],[-155.283731,19.819012],[-155.282944,19.819768],[-155.283447,19.821735],[-155.286919,19.826769],[-155.284861,19.828892],[-155.285995,19.830336],[-155.28679,19.830617],[-155.285825,19.832487],[-155.284699,19.833716],[-155.284752,19.835257],[-155.286976,19.838451],[-155.28601,19.839347],[-155.285356,19.841082],[-155.285467,19.841848],[-155.286565,19.842018],[-155.286506,19.843379],[-155.287232,19.844399],[-155.286729,19.846906],[-155.2859,19.847818],[-155.285015,19.849895],[-155.285698,19.850217],[-155.286669,19.849456],[-155.287631,19.849124],[-155.287065,19.851042],[-155.287913,19.85339],[-155.287658,19.854538],[-155.288047,19.855818],[-155.287768,19.857643],[-155.288607,19.860096],[-155.289677,19.861077],[-155.289672,19.862317],[-155.290888,19.863335],[-155.291097,19.864076],[-155.292343,19.865497],[-155.291994,19.865954],[-155.29173,19.867164],[-155.291991,19.867746],[-155.293723,19.868284],[-155.293763,19.86956],[-155.294192,19.870407],[-155.294002,19.871728],[-155.29456,19.874205],[-155.294165,19.87467],[-155.29353,19.876119],[-155.293632,19.877182],[-155.294255,19.877678],[-155.295457,19.878103],[-155.29586,19.878609],[-155.295555,19.880297],[-155.29695,19.882918],[-155.297533,19.883274],[-155.297461,19.885192],[-155.298829,19.887309],[-155.300431,19.887409],[-155.300605,19.888791],[-155.301752,19.889823],[-155.302015,19.891311],[-155.301537,19.892362],[-155.302168,19.893329],[-155.303057,19.893562],[-155.303966,19.895018],[-155.304069,19.896327],[-155.304403,19.897448],[-155.304921,19.897878],[-155.306311,19.898281],[-155.306544,19.89867],[-155.306162,19.900093],[-155.306659,19.900879],[-155.306986,19.90226],[-155.307679,19.902928],[-155.312206,19.903796],[-155.313839,19.904621],[-155.31539,19.906359],[-155.315166,19.907113],[-155.316152,19.908354],[-155.316325,19.909573],[-155.31679,19.910601],[-155.316511,19.911491],[-155.31904,19.91139],[-155.320631,19.91273],[-155.320864,19.913712],[-155.322683,19.915299],[-155.323413,19.916667],[-155.324966,19.91714],[-155.325717,19.917675],[-155.326952,19.917893],[-155.328192,19.919439],[-155.329526,19.920132],[-155.332189,19.920854],[-155.33221,19.921221],[-155.330951,19.922386],[-155.330498,19.923536],[-155.329385,19.924817],[-155.329136,19.92585],[-155.328577,19.926609],[-155.327587,19.928624],[-155.327611,19.929265],[-155.327349,19.92994],[-155.32618,19.931306],[-155.324777,19.931985],[-155.324312,19.932481],[-155.324451,19.933273],[-155.324114,19.93443],[-155.323526,19.935649],[-155.322327,19.937334],[-155.321803,19.938717],[-155.321553,19.93892],[-155.320691,19.942032],[-155.320116,19.942747],[-155.319307,19.944345],[-155.318848,19.945021],[-155.318306,19.945195],[-155.317736,19.94581],[-155.315878,19.946701],[-155.314789,19.94901],[-155.313527,19.950577],[-155.313562,19.951065],[-155.312357,19.953385],[-155.311966,19.955425],[-155.311176,19.956397],[-155.310529,19.956658],[-155.309941,19.957693],[-155.308322,19.958458],[-155.30738,19.958731],[-155.306733,19.959133],[-155.306425,19.960601],[-155.306187,19.960885],[-155.305784,19.960868],[-155.304964,19.9615],[-155.304417,19.961606],[-155.303753,19.96318],[-155.303228,19.963823],[-155.303363,19.964999],[-155.303125,19.965865],[-155.302734,19.966195],[-155.302489,19.966867],[-155.300923,19.967889],[-155.300149,19.968167],[-155.299031,19.970092],[-155.29672,19.972827],[-155.295718,19.975075],[-155.295259,19.975602],[-155.294536,19.976002],[-155.294083,19.977995],[-155.292574,19.979638],[-155.290949,19.981868],[-155.290816,19.982199],[-155.290955,19.982969],[-155.290839,19.98344],[-155.291358,19.985151],[-155.291304,19.985705],[-155.29106,19.986792],[-155.290484,19.987524],[-155.290425,19.987866],[-155.290699,19.988345],[-155.290507,19.989424],[-155.29004,19.990145],[-155.289762,19.991596],[-155.288695,19.993842],[-155.288637,19.994788],[-155.288254,19.995421],[-155.288603,19.996001],[-155.288538,19.996428],[-155.288009,19.99731],[-155.287315,19.99799],[-155.286669,19.997742],[-155.286197,19.997949],[-155.285615,19.999321],[-155.284874,19.99982],[-155.284462,20.000569],[-155.28424,20.0013],[-155.284473,20.001977],[-155.28442,20.002251],[-155.283803,20.002779],[-155.284303,20.003462],[-155.284391,20.003843],[-155.284181,20.004267],[-155.283424,20.004995],[-155.283324,20.006085],[-155.284106,20.00726],[-155.283854,20.008265],[-155.283936,20.009151],[-155.284431,20.009365],[-155.284524,20.00957],[-155.284338,20.009976],[-155.283563,20.010542],[-155.283568,20.011331],[-155.282782,20.012411],[-155.282857,20.013062],[-155.282328,20.014711],[-155.282462,20.015877],[-155.281935,20.019029]]]}},{"type":"Feature","id":"HIZ054","properties":{"id":"HIZ054","name":"Big Island North","island":"BigIsland"},"geometry":{"type":"Polygon","coordinates":[[[-155.848065,20.265558],[-155.847451,20.2655],[-155.847238,20.265688],[-155.846431,20.265865],[-155.846078,20.26545],[-155.845218,20.265501],[-155.844645,20.266046],[-155.842843,20.266299],[-155.842086,20.26662],[-155.841377,20.266403],[-155.841007,20.266711],[-155.840085,20.266666],[-155.839636,20.266928],[-155.838708,20.267003],[-155.838327,20.267279],[-155.837304,20.267146],[-155.837027,20.267357],[-155.836735,20.267297],[-155.835902,20.267556],[-155.835901,20.267163],[-155.835733,20.26697],[-155.835779,20.266439],[-155.834879,20.266007],[-155.834712,20.265581],[-155.834436,20.265498],[-155.83366,20.264485],[-155.833337,20.264632],[-155.832253,20.264444],[-155.831855,20.263918],[-155.831507,20.264058],[-155.830972,20.264578],[-155.830726,20.265138],[-155.830337,20.26538],[-155.830377,20.264904],[-155.830026,20.264782],[-155.829767,20.264454],[-155.829629,20.263829],[-155.829754,20.26353],[-155.829675,20.262501],[-155.829141,20.262244],[-155.828195,20.261013],[-155.827391,20.261072],[-155.827423,20.260919],[-155.827081,20.260785],[-155.826394,20.260079],[-155.823129,20.259341],[-155.822639,20.259554],[-155.822168,20.259408],[-155.82204,20.259578],[-155.821618,20.259478],[-155.821588,20.259678],[-155.821206,20.259499],[-155.821036,20.25962],[-155.820753,20.259544],[-155.820354,20.259803],[-155.820276,20.259612],[-155.819146,20.260155],[-155.818719,20.260191],[-155.818322,20.260012],[-155.817596,20.259184],[-155.817651,20.258517],[-155.816659,20.258236],[-155.815979,20.258695],[-155.81588,20.258929],[-155.815301,20.258942],[-155.81492,20.258721],[-155.81506,20.258005],[-155.814368,20.258261],[-155.813913,20.257985],[-155.813348,20.258627],[-155.813106,20.258573],[-155.812682,20.258786],[-155.812524,20.258708],[-155.812679,20.258457],[-155.812219,20.258437],[-155.812144,20.257851],[-155.811169,20.256785],[-155.809715,20.257304],[-155.80935,20.257044],[-155.80889,20.257179],[-155.80755,20.256648],[-155.807324,20.256709],[-155.807082,20.255566],[-155.806543,20.254847],[-155.80516,20.254477],[-155.804696,20.254643],[-155.80429,20.254334],[-155.804043,20.254345],[-155.803995,20.253895],[-155.803583,20.253417],[-155.803652,20.25299],[-155.803415,20.25276],[-155.802926,20.252587],[-155.801827,20.252616],[-155.801788,20.252391],[-155.801309,20.252139],[-155.800989,20.25211],[-155.80077,20.252607],[-155.800579,20.252492],[-155.800454,20.252253],[-155.800699,20.251351],[-155.799844,20.250931],[-155.79928,20.250014],[-155.798562,20.250278],[-155.798517,20.249075],[-155.798196,20.248425],[-155.797097,20.248236],[-155.796759,20.248739],[-155.795859,20.24914],[-155.794012,20.24892],[-155.793527,20.249215],[-155.792746,20.249239],[-155.79194,20.249094],[-155.791249,20.248773],[-155.790765,20.248826],[-155.790601,20.248715],[-155.790432,20.24809],[-155.789761,20.247542],[-155.789312,20.247716],[-155.788247,20.247269],[-155.786248,20.247042],[-155.785638,20.246766],[-155.785139,20.245963],[-155.784188,20.24569],[-155.782741,20.244849],[-155.782174,20.244782],[-155.782159,20.245024],[-155.781686,20.245022],[-155.78161,20.244731],[-155.781327,20.24462],[-155.781095,20.24371],[-155.780679,20.243254],[-155.779962,20.243414],[-155.778283,20.242341],[-155.777782,20.242596],[-155.776681,20.242276],[-155.776117,20.242579],[-155.77554,20.242594],[-155.774989,20.242228],[-155.773782,20.24195],[-155.773477,20.242308],[-155.773699,20.242386],[-155.773623,20.242525],[-155.773121,20.242764],[-155.772851,20.244147],[-155.771902,20.245029],[-155.771829,20.245554],[-155.771448,20.24568],[-155.771586,20.246572],[-155.771011,20.246636],[-155.7707,20.245978],[-155.770456,20.245738],[-155.770241,20.245828],[-155.76922,20.244853],[-155.769222,20.243997],[-155.770277,20.242428],[-155.770166,20.242266],[-155.769449,20.242049],[-155.768503,20.241469],[-155.767667,20.241613],[-155.7671,20.241256],[-155.76644,20.241231],[-155.766161,20.24154],[-155.765793,20.24156],[-155.765166,20.241308],[-155.765136,20.239903],[-155.76481,20.239315],[-155.764215,20.238644],[-155.763227,20.238097],[-155.762902,20.238068],[-155.762643,20.238425],[-155.762079,20.238333],[-155.76127,20.236695],[-155.759393,20.236437],[-155.758562,20.237828],[-155.758048,20.238226],[-155.757623,20.237683],[-155.75619,20.237625],[-155.755578,20.236685],[-155.755001,20.23682],[-155.754892,20.236241],[-155.754709,20.236039],[-155.753932,20.235983],[-155.753839,20.235653],[-155.753323,20.235811],[-155.753022,20.233812],[-155.753078,20.2334],[-155.753259,20.233302],[-155.753236,20.232946],[-155.751932,20.231295],[-155.753183,20.230942],[-155.753142,20.230314],[-155.752466,20.229392],[-155.752191,20.229329],[-155.751794,20.229821],[-155.750909,20.230069],[-155.750815,20.230345],[-155.750356,20.230592],[-155.749677,20.230324],[-155.749399,20.229924],[-155.748639,20.230059],[-155.748346,20.229506],[-155.748834,20.22824],[-155.748697,20.227847],[-155.748758,20.227208],[-155.7483,20.226864],[-155.747323,20.226723],[-155.746972,20.227292],[-155.745965,20.227547],[-155.745669,20.228334],[-155.744926,20.228719],[-155.744745,20.229115],[-155.744323,20.229184],[-155.743997,20.228735],[-155.74357,20.228472],[-155.743295,20.227818],[-155.742704,20.22772],[-155.742272,20.227054],[-155.741296,20.226101],[-155.739709,20.224816],[-155.740075,20.223967],[-155.739633,20.223163],[-155.739282,20.222924],[-155.739282,20.222491],[-155.738916,20.222071],[-155.738384,20.222108],[-155.738202,20.221691],[-155.737438,20.221237],[-155.737146,20.220618],[-155.736858,20.220379],[-155.735911,20.22095],[-155.735718,20.22092],[-155.735101,20.220063],[-155.734434,20.219632],[-155.733638,20.21938],[-155.733745,20.218903],[-155.734109,20.218892],[-155.734018,20.218234],[-155.733025,20.218683],[-155.732629,20.21954],[-155.732334,20.219786],[-155.732004,20.219628],[-155.731487,20.220048],[-155.731332,20.219962],[-155.731012,20.219256],[-155.730712,20.216903],[-155.731119,20.216803],[-155.731195,20.215325],[-155.732369,20.213081],[-155.733653,20.212201],[-155.733758,20.211773],[-155.733255,20.209277],[-155.732019,20.206856],[-155.731576,20.205595],[-155.731302,20.204016],[-155.730134,20.202251],[-155.728725,20.201246],[-155.728005,20.201025],[-155.726737,20.201221],[-155.725014,20.200807],[-155.724392,20.199981],[-155.722803,20.198937],[-155.721993,20.198072],[-155.72027,20.197037],[-155.719522,20.196672],[-155.718684,20.196622],[-155.718301,20.196415],[-155.717795,20.196468],[-155.717094,20.197014],[-155.716901,20.196757],[-155.716729,20.195845],[-155.716598,20.194275],[-155.716643,20.193622],[-155.716913,20.192957],[-155.716806,20.192652],[-155.716164,20.19248],[-155.715967,20.192585],[-155.715625,20.193412],[-155.715622,20.194073],[-155.715478,20.194161],[-155.715326,20.193928],[-155.714195,20.194357],[-155.713761,20.194112],[-155.713235,20.19406],[-155.710306,20.192574],[-155.707361,20.190466],[-155.703622,20.18969],[-155.702951,20.189419],[-155.702034,20.188671],[-155.701245,20.187442],[-155.69919,20.185861],[-155.697717,20.185542],[-155.696435,20.185454],[-155.696161,20.185296],[-155.692717,20.181724],[-155.69209,20.181358],[-155.691079,20.180397],[-155.689572,20.179442],[-155.68902,20.178374],[-155.688714,20.178181],[-155.687738,20.177802],[-155.686989,20.177897],[-155.686058,20.178969],[-155.685215,20.179209],[-155.681266,20.178521],[-155.676507,20.175323],[-155.67315,20.174147],[-155.672342,20.174313],[-155.670895,20.17414],[-155.670287,20.173878],[-155.669931,20.173268],[-155.669675,20.173309],[-155.668027,20.172233],[-155.667261,20.172133],[-155.665582,20.171429],[-155.663812,20.170491],[-155.66131,20.168671],[-155.659814,20.168221],[-155.658229,20.166475],[-155.656815,20.165881],[-155.655832,20.165234],[-155.655404,20.165093],[-155.653848,20.165137],[-155.651396,20.164219],[-155.650049,20.162785],[-155.648025,20.160138],[-155.647058,20.158299],[-155.647105,20.157185],[-155.646972,20.156597],[-155.644128,20.155367],[-155.643104,20.155359],[-155.641816,20.154659],[-155.640731,20.153489],[-155.640165,20.152081],[-155.639385,20.149538],[-155.639383,20.149054],[-155.639085,20.148411],[-155.63908,20.147717],[-155.638467,20.146109],[-155.637479,20.145059],[-155.633493,20.143111],[-155.632708,20.143102],[-155.632071,20.143518],[-155.631189,20.143668],[-155.628487,20.143818],[-155.627813,20.143775],[-155.625604,20.143065],[-155.622003,20.142769],[-155.621092,20.141902],[-155.619668,20.141476],[-155.618713,20.140906],[-155.618329,20.140367],[-155.61769,20.140335],[-155.61763,20.139748],[-155.615098,20.13752],[-155.612878,20.136685],[-155.612283,20.13662],[-155.611734,20.13658],[-155.609552,20.137169],[-155.608808,20.13713],[-155.608092,20.136776],[-155.607566,20.136711],[-155.607205,20.135956],[-155.60562,20.135144],[-155.604886,20.134517],[-155.604394,20.131581],[-155.601816,20.129529],[-155.601681,20.129135],[-155.600107,20.127415],[-155.599328,20.126095],[-155.598685,20.124815],[-155.598569,20.123915],[-155.598339,20.123432],[-155.596475,20.121859],[-155.5944,20.121049],[-155.592859,20.120732],[-155.590509,20.119809],[-155.589776,20.119772],[-155.58941,20.119544],[-155.588357,20.119355],[-155.58648,20.119332],[-155.585748,20.119433],[-155.583647,20.120162],[-155.582956,20.120028],[-155.57911,20.120476],[-155.577508,20.121008],[-155.57586,20.121859],[-155.575342,20.122315],[-155.574458,20.123587],[-155.574228,20.123715],[-155.573175,20.123732],[-155.57248,20.124103],[-155.571398,20.125415],[-155.568796,20.125931],[-155.565799,20.127404],[-155.564417,20.127115],[-155.563485,20.127268],[-155.562784,20.127646],[-155.561656,20.127446],[-155.561227,20.12747],[-155.561136,20.127647],[-155.560373,20.127478],[-155.559198,20.128195],[-155.557443,20.128193],[-155.55703,20.128763],[-155.557,20.12854],[-155.556482,20.12871],[-155.556363,20.128429],[-155.555707,20.128035],[-155.553252,20.127617],[-155.552484,20.127343],[-155.551141,20.127584],[-155.551113,20.127271],[-155.550744,20.12699],[-155.550484,20.127053],[-155.549966,20.126757],[-155.549859,20.12703],[-155.549661,20.126957],[-155.549432,20.126812],[-155.549585,20.12653],[-155.549203,20.125508],[-155.548287,20.125188],[-155.547789,20.124592],[-155.54609,20.124278],[-155.54588,20.123917],[-155.544261,20.123539],[-155.543207,20.122927],[-155.542474,20.123224],[-155.541681,20.122839],[-155.541397,20.12222],[-155.540843,20.122156],[-155.540307,20.121857],[-155.5393,20.121859],[-155.538385,20.121056],[-155.538461,20.120787],[-155.537767,20.119925],[-155.536812,20.119413],[-155.532571,20.119536],[-155.532308,20.119878],[-155.532281,20.120469],[-155.531947,20.120811],[-155.53161,20.120686],[-155.531583,20.120421],[-155.531076,20.119774],[-155.529382,20.119659],[-155.529367,20.119328],[-155.52859,20.119346],[-155.528636,20.118974],[-155.527902,20.118],[-155.527469,20.117916],[-155.52655,20.118065],[-155.525986,20.117984],[-155.525727,20.117761],[-155.525172,20.117792],[-155.52485,20.117579],[-155.522897,20.117281],[-155.52157,20.117308],[-155.521206,20.117111],[-155.521104,20.11658],[-155.520822,20.116261],[-155.520247,20.115767],[-155.519285,20.115304],[-155.519174,20.115054],[-155.518749,20.114778],[-155.518394,20.115077],[-155.518258,20.114832],[-155.517755,20.115017],[-155.517526,20.114899],[-155.517495,20.114609],[-155.517144,20.11463],[-155.51684,20.114302],[-155.516388,20.114325],[-155.516367,20.114026],[-155.515696,20.113082],[-155.514008,20.111966],[-155.513255,20.112072],[-155.512181,20.111845],[-155.509195,20.111844],[-155.508451,20.11158],[-155.50802,20.111714],[-155.507821,20.112217],[-155.50744,20.112545],[-155.507224,20.113413],[-155.506341,20.113215],[-155.505624,20.112643],[-155.505336,20.112872],[-155.505151,20.112826],[-155.504922,20.112289],[-155.504281,20.111844],[-155.503704,20.11178],[-155.503396,20.111525],[-155.501703,20.111216],[-155.501118,20.111531],[-155.500715,20.111513],[-155.500273,20.111034],[-155.499994,20.111014],[-155.499287,20.111249],[-155.499106,20.111523],[-155.498193,20.111601],[-155.49743,20.111968],[-155.497217,20.111824],[-155.496896,20.112021],[-155.49688,20.112269],[-155.496425,20.112389],[-155.496307,20.111953],[-155.495971,20.111706],[-155.495951,20.111441],[-155.493729,20.109641],[-155.493387,20.109539],[-155.493005,20.109074],[-155.492629,20.108834],[-155.492349,20.10903],[-155.491861,20.108538],[-155.491772,20.108601],[-155.491632,20.108302],[-155.490106,20.107552],[-155.488449,20.107305],[-155.486265,20.106142],[-155.485633,20.106195],[-155.485539,20.106579],[-155.485284,20.106345],[-155.482004,20.106041],[-155.481195,20.105731],[-155.480314,20.105675],[-155.479921,20.105338],[-155.479898,20.104983],[-155.479547,20.104472],[-155.47886,20.104508],[-155.477945,20.104098],[-155.477303,20.104334],[-155.476853,20.104022],[-155.476145,20.10417],[-155.475549,20.104031],[-155.474699,20.103052],[-155.474359,20.10291],[-155.473504,20.102879],[-155.473151,20.103322],[-155.472772,20.103259],[-155.4723,20.102382],[-155.471709,20.101745],[-155.471216,20.101519],[-155.471202,20.101125],[-155.470929,20.101104],[-155.470559,20.100655],[-155.470303,20.100876],[-155.469888,20.100602],[-155.46969,20.10075],[-155.469461,20.100611],[-155.469105,20.101096],[-155.46821,20.100483],[-155.46793,20.100709],[-155.46754,20.100505],[-155.467215,20.100556],[-155.466853,20.101046],[-155.466821,20.100758],[-155.466509,20.100455],[-155.465643,20.101155],[-155.465219,20.100991],[-155.46499,20.100426],[-155.464364,20.100594],[-155.463983,20.100914],[-155.463407,20.100753],[-155.463297,20.100325],[-155.463021,20.100327],[-155.462945,20.10015],[-155.462731,20.100098],[-155.462458,20.100399],[-155.46206,20.100327],[-155.462152,20.099799],[-155.4619,20.099473],[-155.461481,20.099697],[-155.461252,20.099499],[-155.460885,20.099711],[-155.460355,20.099526],[-155.459909,20.099662],[-155.458047,20.099209],[-155.457025,20.098622],[-155.45613,20.098558],[-155.454751,20.097345],[-155.453612,20.09586],[-155.452721,20.095274],[-155.452249,20.095393],[-155.451595,20.094506],[-155.450418,20.09356],[-155.449426,20.093325],[-155.448572,20.093672],[-155.447441,20.093861],[-155.445566,20.093226],[-155.444168,20.09332],[-155.443567,20.09286],[-155.442817,20.092925],[-155.442071,20.092431],[-155.441415,20.092556],[-155.441387,20.092177],[-155.440853,20.091629],[-155.440324,20.09162],[-155.440393,20.09202],[-155.440286,20.092097],[-155.439996,20.09191],[-155.440002,20.091558],[-155.439386,20.09124],[-155.438928,20.091698],[-155.438547,20.091727],[-155.438417,20.09204],[-155.437692,20.09212],[-155.437958,20.091827],[-155.437835,20.091197],[-155.437624,20.091089],[-155.437282,20.089957],[-155.436609,20.08906],[-155.435679,20.089149],[-155.434991,20.088953],[-155.433633,20.089023],[-155.433514,20.088498],[-155.433267,20.088189],[-155.432098,20.087967],[-155.431726,20.087607],[-155.431054,20.087643],[-155.43057,20.087874],[-155.430125,20.087337],[-155.42996,20.087686],[-155.429305,20.087395],[-155.429122,20.086772],[-155.428598,20.086512],[-155.428552,20.086342],[-155.427835,20.086001],[-155.427468,20.086139],[-155.427423,20.085797],[-155.427179,20.085556],[-155.425394,20.084519],[-155.425035,20.084528],[-155.424302,20.084153],[-155.423394,20.083952],[-155.422266,20.08406],[-155.422159,20.083697],[-155.421594,20.083445],[-155.421281,20.083078],[-155.42045,20.083151],[-155.420442,20.082838],[-155.42015,20.082543],[-155.418519,20.082666],[-155.418023,20.082182],[-155.417795,20.082154],[-155.417202,20.082367],[-155.416744,20.082321],[-155.416559,20.081328],[-155.416147,20.08078],[-155.415227,20.08112],[-155.414834,20.080782],[-155.414289,20.080717],[-155.413951,20.080196],[-155.413494,20.080027],[-155.413049,20.07936],[-155.41311,20.079066],[-155.412836,20.078142],[-155.412247,20.07777],[-155.410989,20.077467],[-155.410198,20.07709],[-155.407488,20.077073],[-155.406361,20.076715],[-155.405956,20.076917],[-155.40571,20.076558],[-155.40455,20.076594],[-155.404641,20.076241],[-155.404168,20.075806],[-155.402402,20.07567],[-155.402032,20.075293],[-155.401916,20.074898],[-155.400674,20.07413],[-155.399835,20.072402],[-155.399855,20.071644],[-155.39898,20.070399],[-155.398446,20.070147],[-155.39752,20.070018],[-155.397073,20.069321],[-155.396982,20.06889],[-155.396051,20.068465],[-155.395278,20.06845],[-155.394575,20.067834],[-155.394406,20.067381],[-155.392929,20.066711],[-155.39158,20.066468],[-155.39097,20.065743],[-155.390481,20.065852],[-155.390233,20.065617],[-155.389182,20.065332],[-155.388818,20.065373],[-155.388391,20.064713],[-155.387595,20.06421],[-155.387063,20.064063],[-155.38627,20.063879],[-155.385008,20.063978],[-155.384463,20.064338],[-155.383736,20.064451],[-155.382562,20.06383],[-155.38154,20.063714],[-155.381265,20.063477],[-155.381012,20.063471],[-155.3798,20.062418],[-155.377588,20.062371],[-155.377038,20.061881],[-155.376479,20.061821],[-155.376245,20.06127],[-155.375717,20.061172],[-155.375438,20.060684],[-155.375208,20.060688],[-155.374388,20.059973],[-155.374063,20.059002],[-155.373102,20.058543],[-155.37243,20.057791],[-155.371201,20.057227],[-155.369596,20.056865],[-155.369272,20.056996],[-155.368066,20.056881],[-155.367682,20.05718],[-155.36708,20.056798],[-155.366083,20.055584],[-155.36326,20.053439],[-155.361508,20.052971],[-155.358412,20.051374],[-155.357525,20.051202],[-155.35665,20.050238],[-155.354837,20.049448],[-155.35209,20.049035],[-155.350978,20.048445],[-155.350483,20.048359],[-155.348925,20.048812],[-155.34797,20.0483],[-155.347114,20.04824],[-155.346002,20.048972],[-155.345147,20.047928],[-155.344827,20.046597],[-155.344125,20.045601],[-155.343591,20.045121],[-155.343363,20.045154],[-155.343395,20.044807],[-155.341383,20.043236],[-155.339307,20.042432],[-155.337976,20.041632],[-155.336419,20.041769],[-155.335779,20.041272],[-155.33468,20.041155],[-155.334115,20.040894],[-155.332641,20.039554],[-155.332391,20.038926],[-155.331602,20.03801],[-155.328341,20.035704],[-155.327646,20.035376],[-155.325433,20.034913],[-155.323772,20.034267],[-155.322885,20.033288],[-155.32206,20.033041],[-155.3202,20.032761],[-155.318586,20.032204],[-155.317132,20.032397],[-155.316284,20.032305],[-155.316064,20.031983],[-155.315834,20.032089],[-155.31524,20.031447],[-155.31436,20.031379],[-155.313791,20.031125],[-155.312606,20.029903],[-155.310891,20.028962],[-155.310144,20.029133],[-155.309679,20.029566],[-155.30961,20.02891],[-155.308526,20.028004],[-155.307351,20.027646],[-155.306376,20.027111],[-155.305505,20.026875],[-155.305108,20.026963],[-155.304635,20.026492],[-155.303323,20.026045],[-155.303098,20.02618],[-155.303096,20.025893],[-155.302591,20.02571],[-155.301919,20.025738],[-155.301706,20.025593],[-155.30154,20.025054],[-155.300744,20.024815],[-155.300455,20.024962],[-155.300072,20.02465],[-155.299247,20.024847],[-155.298913,20.024188],[-155.29825,20.02357],[-155.297418,20.023268],[-155.297418,20.023034],[-155.294504,20.02192],[-155.293516,20.021351],[-155.29291,20.021297],[-155.29217,20.021584],[-155.290017,20.020552],[-155.288839,20.020366],[-155.288475,20.020601],[-155.288064,20.020418],[-155.286645,20.020369],[-155.285898,20.019848],[-155.284952,20.019587],[-155.284467,20.019],[-155.283304,20.019064],[-155.283341,20.018755],[-155.283029,20.018523],[-155.282387,20.018946],[-155.281935,20.019029],[-155.282462,20.015877],[-155.282328,20.014711],[-155.282857,20.013062],[-155.282782,20.012411],[-155.283568,20.011331],[-155.283563,20.010542],[-155.284338,20.009976],[-155.284524,20.00957],[-155.284431,20.009365],[-155.283936,20.009151],[-155.283854,20.008265],[-155.284106,20.00726],[-155.283324,20.006085],[-155.283424,20.004995],[-155.284181,20.004267],[-155.284391,20.003843],[-155.284303,20.003462],[-155.283803,20.002779],[-155.28442,20.002251],[-155.284473,20.001977],[-155.28424,20.0013],[-155.284462,20.000569],[-155.284874,19.99982],[-155.285615,19.999321],[-155.286197,19.997949],[-155.286669,19.997742],[-155.287315,19.99799],[-155.288009,19.99731],[-155.288538,19.996428],[-155.288603,19.996001],[-155.288254,19.995421],[-155.288637,19.994788],[-155.288695,19.993842],[-155.289762,19.991596],[-155.29004,19.990145],[-155.290507,19.989424],[-155.290699,19.988345],[-155.290425,19.987866],[-155.290484,19.987524],[-155.29106,19.986792],[-155.291304,19.985705],[-155.291358,19.985151],[-155.290839,19.98344],[-155.290955,19.982969],[-155.290816,19.982199],[-155.290949,19.981868],[-155.292574,19.979638],[-155.294083,19.977995],[-155.294536,19.976002],[-155.295259,19.975602],[-155.295718,19.975075],[-155.29672,19.972827],[-155.299031,19.970092],[-155.300149,19.968167],[-155.300923,19.967889],[-155.302489,19.966867],[-155.302734,19.966195],[-155.303125,19.965865],[-155.303363,19.964999],[-155.303228,19.963823],[-155.303753,19.96318],[-155.304417,19.961606],[-155.304964,19.9615],[-155.305784,19.960868],[-155.306187,19.960885],[-155.306425,19.960601],[-155.306733,19.959133],[-155.30738,19.958731],[-155.308322,19.958458],[-155.309941,19.957693],[-155.310529,19.956658],[-155.311176,19.956397],[-155.311966,19.955425],[-155.312357,19.953385],[-155.313562,19.951065],[-155.313527,19.950577],[-155.314789,19.94901],[-155.315878,19.946701],[-155.317736,19.94581],[-155.318306,19.945195],[-155.318848,19.945021],[-155.319307,19.944345],[-155.320116,19.942747],[-155.320691,19.942032],[-155.321553,19.93892],[-155.321803,19.938717],[-155.322327,19.937334],[-155.323526,19.935649],[-155.324114,19.93443],[-155.324451,19.933273],[-155.324312,19.932481],[-155.324777,19.931985],[-155.32618,19.931306],[-155.327349,19.92994],[-155.327611,19.929265],[-155.327587,19.928624],[-155.328577,19.926609],[-155.329136,19.92585],[-155.329385,19.924817],[-155.330498,19.923536],[-155.330951,19.922386],[-155.33221,19.921221],[-155.332271,19.922264],[-155.335493,19.923963],[-155.342393,19.926762],[-155.343,19.927404],[-155.343805,19.927603],[-155.344165,19.928553],[-155.346468,19.928676],[-155.350873,19.929922],[-155.351727,19.930604],[-155.352993,19.930721],[-155.353506,19.931223],[-155.354607,19.930857],[-155.355872,19.932278],[-155.357337,19.932618],[-155.358171,19.933535],[-155.359027,19.933629],[-155.359771,19.933177],[-155.360654,19.933404],[-155.361742,19.933246],[-155.362806,19.933663],[-155.364518,19.935511],[-155.3656,19.935814],[-155.366662,19.936707],[-155.367905,19.936906],[-155.368644,19.937562],[-155.371092,19.93827],[-155.37179,19.938805],[-155.373968,19.939486],[-155.374128,19.940864],[-155.374501,19.94124],[-155.376095,19.941324],[-155.378524,19.940569],[-155.380054,19.940409],[-155.38068,19.940761],[-155.381665,19.939988],[-155.381964,19.940337],[-155.383773,19.940523],[-155.385546,19.940276],[-155.386541,19.940449],[-155.387284,19.941162],[-155.388825,19.941577],[-155.388792,19.940253],[-155.389431,19.939276],[-155.390181,19.939869],[-155.390598,19.941206],[-155.391997,19.940811],[-155.391752,19.94225],[-155.392375,19.943513],[-155.393326,19.943714],[-155.394774,19.943115],[-155.395546,19.943087],[-155.395866,19.943731],[-155.396626,19.944102],[-155.397349,19.944078],[-155.397982,19.944991],[-155.398729,19.946791],[-155.399272,19.945527],[-155.400652,19.945148],[-155.401983,19.94535],[-155.402672,19.946208],[-155.403691,19.946823],[-155.404749,19.947115],[-155.405358,19.948037],[-155.406597,19.948089],[-155.407314,19.948643],[-155.408492,19.948681],[-155.409251,19.949105],[-155.412856,19.948922],[-155.414648,19.949361],[-155.415577,19.948434],[-155.417587,19.947467],[-155.419154,19.947633],[-155.422481,19.94617],[-155.424055,19.946196],[-155.425157,19.947053],[-155.425391,19.948283],[-155.426274,19.947741],[-155.425989,19.946907],[-155.430301,19.945826],[-155.431523,19.946409],[-155.432168,19.946089],[-155.432884,19.946092],[-155.433837,19.946786],[-155.436305,19.946701],[-155.437031,19.947161],[-155.437713,19.947043],[-155.439174,19.947177],[-155.442005,19.947842],[-155.443253,19.947506],[-155.443545,19.94724],[-155.444864,19.94801],[-155.446732,19.947558],[-155.447683,19.948213],[-155.449856,19.948564],[-155.450987,19.947969],[-155.452234,19.947031],[-155.452769,19.947388],[-155.453609,19.947015],[-155.454168,19.945866],[-155.455202,19.946607],[-155.456486,19.946227],[-155.457011,19.946788],[-155.457627,19.946315],[-155.457776,19.945384],[-155.458609,19.943573],[-155.459878,19.944919],[-155.461352,19.944667],[-155.462637,19.945423],[-155.464076,19.946622],[-155.46533,19.946782],[-155.466371,19.947381],[-155.467456,19.946975],[-155.468111,19.94753],[-155.469654,19.947669],[-155.470081,19.946948],[-155.470532,19.947015],[-155.471228,19.94747],[-155.472085,19.946932],[-155.474213,19.948096],[-155.4768,19.946936],[-155.477306,19.948118],[-155.477439,19.949148],[-155.479032,19.948806],[-155.47888,19.94797],[-155.480075,19.948084],[-155.48025,19.948835],[-155.481124,19.947551],[-155.483751,19.947099],[-155.484351,19.947898],[-155.485169,19.947761],[-155.485107,19.94692],[-155.48585,19.945854],[-155.487439,19.946444],[-155.487925,19.945916],[-155.487678,19.945182],[-155.489786,19.944833],[-155.490923,19.946042],[-155.493655,19.946096],[-155.494114,19.945429],[-155.496475,19.944967],[-155.498317,19.943915],[-155.501548,19.941238],[-155.502235,19.940993],[-155.502332,19.940312],[-155.504657,19.938914],[-155.504837,19.937925],[-155.505428,19.938084],[-155.506141,19.938814],[-155.506802,19.937783],[-155.508364,19.937508],[-155.508797,19.937681],[-155.512591,19.936089],[-155.513658,19.935443],[-155.514706,19.934239],[-155.515157,19.932533],[-155.516217,19.931914],[-155.516574,19.931169],[-155.518317,19.930583],[-155.519428,19.92905],[-155.521264,19.928492],[-155.521596,19.927786],[-155.523567,19.925346],[-155.525557,19.92369],[-155.52677,19.92325],[-155.527971,19.922376],[-155.529327,19.92312],[-155.533614,19.922065],[-155.534886,19.92002],[-155.536885,19.919583],[-155.539443,19.916944],[-155.541813,19.915778],[-155.542264,19.914499],[-155.542942,19.914864],[-155.544423,19.913793],[-155.544681,19.912708],[-155.545495,19.91216],[-155.545675,19.911243],[-155.546227,19.910788],[-155.546871,19.911972],[-155.547871,19.911982],[-155.55016,19.910644],[-155.553628,19.912072],[-155.566125,19.918372],[-155.591729,19.930871],[-155.620233,19.94327],[-155.666635,19.96757],[-155.702722,19.991869],[-155.737436,20.016171],[-155.769327,20.045271],[-155.778125,20.053921],[-155.783746,20.060108],[-155.788283,20.065393],[-155.796105,20.075191],[-155.80426,20.086485],[-155.811828,20.09818],[-155.81879,20.110246],[-155.824524,20.121396],[-155.830287,20.134078],[-155.835396,20.147037],[-155.839839,20.16024],[-155.843603,20.173653],[-155.846402,20.185874],[-155.848852,20.199587],[-155.850599,20.213407],[-155.85164,20.227299],[-155.851972,20.240259],[-155.851642,20.254215],[-155.8506,20.268135],[-155.849908,20.268094],[-155.849756,20.267316],[-155.849466,20.266806],[-155.84881,20.266114],[-155.848385,20.265981],[-155.848065,20.265558]]]}},{"type":"Feature","id":"HIZ017","properties":{"id":"HIZ017","name":"Maui Windward West","island":"Maui"},"geometry":{"type":"Polygon","coordinates":[[[-156.599664,21.030606],[-156.597894,21.030575],[-156.596829,21.030994],[-156.596486,21.030969],[-156.595637,21.030603],[-156.59446,21.030382],[-156.594079,21.030453],[-156.59353,21.030896],[-156.59349,21.03021],[-156.593728,21.029936],[-156.59369,21.029613],[-156.592859,21.029086],[-156.592019,21.029026],[-156.591696,21.02968],[-156.591073,21.029774],[-156.591155,21.029517],[-156.591035,21.029436],[-156.589685,21.029738],[-156.589238,21.030231],[-156.589012,21.030981],[-156.588456,21.030051],[-156.588715,21.029599],[-156.588662,21.028922],[-156.588907,21.028647],[-156.588724,21.028388],[-156.588803,21.028075],[-156.588617,21.027952],[-156.588785,21.027604],[-156.588586,21.026839],[-156.589273,21.026186],[-156.588907,21.024733],[-156.588131,21.023849],[-156.588098,21.023171],[-156.587646,21.022371],[-156.587198,21.022425],[-156.58616,21.022131],[-156.585646,21.021647],[-156.585046,21.02162],[-156.584819,21.021804],[-156.584702,21.021442],[-156.585351,21.021258],[-156.585718,21.020985],[-156.585702,21.020701],[-156.58534,21.020764],[-156.585229,21.020102],[-156.584957,21.019691],[-156.583551,21.018541],[-156.583121,21.018453],[-156.582467,21.017689],[-156.581186,21.016919],[-156.579863,21.016649],[-156.579461,21.016922],[-156.577869,21.016951],[-156.577524,21.017521],[-156.576806,21.017706],[-156.575874,21.017849],[-156.574594,21.017643],[-156.573141,21.018197],[-156.572548,21.018139],[-156.570993,21.017191],[-156.570192,21.016291],[-156.569437,21.016039],[-156.568704,21.014445],[-156.567911,21.013613],[-156.567804,21.013272],[-156.566949,21.012368],[-156.566237,21.011945],[-156.565652,21.01191],[-156.565118,21.012272],[-156.563287,21.011862],[-156.562204,21.011916],[-156.561319,21.01256],[-156.561243,21.012851],[-156.560405,21.013098],[-156.55993,21.012742],[-156.559716,21.012789],[-156.559586,21.012459],[-156.559198,21.012522],[-156.55903,21.011892],[-156.558694,21.011473],[-156.557962,21.012097],[-156.557596,21.011977],[-156.55795,21.011049],[-156.557809,21.010273],[-156.557367,21.009974],[-156.556619,21.010003],[-156.556176,21.010253],[-156.556245,21.009656],[-156.555937,21.009348],[-156.556085,21.009074],[-156.555932,21.008811],[-156.555287,21.009102],[-156.55523,21.008732],[-156.554977,21.008748],[-156.554818,21.008431],[-156.555032,21.008143],[-156.555383,21.008014],[-156.555293,21.006746],[-156.555767,21.006078],[-156.555338,21.005842],[-156.555034,21.005332],[-156.554644,21.005275],[-156.555033,21.004687],[-156.554519,21.004569],[-156.554759,21.004218],[-156.554471,21.003216],[-156.553857,21.003094],[-156.553857,21.002722],[-156.553128,21.001023],[-156.552917,21.000063],[-156.553004,20.999861],[-156.552591,20.999157],[-156.55153,20.998888],[-156.551492,20.998597],[-156.551019,20.998095],[-156.549661,20.998124],[-156.549371,20.999115],[-156.548255,20.999541],[-156.547906,20.999974],[-156.547738,21.000927],[-156.547464,21.001145],[-156.547244,21.001797],[-156.54671,21.001934],[-156.546117,21.002384],[-156.545648,21.002342],[-156.545068,21.001984],[-156.543725,21.00194],[-156.543791,21.001594],[-156.544368,21.001039],[-156.543847,21.00061],[-156.54396,20.999738],[-156.543756,20.9993],[-156.542538,20.998716],[-156.542875,20.997934],[-156.542696,20.997546],[-156.542662,20.995609],[-156.542342,20.995116],[-156.542199,20.994366],[-156.541818,20.99445],[-156.541881,20.994122],[-156.541467,20.993758],[-156.541117,20.992579],[-156.541351,20.992145],[-156.540207,20.992138],[-156.539945,20.991879],[-156.540528,20.991552],[-156.540506,20.990899],[-156.540338,20.990166],[-156.539889,20.989823],[-156.539533,20.989113],[-156.53927,20.988909],[-156.538818,20.988859],[-156.538093,20.989056],[-156.537713,20.98898],[-156.537368,20.987714],[-156.5375,20.987021],[-156.537256,20.986361],[-156.537423,20.985764],[-156.536991,20.98585],[-156.536434,20.986234],[-156.536386,20.985968],[-156.536618,20.985663],[-156.536269,20.985475],[-156.535867,20.984747],[-156.534936,20.984749],[-156.534434,20.984594],[-156.533822,20.984784],[-156.533717,20.984542],[-156.53338,20.984492],[-156.531756,20.984426],[-156.530789,20.98467],[-156.529801,20.984454],[-156.529199,20.98477],[-156.528879,20.985142],[-156.528268,20.985196],[-156.527505,20.98569],[-156.52708,20.985373],[-156.526564,20.985577],[-156.525998,20.985189],[-156.52632,20.98449],[-156.526193,20.984336],[-156.526929,20.984123],[-156.526559,20.98358],[-156.526574,20.983372],[-156.52717,20.982617],[-156.526545,20.982557],[-156.526666,20.98235],[-156.526562,20.982171],[-156.526971,20.982043],[-156.527017,20.98182],[-156.526803,20.981211],[-156.526224,20.981114],[-156.525464,20.98155],[-156.525264,20.981164],[-156.526289,20.980671],[-156.526727,20.980721],[-156.526803,20.980868],[-156.527093,20.980765],[-156.527368,20.980153],[-156.527125,20.979974],[-156.527078,20.979676],[-156.526728,20.979497],[-156.526361,20.97959],[-156.524804,20.979178],[-156.524331,20.978734],[-156.524272,20.978418],[-156.524667,20.977679],[-156.524927,20.977521],[-156.52575,20.977704],[-156.526361,20.977472],[-156.526559,20.976845],[-156.526468,20.975966],[-156.527147,20.975309],[-156.527185,20.9751],[-156.527078,20.974923],[-156.527192,20.974052],[-156.526895,20.973719],[-156.527051,20.973552],[-156.526788,20.972889],[-156.526268,20.97295],[-156.525873,20.972649],[-156.526819,20.972214],[-156.526748,20.972019],[-156.527067,20.971675],[-156.527114,20.971191],[-156.52677,20.970274],[-156.526745,20.96932],[-156.526362,20.968286],[-156.52586,20.967042],[-156.525605,20.966952],[-156.52531,20.966507],[-156.525567,20.966202],[-156.525361,20.965492],[-156.525724,20.964979],[-156.525676,20.964616],[-156.524576,20.96345],[-156.524016,20.963067],[-156.522377,20.962388],[-156.521829,20.961886],[-156.521128,20.961786],[-156.521356,20.96152],[-156.520627,20.960583],[-156.520028,20.960328],[-156.519647,20.960349],[-156.519586,20.959761],[-156.519438,20.95972],[-156.520033,20.958893],[-156.51983,20.958136],[-156.519296,20.958165],[-156.51922,20.957921],[-156.518264,20.957239],[-156.517685,20.957074],[-156.518036,20.956915],[-156.517724,20.956009],[-156.517542,20.955954],[-156.517663,20.955679],[-156.5171,20.955773],[-156.517514,20.955083],[-156.516917,20.95508],[-156.516612,20.954909],[-156.516588,20.954715],[-156.515895,20.954912],[-156.516342,20.95452],[-156.516244,20.953964],[-156.516443,20.953274],[-156.51609,20.95302],[-156.515357,20.953169],[-156.514879,20.952932],[-156.514923,20.952779],[-156.516076,20.952383],[-156.51629,20.952151],[-156.516137,20.951521],[-156.515512,20.95122],[-156.514672,20.951416],[-156.514535,20.951094],[-156.512326,20.950225],[-156.511988,20.949829],[-156.511834,20.949255],[-156.510629,20.948409],[-156.508905,20.947861],[-156.508996,20.947619],[-156.508784,20.947457],[-156.508783,20.947201],[-156.509122,20.944751],[-156.508647,20.943419],[-156.508972,20.942341],[-156.509092,20.941214],[-156.509027,20.940843],[-156.50804,20.939531],[-156.507947,20.9375],[-156.507242,20.93649],[-156.505349,20.934744],[-156.500673,20.933258],[-156.499093,20.932459],[-156.497964,20.932137],[-156.496911,20.931435],[-156.496576,20.93075],[-156.496133,20.928866],[-156.495584,20.927784],[-156.494797,20.926954],[-156.494061,20.926455],[-156.493313,20.924864],[-156.492536,20.921745],[-156.49238,20.919053],[-156.491968,20.918704],[-156.491922,20.918446],[-156.492214,20.916481],[-156.49156,20.91442],[-156.490289,20.91227],[-156.489328,20.901371],[-156.489023,20.885172],[-156.49212,20.863772],[-156.498834,20.84327],[-156.507821,20.82967],[-156.511819,20.826272],[-156.522333,20.820372],[-156.54223,20.813372],[-156.549234,20.812571],[-156.556924,20.813071],[-156.566629,20.811869],[-156.584619,20.814871],[-156.601434,20.820071],[-156.616723,20.829871],[-156.622827,20.842671],[-156.62922,20.861672],[-156.635034,20.87567],[-156.640832,20.893372],[-156.643823,20.911971],[-156.641733,20.92607],[-156.640832,20.936472],[-156.640527,20.950472],[-156.642022,20.96547],[-156.64602,20.976471],[-156.651224,20.983471],[-156.656122,20.989272],[-156.660028,20.996272],[-156.662852,21.003976],[-156.662134,21.004122],[-156.66195,21.004483],[-156.661661,21.004204],[-156.661096,21.004111],[-156.658044,21.004433],[-156.657907,21.00494],[-156.657678,21.005066],[-156.657327,21.004973],[-156.657236,21.005206],[-156.656922,21.00505],[-156.656654,21.005209],[-156.656549,21.00532],[-156.656637,21.007261],[-156.656732,21.007674],[-156.657297,21.008463],[-156.656898,21.008612],[-156.656655,21.008529],[-156.656431,21.007921],[-156.656205,21.008209],[-156.655969,21.007277],[-156.655713,21.007006],[-156.65542,21.006997],[-156.655331,21.006035],[-156.654245,21.005393],[-156.654168,21.004794],[-156.654001,21.00463],[-156.653238,21.004614],[-156.650766,21.005192],[-156.64927,21.006356],[-156.648991,21.007201],[-156.648324,21.007493],[-156.647419,21.00882],[-156.646998,21.008746],[-156.646737,21.008904],[-156.646593,21.009533],[-156.646295,21.009629],[-156.646203,21.009894],[-156.646386,21.010703],[-156.646066,21.011013],[-156.646219,21.011305],[-156.645761,21.011332],[-156.645745,21.011534],[-156.645227,21.011595],[-156.645364,21.012242],[-156.64512,21.012135],[-156.644894,21.011566],[-156.644258,21.011517],[-156.643976,21.011313],[-156.643899,21.011739],[-156.643396,21.011275],[-156.642755,21.011242],[-156.642068,21.011477],[-156.641607,21.012911],[-156.641319,21.013271],[-156.64158,21.013491],[-156.641851,21.01419],[-156.641404,21.014072],[-156.640956,21.013485],[-156.63948,21.013379],[-156.638895,21.012913],[-156.638689,21.012935],[-156.638019,21.013638],[-156.638034,21.014487],[-156.63894,21.016005],[-156.639749,21.016665],[-156.640261,21.016878],[-156.640292,21.017824],[-156.641152,21.018407],[-156.641595,21.019171],[-156.641593,21.019438],[-156.641168,21.020169],[-156.641473,21.020672],[-156.641473,21.02152],[-156.641316,21.021976],[-156.641549,21.022387],[-156.640979,21.022581],[-156.641256,21.023029],[-156.641412,21.024065],[-156.641076,21.024021],[-156.640909,21.023743],[-156.64039,21.023774],[-156.640176,21.024289],[-156.640221,21.024611],[-156.63984,21.024447],[-156.639657,21.025036],[-156.639352,21.025187],[-156.639145,21.024765],[-156.637526,21.024138],[-156.636926,21.024294],[-156.636728,21.024706],[-156.636529,21.024687],[-156.635827,21.02516],[-156.63511,21.025332],[-156.633706,21.025111],[-156.633101,21.025292],[-156.6329,21.024652],[-156.632135,21.024596],[-156.63198,21.02496],[-156.631784,21.024456],[-156.631433,21.024397],[-156.631173,21.02454],[-156.630975,21.025042],[-156.630761,21.025111],[-156.630712,21.025454],[-156.630441,21.02493],[-156.630294,21.023944],[-156.630029,21.023732],[-156.62872,21.023196],[-156.628,21.022536],[-156.625713,21.022219],[-156.624063,21.022255],[-156.623511,21.022492],[-156.62243,21.022419],[-156.62214,21.02272],[-156.621377,21.022847],[-156.620898,21.023758],[-156.619718,21.024085],[-156.619272,21.023883],[-156.619074,21.02435],[-156.618753,21.024188],[-156.617151,21.024416],[-156.617029,21.024815],[-156.61689,21.024829],[-156.616189,21.024352],[-156.614831,21.023928],[-156.61387,21.02336],[-156.61308,21.02331],[-156.611734,21.022313],[-156.610929,21.021375],[-156.610345,21.021204],[-156.609442,21.021629],[-156.609414,21.022009],[-156.609671,21.022704],[-156.609491,21.024132],[-156.609117,21.024341],[-156.608953,21.024656],[-156.608346,21.024903],[-156.607858,21.026144],[-156.607565,21.026113],[-156.607091,21.02675],[-156.606439,21.027136],[-156.606058,21.027888],[-156.6052,21.028189],[-156.604806,21.028164],[-156.604698,21.028584],[-156.605157,21.02924],[-156.604562,21.029335],[-156.604593,21.029835],[-156.604791,21.030165],[-156.604532,21.030142],[-156.604408,21.030562],[-156.603703,21.030899],[-156.603662,21.031231],[-156.602902,21.03143],[-156.60151,21.031369],[-156.601083,21.031132],[-156.600563,21.031101],[-156.599664,21.030606]]]}},{"type":"Feature","id":"HIZ018","properties":{"id":"HIZ018","name":"Maui Leeward West","island":"Maui"},"geometry":{"type":"Polygon","coordinates":[[[-156.664746,21.005265],[-156.664468,21.004601],[-156.663919,21.004691],[-156.663678,21.004187],[-156.663476,21.004258],[-156.663034,21.003939],[-156.662852,21.003976],[-156.660028,20.996272],[-156.656122,20.989272],[-156.651224,20.983471],[-156.64602,20.976471],[-156.642022,20.96547],[-156.640527,20.950472],[-156.640832,20.936472],[-156.641733,20.92607],[-156.643823,20.911971],[-156.640832,20.893372],[-156.635034,20.87567],[-156.62922,20.861672],[-156.622827,20.842671],[-156.616723,20.829871],[-156.601434,20.820071],[-156.584619,20.814871],[-156.566629,20.811869],[-156.556924,20.813071],[-156.549234,20.812571],[-156.54223,20.813372],[-156.540323,20.796271],[-156.533319,20.781271],[-156.530816,20.774565],[-156.531213,20.774636],[-156.531407,20.775369],[-156.532201,20.775588],[-156.532709,20.775622],[-156.534343,20.775235],[-156.535058,20.77534],[-156.535979,20.774444],[-156.536843,20.774123],[-156.537294,20.774631],[-156.537867,20.774688],[-156.538949,20.775103],[-156.539479,20.775707],[-156.539572,20.776176],[-156.540179,20.776289],[-156.540582,20.777201],[-156.541277,20.777486],[-156.541513,20.778262],[-156.541968,20.778399],[-156.542154,20.778916],[-156.543017,20.779127],[-156.543268,20.779549],[-156.543691,20.779757],[-156.543771,20.780161],[-156.544083,20.780428],[-156.54468,20.780598],[-156.54504,20.780388],[-156.545846,20.780375],[-156.546151,20.780648],[-156.546716,20.780737],[-156.546884,20.78098],[-156.547281,20.781012],[-156.547418,20.781956],[-156.548676,20.781991],[-156.548607,20.782152],[-156.549234,20.782702],[-156.549332,20.783171],[-156.54969,20.783429],[-156.550014,20.783309],[-156.550544,20.783381],[-156.550836,20.784447],[-156.551248,20.78456],[-156.551463,20.78413],[-156.55174,20.783956],[-156.552713,20.784264],[-156.552721,20.784724],[-156.55307,20.785031],[-156.553583,20.785032],[-156.553873,20.785403],[-156.554544,20.785292],[-156.555139,20.785727],[-156.555902,20.785929],[-156.555841,20.786599],[-156.556039,20.787247],[-156.556603,20.78732],[-156.557,20.786829],[-156.557443,20.78691],[-156.557519,20.787848],[-156.557741,20.788169],[-156.558282,20.788275],[-156.559091,20.787844],[-156.559244,20.788064],[-156.559823,20.788271],[-156.559991,20.788828],[-156.560809,20.788836],[-156.560769,20.789103],[-156.561425,20.790039],[-156.562467,20.790191],[-156.563043,20.790102],[-156.563758,20.79094],[-156.566308,20.792279],[-156.567499,20.792569],[-156.568399,20.792542],[-156.574379,20.793227],[-156.575998,20.793679],[-156.577783,20.793877],[-156.578943,20.793826],[-156.579695,20.794155],[-156.581088,20.794388],[-156.582528,20.794241],[-156.586292,20.795817],[-156.589609,20.797818],[-156.59048,20.798105],[-156.592416,20.799687],[-156.592874,20.799824],[-156.593026,20.800139],[-156.593421,20.800363],[-156.593545,20.800652],[-156.594293,20.801307],[-156.59501,20.801629],[-156.595636,20.80222],[-156.596652,20.802774],[-156.596902,20.803517],[-156.597952,20.804421],[-156.599008,20.804991],[-156.599935,20.805799],[-156.601205,20.80659],[-156.603782,20.807788],[-156.604761,20.808514],[-156.605432,20.808756],[-156.605534,20.808957],[-156.60621,20.808957],[-156.608218,20.809736],[-156.610372,20.810153],[-156.612237,20.810215],[-156.613902,20.809815],[-156.616357,20.808283],[-156.617944,20.807827],[-156.618558,20.807374],[-156.619134,20.80785],[-156.619775,20.808091],[-156.620386,20.808695],[-156.621345,20.809025],[-156.62243,20.80889],[-156.622858,20.809013],[-156.623163,20.808331],[-156.623561,20.808018],[-156.623604,20.808356],[-156.623269,20.808814],[-156.623575,20.809473],[-156.624153,20.809851],[-156.624734,20.81069],[-156.62606,20.81135],[-156.626916,20.812233],[-156.628427,20.81478],[-156.62922,20.818099],[-156.629266,20.81897],[-156.630651,20.822214],[-156.632074,20.824309],[-156.635901,20.828262],[-156.637842,20.82968],[-156.639139,20.830922],[-156.64049,20.831807],[-156.640436,20.832068],[-156.643213,20.833254],[-156.646127,20.83393],[-156.646824,20.834251],[-156.647114,20.834643],[-156.64808,20.835202],[-156.648355,20.83578],[-156.649865,20.837618],[-156.650163,20.838581],[-156.650502,20.838811],[-156.651071,20.839829],[-156.651468,20.839992],[-156.651633,20.841105],[-156.65191,20.841568],[-156.652651,20.841865],[-156.653723,20.843239],[-156.654101,20.844745],[-156.655221,20.846393],[-156.655645,20.846556],[-156.656227,20.847428],[-156.656869,20.84788],[-156.657159,20.848692],[-156.657647,20.849162],[-156.658561,20.849721],[-156.659128,20.85035],[-156.661477,20.852158],[-156.663653,20.854469],[-156.667261,20.857737],[-156.669393,20.85881],[-156.669809,20.859526],[-156.670663,20.861792],[-156.67135,20.86254],[-156.672235,20.862931],[-156.672868,20.863973],[-156.674539,20.865935],[-156.676065,20.867402],[-156.677618,20.869792],[-156.678139,20.869552],[-156.679254,20.871205],[-156.679376,20.871181],[-156.679451,20.871373],[-156.679196,20.871673],[-156.678033,20.869795],[-156.677647,20.869978],[-156.678962,20.872418],[-156.678444,20.873191],[-156.679437,20.874392],[-156.681023,20.876047],[-156.681283,20.876154],[-156.681705,20.87727],[-156.682565,20.878228],[-156.687066,20.881552],[-156.687906,20.882605],[-156.687967,20.883082],[-156.687753,20.883663],[-156.687364,20.884373],[-156.68671,20.884943],[-156.685234,20.887579],[-156.685355,20.889657],[-156.685846,20.891041],[-156.685617,20.892615],[-156.685113,20.894455],[-156.685095,20.895094],[-156.685663,20.896552],[-156.685199,20.896985],[-156.685129,20.897292],[-156.685213,20.897833],[-156.685092,20.898213],[-156.685304,20.898723],[-156.685022,20.900385],[-156.685112,20.902003],[-156.686242,20.904608],[-156.687029,20.90555],[-156.68876,20.9093],[-156.690362,20.910485],[-156.690439,20.910767],[-156.690723,20.910753],[-156.692572,20.911763],[-156.693256,20.912396],[-156.694463,20.912911],[-156.694848,20.913227],[-156.694907,20.913494],[-156.695443,20.913916],[-156.695778,20.914581],[-156.696176,20.914849],[-156.696679,20.915869],[-156.69732,20.917487],[-156.696967,20.917883],[-156.697059,20.918424],[-156.696783,20.918819],[-156.696084,20.922372],[-156.695505,20.923533],[-156.695215,20.925034],[-156.69576,20.926507],[-156.696039,20.926783],[-156.696901,20.926514],[-156.696618,20.927124],[-156.696821,20.927296],[-156.697077,20.927054],[-156.697168,20.927304],[-156.695902,20.928777],[-156.694879,20.928606],[-156.694894,20.928807],[-156.695649,20.928907],[-156.695581,20.929077],[-156.694696,20.928957],[-156.694497,20.9292],[-156.693988,20.93037],[-156.693963,20.931002],[-156.693323,20.932057],[-156.693109,20.933243],[-156.6932,20.938342],[-156.692648,20.94251],[-156.692353,20.947793],[-156.692056,20.948674],[-156.690011,20.951581],[-156.686761,20.955576],[-156.684854,20.960448],[-156.684503,20.9609],[-156.684259,20.96362],[-156.683416,20.965604],[-156.683414,20.966073],[-156.682132,20.966981],[-156.680991,20.96919],[-156.680734,20.970028],[-156.680758,20.971653],[-156.679574,20.974329],[-156.679432,20.975146],[-156.678415,20.976111],[-156.678335,20.977121],[-156.678094,20.977522],[-156.676187,20.978549],[-156.675958,20.97918],[-156.676411,20.979844],[-156.676273,20.980053],[-156.675561,20.980536],[-156.674722,20.980807],[-156.674219,20.981169],[-156.673898,20.981657],[-156.673761,20.982501],[-156.67492,20.983473],[-156.674844,20.984337],[-156.674628,20.984457],[-156.674042,20.984399],[-156.673211,20.984161],[-156.673059,20.984377],[-156.672993,20.985146],[-156.6727,20.985354],[-156.672403,20.985926],[-156.673166,20.986996],[-156.67301,20.987567],[-156.672723,20.987479],[-156.672501,20.987899],[-156.671777,20.988081],[-156.671151,20.988766],[-156.670801,20.988303],[-156.670706,20.988352],[-156.670721,20.988998],[-156.669946,20.988316],[-156.669772,20.990238],[-156.670099,20.991154],[-156.669913,20.991532],[-156.669655,20.991668],[-156.669275,20.991303],[-156.66868,20.991292],[-156.668359,20.991768],[-156.668401,20.992042],[-156.669428,20.99254],[-156.66971,20.992937],[-156.669671,20.993462],[-156.668907,20.994347],[-156.667611,20.994576],[-156.667102,20.994994],[-156.66636,20.996413],[-156.66639,20.996859],[-156.667886,20.997569],[-156.668204,20.998413],[-156.668601,20.998902],[-156.668573,20.999047],[-156.668078,20.998872],[-156.667138,20.999014],[-156.666833,20.999789],[-156.666864,21.00046],[-156.667108,21.000737],[-156.668068,21.001125],[-156.668588,21.002207],[-156.668088,21.002257],[-156.667657,21.001402],[-156.667035,21.001324],[-156.66691,21.001638],[-156.666618,21.001715],[-156.666803,21.002591],[-156.667367,21.003565],[-156.667298,21.003747],[-156.667077,21.003706],[-156.666864,21.004675],[-156.666482,21.004736],[-156.666345,21.004975],[-156.666804,21.005585],[-156.666894,21.005871],[-156.666787,21.005942],[-156.667191,21.006762],[-156.66659,21.006739],[-156.666116,21.006056],[-156.665445,21.005944],[-156.664746,21.005265]]]}},{"type":"Feature","id":"HIZ022","properties":{"id":"HIZ022","name":"Haleakala Summit","island":"Maui"},"geometry":{"type":"Polygon","coordinates":[[[-156.237817,20.795011],[-156.236648,20.794186],[-156.23546,20.794316],[-156.234809,20.794629],[-156.23367,20.794411],[-156.232758,20.79469],[-156.230466,20.79426],[-156.230441,20.793156],[-156.229414,20.79338],[-156.228873,20.793241],[-156.228202,20.7937],[-156.226923,20.793481],[-156.225794,20.794112],[-156.225274,20.793502],[-156.225165,20.792911],[-156.224348,20.792356],[-156.222778,20.791865],[-156.222153,20.791101],[-156.221909,20.789726],[-156.221244,20.789708],[-156.218946,20.788477],[-156.218709,20.78784],[-156.217935,20.788154],[-156.217255,20.787817],[-156.216879,20.786751],[-156.216135,20.786805],[-156.215841,20.786244],[-156.215972,20.784914],[-156.215361,20.784627],[-156.214674,20.785843],[-156.213727,20.785323],[-156.213368,20.784706],[-156.212351,20.784317],[-156.211579,20.783473],[-156.211788,20.782763],[-156.210103,20.783458],[-156.209645,20.78294],[-156.208629,20.782589],[-156.208073,20.781528],[-156.20746,20.781997],[-156.207014,20.781669],[-156.206329,20.781853],[-156.205742,20.781374],[-156.205163,20.781244],[-156.204879,20.780484],[-156.203865,20.780634],[-156.20292,20.780176],[-156.203894,20.779056],[-156.202731,20.778625],[-156.206073,20.775908],[-156.207068,20.772743],[-156.206648,20.772207],[-156.206489,20.771392],[-156.205971,20.770748],[-156.204361,20.769323],[-156.202887,20.768847],[-156.200627,20.768818],[-156.198703,20.768467],[-156.197592,20.767712],[-156.196737,20.767461],[-156.193984,20.767758],[-156.189056,20.766482],[-156.185776,20.766435],[-156.184743,20.76613],[-156.184071,20.76612],[-156.182834,20.76553],[-156.181788,20.765482],[-156.18098,20.764965],[-156.180693,20.764561],[-156.179711,20.764202],[-156.178838,20.763624],[-156.178304,20.762807],[-156.177758,20.762708],[-156.177235,20.762104],[-156.17644,20.762168],[-156.175286,20.761709],[-156.174894,20.761089],[-156.171575,20.759932],[-156.171044,20.75952],[-156.169413,20.759486],[-156.168715,20.75907],[-156.167684,20.758853],[-156.166728,20.759336],[-156.162375,20.757489],[-156.162054,20.757134],[-156.161317,20.757272],[-156.160293,20.756552],[-156.159388,20.755454],[-156.157239,20.754587],[-156.156749,20.754064],[-156.155338,20.753942],[-156.154249,20.753274],[-156.152761,20.753111],[-156.152059,20.753798],[-156.15169,20.75377],[-156.151008,20.753101],[-156.148942,20.75233],[-156.147096,20.751909],[-156.145462,20.752039],[-156.144411,20.751796],[-156.143379,20.751825],[-156.139793,20.751444],[-156.138878,20.75192],[-156.13777,20.75195],[-156.137312,20.75164],[-156.134616,20.752091],[-156.131338,20.751314],[-156.129312,20.750403],[-156.127262,20.750177],[-156.126386,20.750659],[-156.125718,20.750647],[-156.124564,20.749986],[-156.123803,20.750413],[-156.118948,20.750144],[-156.118329,20.749883],[-156.116107,20.750239],[-156.114765,20.750216],[-156.113962,20.749437],[-156.11307,20.749537],[-156.112407,20.749106],[-156.112132,20.749449],[-156.109717,20.749668],[-156.106839,20.74918],[-156.103374,20.747026],[-156.102155,20.744544],[-156.101348,20.743381],[-156.100057,20.742481],[-156.099493,20.741856],[-156.098327,20.74181],[-156.096734,20.741482],[-156.095693,20.74021],[-156.094656,20.739748],[-156.094404,20.73934],[-156.093399,20.739383],[-156.092165,20.738664],[-156.091796,20.737864],[-156.090677,20.738274],[-156.089967,20.738157],[-156.089591,20.737762],[-156.088818,20.738045],[-156.087901,20.737918],[-156.087201,20.738193],[-156.085945,20.737746],[-156.084446,20.73808],[-156.083679,20.738895],[-156.08316,20.738831],[-156.082727,20.73761],[-156.082064,20.737325],[-156.081553,20.736603],[-156.079593,20.735577],[-156.079343,20.734031],[-156.078887,20.732935],[-156.07891,20.732295],[-156.078269,20.731255],[-156.077837,20.729279],[-156.078471,20.728208],[-156.078616,20.726477],[-156.079141,20.725369],[-156.080539,20.724379],[-156.081768,20.72447],[-156.082463,20.724105],[-156.0825,20.722209],[-156.083868,20.720914],[-156.084709,20.721181],[-156.086017,20.72086],[-156.086509,20.720292],[-156.087019,20.720148],[-156.087672,20.720886],[-156.088379,20.720222],[-156.089228,20.720538],[-156.09008,20.720318],[-156.090779,20.720549],[-156.091406,20.720375],[-156.092075,20.721146],[-156.095108,20.721231],[-156.095755,20.721519],[-156.097892,20.72141],[-156.099079,20.720414],[-156.100208,20.719899],[-156.102308,20.719992],[-156.104315,20.720447],[-156.105213,20.722052],[-156.105659,20.721998],[-156.106192,20.721047],[-156.106838,20.720849],[-156.107963,20.721119],[-156.109276,20.720745],[-156.111256,20.721431],[-156.112142,20.722595],[-156.112436,20.721987],[-156.111163,20.719827],[-156.111608,20.719433],[-156.111863,20.718671],[-156.112382,20.718075],[-156.112997,20.717965],[-156.114229,20.71629],[-156.112831,20.715048],[-156.112822,20.714326],[-156.11341,20.713884],[-156.113522,20.713118],[-156.110915,20.711378],[-156.110302,20.71044],[-156.109856,20.708907],[-156.109979,20.707909],[-156.111581,20.703875],[-156.112669,20.702913],[-156.112204,20.701724],[-156.110985,20.701476],[-156.109942,20.70173],[-156.108366,20.701342],[-156.106992,20.701229],[-156.106949,20.699928],[-156.106154,20.698958],[-156.104919,20.698715],[-156.104081,20.697375],[-156.103199,20.696326],[-156.102262,20.696165],[-156.101057,20.693365],[-156.100061,20.69186],[-156.099986,20.691465],[-156.101358,20.690688],[-156.102195,20.690629],[-156.103861,20.688766],[-156.104634,20.688495],[-156.105496,20.688555],[-156.105918,20.688302],[-156.106214,20.687703],[-156.106852,20.687422],[-156.10747,20.687458],[-156.107971,20.687072],[-156.110431,20.686299],[-156.112524,20.686963],[-156.113246,20.687559],[-156.114246,20.6875],[-156.115153,20.687689],[-156.115745,20.68799],[-156.116396,20.687714],[-156.118206,20.687357],[-156.11895,20.68728],[-156.119351,20.687554],[-156.119813,20.68709],[-156.121065,20.686376],[-156.121721,20.686337],[-156.122986,20.685768],[-156.123889,20.685609],[-156.125723,20.684577],[-156.126498,20.685057],[-156.126728,20.684678],[-156.129283,20.684004],[-156.129809,20.684313],[-156.130504,20.684289],[-156.1313,20.683543],[-156.132072,20.683943],[-156.133938,20.687506],[-156.134064,20.68894],[-156.134846,20.691674],[-156.136198,20.693449],[-156.140252,20.692138],[-156.140741,20.692325],[-156.142365,20.692027],[-156.14296,20.692099],[-156.145433,20.691385],[-156.146883,20.691548],[-156.148814,20.690874],[-156.149629,20.690421],[-156.15045,20.690302],[-156.152702,20.690396],[-156.153878,20.689692],[-156.154957,20.689457],[-156.155087,20.688896],[-156.154307,20.686542],[-156.152608,20.684093],[-156.152168,20.682364],[-156.152041,20.680826],[-156.152744,20.680809],[-156.153793,20.681103],[-156.154646,20.681691],[-156.154848,20.681113],[-156.15609,20.680575],[-156.157188,20.680513],[-156.159134,20.681004],[-156.159486,20.681393],[-156.159549,20.682171],[-156.160222,20.681523],[-156.162037,20.681449],[-156.163283,20.681847],[-156.163895,20.681557],[-156.165016,20.68171],[-156.166244,20.682191],[-156.166711,20.684233],[-156.167502,20.683949],[-156.167953,20.685056],[-156.168586,20.683903],[-156.169232,20.683305],[-156.170199,20.684314],[-156.170554,20.682568],[-156.17152,20.683179],[-156.172182,20.682707],[-156.172873,20.683455],[-156.174183,20.68347],[-156.174402,20.68201],[-156.174788,20.682045],[-156.175082,20.681504],[-156.176377,20.681127],[-156.177544,20.681423],[-156.178007,20.680955],[-156.178538,20.68111],[-156.17901,20.681751],[-156.180016,20.681044],[-156.181059,20.680953],[-156.181173,20.681927],[-156.181469,20.682307],[-156.181892,20.681614],[-156.182633,20.681267],[-156.183049,20.681259],[-156.183817,20.682666],[-156.184168,20.682089],[-156.184266,20.681233],[-156.184498,20.68074],[-156.185623,20.680382],[-156.186475,20.680427],[-156.186989,20.680928],[-156.187428,20.680304],[-156.187874,20.680615],[-156.188126,20.681443],[-156.18948,20.680098],[-156.190444,20.68021],[-156.19131,20.680685],[-156.19136,20.679909],[-156.193091,20.679689],[-156.19392,20.68],[-156.194685,20.67975],[-156.196415,20.67956],[-156.197215,20.679733],[-156.198031,20.68037],[-156.198534,20.679631],[-156.199785,20.678864],[-156.200561,20.678767],[-156.201713,20.67966],[-156.202043,20.678117],[-156.202963,20.677524],[-156.204139,20.677277],[-156.205064,20.677917],[-156.207518,20.676601],[-156.207772,20.676079],[-156.210982,20.675112],[-156.211872,20.675546],[-156.212895,20.675402],[-156.2131,20.674722],[-156.214653,20.673732],[-156.215372,20.673719],[-156.216583,20.673055],[-156.21758,20.673206],[-156.220067,20.672137],[-156.220625,20.672389],[-156.220917,20.672139],[-156.22087,20.671596],[-156.222086,20.671134],[-156.223127,20.671105],[-156.22524,20.670194],[-156.225797,20.670554],[-156.226322,20.670507],[-156.22696,20.670903],[-156.227304,20.670184],[-156.228716,20.669355],[-156.229256,20.669513],[-156.230398,20.668881],[-156.231019,20.669164],[-156.231531,20.668697],[-156.232314,20.668817],[-156.232595,20.668244],[-156.234384,20.668056],[-156.235089,20.668234],[-156.235827,20.667365],[-156.238738,20.667098],[-156.238781,20.666557],[-156.24088,20.666596],[-156.240694,20.665955],[-156.241379,20.666072],[-156.24185,20.665676],[-156.242327,20.665838],[-156.243,20.665538],[-156.243286,20.665867],[-156.243973,20.665007],[-156.245806,20.664433],[-156.246906,20.665187],[-156.247375,20.664011],[-156.248492,20.663733],[-156.249765,20.662972],[-156.250435,20.663067],[-156.251206,20.662816],[-156.251881,20.662969],[-156.253314,20.662263],[-156.254138,20.662331],[-156.256789,20.661973],[-156.257289,20.661633],[-156.258519,20.661579],[-156.259488,20.661008],[-156.260229,20.661097],[-156.260966,20.660501],[-156.261987,20.660768],[-156.263028,20.660195],[-156.264145,20.660226],[-156.267265,20.659314],[-156.26874,20.658594],[-156.270789,20.658521],[-156.272225,20.658265],[-156.276891,20.657022],[-156.277992,20.656965],[-156.279331,20.656371],[-156.280447,20.656352],[-156.281476,20.655884],[-156.283007,20.655953],[-156.285516,20.655224],[-156.288372,20.655043],[-156.290363,20.655472],[-156.295029,20.655026],[-156.296097,20.655238],[-156.297921,20.654719],[-156.300921,20.654607],[-156.303338,20.65393],[-156.304025,20.652873],[-156.306043,20.65212],[-156.3088,20.651564],[-156.310049,20.651071],[-156.311659,20.650829],[-156.314091,20.651079],[-156.315862,20.650817],[-156.317065,20.651231],[-156.317982,20.651928],[-156.320532,20.652317],[-156.321388,20.651824],[-156.322959,20.651871],[-156.325829,20.652326],[-156.326981,20.652277],[-156.330453,20.653427],[-156.332942,20.653737],[-156.33574,20.655186],[-156.337636,20.65559],[-156.338512,20.656125],[-156.340536,20.656097],[-156.34259,20.655519],[-156.343505,20.656196],[-156.344662,20.65532],[-156.346544,20.656448],[-156.347364,20.657478],[-156.348376,20.657562],[-156.349121,20.656912],[-156.349376,20.65621],[-156.350429,20.654572],[-156.350761,20.654472],[-156.351239,20.654925],[-156.351383,20.655655],[-156.3519,20.655833],[-156.351968,20.656956],[-156.351051,20.658665],[-156.349829,20.659496],[-156.348084,20.660277],[-156.347305,20.661308],[-156.347642,20.661578],[-156.347326,20.662821],[-156.346425,20.663162],[-156.345018,20.664975],[-156.345673,20.667784],[-156.345287,20.669744],[-156.344721,20.670117],[-156.344906,20.670821],[-156.343852,20.671857],[-156.34362,20.672642],[-156.343022,20.672799],[-156.342674,20.672731],[-156.342618,20.673515],[-156.341312,20.675078],[-156.340429,20.675688],[-156.339437,20.677619],[-156.339505,20.678433],[-156.337802,20.68268],[-156.337638,20.683731],[-156.335281,20.686654],[-156.334723,20.686878],[-156.334479,20.688444],[-156.333166,20.690197],[-156.331179,20.692008],[-156.3305,20.692439],[-156.330299,20.692952],[-156.329532,20.693793],[-156.328402,20.696029],[-156.327656,20.696848],[-156.327307,20.697718],[-156.325766,20.699771],[-156.322378,20.702793],[-156.321918,20.70285],[-156.321547,20.703591],[-156.320411,20.704154],[-156.318608,20.706639],[-156.317882,20.706808],[-156.317624,20.708068],[-156.316749,20.708564],[-156.315785,20.709463],[-156.315762,20.710175],[-156.313573,20.712429],[-156.313606,20.713087],[-156.313266,20.71399],[-156.311876,20.71466],[-156.309011,20.718022],[-156.30867,20.718853],[-156.306678,20.721109],[-156.306055,20.722153],[-156.305597,20.72233],[-156.304279,20.723519],[-156.303049,20.724068],[-156.30082,20.726766],[-156.299032,20.730167],[-156.298426,20.730881],[-156.298046,20.731668],[-156.29737,20.731913],[-156.293863,20.736341],[-156.292674,20.736913],[-156.291658,20.737094],[-156.291521,20.738196],[-156.290569,20.738555],[-156.289831,20.739398],[-156.28849,20.74012],[-156.288183,20.741206],[-156.28716,20.74168],[-156.286634,20.741522],[-156.286601,20.742522],[-156.285766,20.742514],[-156.285507,20.742776],[-156.28552,20.743193],[-156.28508,20.744234],[-156.284625,20.744434],[-156.284878,20.745691],[-156.284557,20.746823],[-156.283994,20.747402],[-156.282746,20.747915],[-156.282984,20.749326],[-156.28195,20.75165],[-156.281676,20.752768],[-156.281568,20.755693],[-156.280122,20.756865],[-156.279385,20.75706],[-156.277693,20.758921],[-156.27658,20.758705],[-156.276754,20.760603],[-156.274383,20.762823],[-156.274512,20.763837],[-156.274226,20.764902],[-156.27359,20.765732],[-156.270803,20.769373],[-156.26981,20.769792],[-156.270126,20.770756],[-156.268517,20.772751],[-156.267962,20.774231],[-156.266949,20.775633],[-156.267055,20.776838],[-156.265958,20.778343],[-156.265127,20.778565],[-156.265014,20.779196],[-156.263783,20.780911],[-156.262882,20.781854],[-156.261926,20.783448],[-156.260849,20.783475],[-156.260792,20.784391],[-156.260232,20.785049],[-156.25953,20.785314],[-156.258434,20.787396],[-156.257216,20.787747],[-156.256621,20.7883],[-156.255976,20.788441],[-156.256322,20.789173],[-156.256142,20.789707],[-156.254647,20.790206],[-156.25302,20.791039],[-156.25243,20.791815],[-156.251229,20.792575],[-156.249629,20.793034],[-156.248487,20.793857],[-156.247583,20.793896],[-156.24672,20.794331],[-156.244512,20.794275],[-156.242564,20.794431],[-156.239409,20.79512],[-156.237817,20.795011]]]}},{"type":"Feature","id":"HIZ045","properties":{"id":"HIZ045","name":"Maui Central Valley North","island":"Maui"},"geometry":{"type":"Polygon","coordinates":[[[-156.358571,20.933419],[-156.356411,20.928931],[-156.354187,20.923563],[-156.352541,20.918862],[-156.351139,20.914083],[-156.349817,20.908425],[-156.348956,20.903519],[-156.34835,20.898575],[-156.347999,20.893607],[-156.347904,20.888627],[-156.348066,20.883649],[-156.348485,20.878686],[-156.349159,20.873751],[-156.350843,20.865624],[-156.353219,20.857672],[-156.35473,20.851572],[-156.362329,20.83387],[-156.367532,20.82437],[-156.376733,20.811871],[-156.380358,20.807881],[-156.498834,20.84327],[-156.49212,20.863772],[-156.489023,20.885172],[-156.489328,20.901371],[-156.490289,20.91227],[-156.489578,20.911224],[-156.488458,20.910353],[-156.48686,20.910148],[-156.484726,20.910478],[-156.483148,20.909359],[-156.482843,20.907355],[-156.481536,20.905474],[-156.481352,20.903938],[-156.480935,20.902443],[-156.481119,20.901223],[-156.480726,20.899645],[-156.479989,20.898404],[-156.479791,20.898377],[-156.47973,20.897076],[-156.478485,20.895058],[-156.476007,20.892832],[-156.474165,20.89182],[-156.472223,20.891406],[-156.471654,20.891795],[-156.469415,20.892531],[-156.468422,20.893237],[-156.467462,20.893548],[-156.467386,20.894242],[-156.467538,20.894566],[-156.468726,20.895241],[-156.468562,20.895531],[-156.467218,20.894698],[-156.466409,20.894423],[-156.465814,20.894902],[-156.465416,20.896092],[-156.468194,20.897696],[-156.467838,20.89839],[-156.468194,20.898873],[-156.466759,20.898806],[-156.466668,20.898619],[-156.465497,20.897912],[-156.464364,20.897786],[-156.46398,20.897899],[-156.463439,20.89774],[-156.463336,20.897449],[-156.46232,20.89733],[-156.460046,20.898194],[-156.453597,20.896978],[-156.450094,20.897771],[-156.448098,20.89857],[-156.44799,20.898807],[-156.447041,20.899438],[-156.444757,20.89993],[-156.443368,20.900053],[-156.439035,20.901726],[-156.437981,20.902529],[-156.436395,20.903422],[-156.434867,20.903678],[-156.433571,20.904264],[-156.432855,20.904881],[-156.431476,20.906583],[-156.428354,20.908661],[-156.427613,20.909012],[-156.42695,20.909104],[-156.425557,20.909939],[-156.423671,20.910381],[-156.423512,20.910574],[-156.421869,20.91045],[-156.420099,20.90849],[-156.418929,20.908401],[-156.417825,20.908076],[-156.416345,20.90811],[-156.414547,20.908859],[-156.413796,20.908289],[-156.412835,20.908251],[-156.411731,20.908853],[-156.411289,20.909735],[-156.410747,20.910003],[-156.410043,20.909844],[-156.409052,20.910154],[-156.408831,20.910251],[-156.408542,20.911126],[-156.408194,20.91128],[-156.40751,20.911227],[-156.406102,20.911916],[-156.405923,20.912257],[-156.405328,20.912493],[-156.404687,20.913344],[-156.403222,20.913241],[-156.401224,20.913708],[-156.40188,20.913157],[-156.401681,20.912987],[-156.399387,20.913381],[-156.398215,20.913231],[-156.396781,20.91338],[-156.395586,20.913877],[-156.393881,20.915143],[-156.392857,20.91563],[-156.392282,20.91572],[-156.391423,20.915586],[-156.389921,20.915881],[-156.388788,20.915696],[-156.387338,20.916014],[-156.38525,20.915876],[-156.383475,20.916422],[-156.382822,20.91699],[-156.382357,20.917016],[-156.381677,20.917609],[-156.381489,20.918538],[-156.381781,20.919031],[-156.381158,20.920172],[-156.380044,20.919697],[-156.378442,20.92039],[-156.378335,20.920811],[-156.378534,20.921505],[-156.378442,20.92195],[-156.377374,20.922261],[-156.376337,20.923224],[-156.375696,20.922717],[-156.3751,20.922564],[-156.373529,20.922989],[-156.372797,20.923987],[-156.371789,20.923993],[-156.371372,20.925529],[-156.37037,20.925889],[-156.370263,20.926396],[-156.370777,20.927249],[-156.370965,20.928841],[-156.370736,20.929177],[-156.369972,20.929322],[-156.368949,20.93006],[-156.368159,20.929528],[-156.366644,20.929843],[-156.365457,20.930621],[-156.364496,20.930885],[-156.362477,20.931791],[-156.362039,20.932093],[-156.361574,20.932911],[-156.36062,20.933529],[-156.360271,20.933622],[-156.358571,20.933419]]]}},{"type":"Feature","id":"HIZ046","properties":{"id":"HIZ046","name":"Maui Central Valley South","island":"Maui"},"geometry":{"type":"Polygon","coordinates":[[[-156.386728,20.800869],[-156.409631,20.784371],[-156.429818,20.774271],[-156.448129,20.770071],[-156.45942,20.767174],[-156.459482,20.769429],[-156.460912,20.773959],[-156.461309,20.776998],[-156.461246,20.777572],[-156.461923,20.779635],[-156.463022,20.780905],[-156.463781,20.780465],[-156.463937,20.780642],[-156.463212,20.78118],[-156.466966,20.784268],[-156.467495,20.784382],[-156.46827,20.784837],[-156.468805,20.785664],[-156.470987,20.787617],[-156.47294,20.789114],[-156.473556,20.789188],[-156.474033,20.789537],[-156.476354,20.790269],[-156.482522,20.793475],[-156.485086,20.794589],[-156.486926,20.795198],[-156.487283,20.795111],[-156.488616,20.79546],[-156.490881,20.795497],[-156.4946,20.796637],[-156.49743,20.796951],[-156.499433,20.796752],[-156.501372,20.796303],[-156.503105,20.796402],[-156.505506,20.795285],[-156.506418,20.795325],[-156.506967,20.7946],[-156.508508,20.793448],[-156.509012,20.792611],[-156.50946,20.79229],[-156.510809,20.792251],[-156.512658,20.79135],[-156.513894,20.790997],[-156.51391,20.790787],[-156.511651,20.791058],[-156.511361,20.790955],[-156.511581,20.790664],[-156.51416,20.790312],[-156.514108,20.790062],[-156.514398,20.789208],[-156.514764,20.788828],[-156.515394,20.788701],[-156.515635,20.787863],[-156.515849,20.78771],[-156.515802,20.787138],[-156.515344,20.786606],[-156.515607,20.785839],[-156.51597,20.785567],[-156.516397,20.785687],[-156.516649,20.785397],[-156.516906,20.784994],[-156.516946,20.784342],[-156.517515,20.78389],[-156.517663,20.783488],[-156.517969,20.783246],[-156.518125,20.782601],[-156.518426,20.782513],[-156.519024,20.781417],[-156.519485,20.781369],[-156.521743,20.779912],[-156.52221,20.779139],[-156.522856,20.778736],[-156.522928,20.778347],[-156.522475,20.777414],[-156.522655,20.777092],[-156.523928,20.777141],[-156.524652,20.778111],[-156.525359,20.778118],[-156.525705,20.777197],[-156.525934,20.776998],[-156.526803,20.777056],[-156.527844,20.776751],[-156.528701,20.776799],[-156.529107,20.776608],[-156.529339,20.775707],[-156.530484,20.775231],[-156.530816,20.774565],[-156.533319,20.781271],[-156.540323,20.796271],[-156.54223,20.813372],[-156.522333,20.820372],[-156.511819,20.826272],[-156.507821,20.82967],[-156.498834,20.84327],[-156.380358,20.807881],[-156.386728,20.800869]]]}},{"type":"Feature","id":"HIZ047","properties":{"id":"HIZ047","name":"Windward Haleakala","island":"Maui"},"geometry":{"type":"MultiPolygon","coordinates":[[[[-156.321943,20.947266],[-156.32055,20.945631],[-156.320077,20.945633],[-156.319803,20.945365],[-156.319833,20.944397],[-156.319696,20.944096],[-156.319574,20.944571],[-156.319335,20.94465],[-156.31936,20.944144],[-156.319635,20.943476],[-156.319438,20.942722],[-156.319101,20.942517],[-156.318487,20.942365],[-156.31769,20.942558],[-156.317804,20.942946],[-156.317422,20.943694],[-156.317585,20.944025],[-156.317468,20.944668],[-156.31732,20.94466],[-156.317331,20.944241],[-156.316935,20.944477],[-156.31623,20.94443],[-156.316104,20.944911],[-156.315792,20.944619],[-156.315164,20.944699],[-156.315118,20.94523],[-156.314709,20.944534],[-156.313852,20.943783],[-156.3127,20.943536],[-156.312585,20.942776],[-156.312117,20.942456],[-156.311502,20.941699],[-156.309643,20.941138],[-156.308605,20.940263],[-156.307184,20.939877],[-156.306833,20.939541],[-156.306643,20.939507],[-156.306467,20.939747],[-156.305855,20.939708],[-156.305451,20.939856],[-156.304788,20.939211],[-156.304308,20.939877],[-156.30372,20.939984],[-156.303308,20.940278],[-156.303167,20.94088],[-156.302867,20.941184],[-156.301434,20.941313],[-156.299759,20.941004],[-156.298836,20.94109],[-156.298378,20.94211],[-156.296727,20.942334],[-156.296533,20.942532],[-156.296457,20.943169],[-156.295481,20.94232],[-156.294168,20.941943],[-156.294015,20.942021],[-156.293756,20.941542],[-156.293145,20.941438],[-156.292749,20.94216],[-156.291134,20.943021],[-156.290292,20.942696],[-156.28939,20.943171],[-156.288141,20.943343],[-156.287896,20.944123],[-156.284242,20.944437],[-156.283761,20.94456],[-156.283456,20.945397],[-156.283197,20.94557],[-156.282042,20.945445],[-156.281762,20.945319],[-156.280909,20.944109],[-156.279054,20.943031],[-156.279092,20.942479],[-156.278909,20.941851],[-156.27778,20.941185],[-156.276925,20.940085],[-156.276224,20.937642],[-156.27572,20.937031],[-156.275755,20.936701],[-156.274942,20.935425],[-156.274214,20.934562],[-156.272546,20.93422],[-156.27216,20.934472],[-156.271705,20.934526],[-156.271,20.934267],[-156.269564,20.934396],[-156.26929,20.934498],[-156.269021,20.935116],[-156.268452,20.935343],[-156.267477,20.935333],[-156.266244,20.936505],[-156.266183,20.93731],[-156.265922,20.937816],[-156.26568,20.938031],[-156.265695,20.937571],[-156.265222,20.93751],[-156.263604,20.938038],[-156.263644,20.938313],[-156.263116,20.938849],[-156.262752,20.939672],[-156.262453,20.938648],[-156.26178,20.938544],[-156.261427,20.93758],[-156.260812,20.937468],[-156.260537,20.937747],[-156.260415,20.937327],[-156.26066,20.937216],[-156.260461,20.937117],[-156.26011,20.936354],[-156.259183,20.936263],[-156.259012,20.93647],[-156.258741,20.935532],[-156.258508,20.935553],[-156.258448,20.936049],[-156.258111,20.935671],[-156.258189,20.935326],[-156.257884,20.935224],[-156.257608,20.934397],[-156.256682,20.933903],[-156.25656,20.933491],[-156.256769,20.932856],[-156.256402,20.933068],[-156.254602,20.933104],[-156.254464,20.933257],[-156.254326,20.93386],[-156.253335,20.935599],[-156.253242,20.93689],[-156.252767,20.9381],[-156.252498,20.937551],[-156.252741,20.937295],[-156.252313,20.937233],[-156.251047,20.936299],[-156.249704,20.936244],[-156.249227,20.936505],[-156.248754,20.937322],[-156.248285,20.937558],[-156.24798,20.936539],[-156.24765,20.936342],[-156.246301,20.935904],[-156.246085,20.93599],[-156.245752,20.935675],[-156.245189,20.935655],[-156.244805,20.935846],[-156.244623,20.935351],[-156.244363,20.935269],[-156.243884,20.935661],[-156.243757,20.935547],[-156.243423,20.935658],[-156.243341,20.935431],[-156.24299,20.935413],[-156.242486,20.934933],[-156.242099,20.934922],[-156.241748,20.935016],[-156.241495,20.93558],[-156.241231,20.935659],[-156.240823,20.935486],[-156.240884,20.934767],[-156.240318,20.934876],[-156.240079,20.934682],[-156.23974,20.934945],[-156.239628,20.935397],[-156.239346,20.935395],[-156.239123,20.934731],[-156.239133,20.934173],[-156.239166,20.933892],[-156.239557,20.933558],[-156.239267,20.933465],[-156.239639,20.932749],[-156.240112,20.932405],[-156.240472,20.931317],[-156.240396,20.931124],[-156.240104,20.9311],[-156.23948,20.930268],[-156.238992,20.930119],[-156.239023,20.930331],[-156.238733,20.930174],[-156.238283,20.930325],[-156.237649,20.931038],[-156.237172,20.931246],[-156.236642,20.931969],[-156.236388,20.931958],[-156.236263,20.931651],[-156.236337,20.930989],[-156.235825,20.93034],[-156.235803,20.929734],[-156.235509,20.929579],[-156.234896,20.930211],[-156.234964,20.929881],[-156.23478,20.92996],[-156.234689,20.929713],[-156.234735,20.928879],[-156.233545,20.928442],[-156.233362,20.929094],[-156.233011,20.928721],[-156.232965,20.928132],[-156.232422,20.927805],[-156.231909,20.927898],[-156.231713,20.928664],[-156.231149,20.928909],[-156.231167,20.928627],[-156.230874,20.928256],[-156.230691,20.928212],[-156.23069,20.928847],[-156.230553,20.928599],[-156.230432,20.928727],[-156.230009,20.928385],[-156.230218,20.928168],[-156.230172,20.928002],[-156.229978,20.928045],[-156.23002,20.927884],[-156.229699,20.927801],[-156.229227,20.928],[-156.228521,20.927874],[-156.228537,20.928794],[-156.228416,20.928986],[-156.227945,20.928952],[-156.227807,20.928652],[-156.227594,20.928792],[-156.227563,20.928158],[-156.227965,20.927167],[-156.228116,20.927074],[-156.228525,20.927252],[-156.228555,20.927147],[-156.228509,20.926499],[-156.228006,20.926529],[-156.228166,20.925934],[-156.228346,20.925927],[-156.228418,20.9257],[-156.228311,20.924645],[-156.227962,20.924358],[-156.22761,20.923685],[-156.227411,20.921076],[-156.226391,20.921262],[-156.226181,20.920946],[-156.226419,20.9201],[-156.226366,20.919379],[-156.227289,20.918232],[-156.227594,20.9175],[-156.22764,20.916992],[-156.227502,20.916813],[-156.227624,20.916121],[-156.227918,20.915711],[-156.227519,20.914723],[-156.22735,20.914601],[-156.226364,20.914922],[-156.22624,20.914641],[-156.226312,20.913842],[-156.225671,20.913596],[-156.224187,20.913536],[-156.223802,20.913647],[-156.223532,20.914293],[-156.223698,20.914591],[-156.22344,20.914734],[-156.22326,20.915484],[-156.223081,20.915577],[-156.223175,20.914781],[-156.222635,20.914719],[-156.222066,20.914821],[-156.221731,20.915084],[-156.221176,20.915008],[-156.220645,20.915278],[-156.219613,20.91527],[-156.219189,20.914921],[-156.218302,20.914931],[-156.218194,20.914704],[-156.217477,20.914925],[-156.217294,20.914778],[-156.217247,20.913785],[-156.215387,20.913432],[-156.214904,20.913502],[-156.214959,20.913407],[-156.214643,20.913193],[-156.214654,20.912386],[-156.214441,20.911568],[-156.214602,20.911465],[-156.214674,20.91107],[-156.214761,20.90923],[-156.213998,20.908126],[-156.213876,20.907592],[-156.214395,20.907185],[-156.214336,20.906877],[-156.214746,20.906882],[-156.214978,20.905889],[-156.214898,20.905653],[-156.214598,20.905474],[-156.214444,20.904747],[-156.213878,20.904273],[-156.213771,20.903894],[-156.213472,20.903957],[-156.213327,20.904181],[-156.213566,20.9047],[-156.213464,20.904917],[-156.212632,20.905089],[-156.212295,20.904666],[-156.212594,20.904217],[-156.212734,20.903547],[-156.212396,20.903487],[-156.21235,20.903271],[-156.211892,20.903025],[-156.211516,20.902546],[-156.211221,20.902577],[-156.211117,20.903],[-156.210816,20.902629],[-156.210534,20.902603],[-156.210137,20.903044],[-156.209473,20.902918],[-156.208169,20.902287],[-156.207822,20.90176],[-156.205792,20.900881],[-156.205291,20.899901],[-156.20527,20.899117],[-156.204736,20.898945],[-156.204269,20.898157],[-156.20318,20.897843],[-156.202125,20.897769],[-156.201684,20.897135],[-156.20091,20.897124],[-156.200677,20.89688],[-156.199853,20.896807],[-156.199624,20.895783],[-156.198999,20.895616],[-156.198602,20.894782],[-156.197336,20.894715],[-156.196359,20.894177],[-156.196145,20.8944],[-156.195916,20.894285],[-156.195794,20.893841],[-156.196088,20.893423],[-156.195807,20.893372],[-156.195181,20.893618],[-156.195016,20.894633],[-156.194482,20.894606],[-156.194482,20.894314],[-156.194238,20.894347],[-156.194654,20.893453],[-156.194338,20.893489],[-156.194147,20.893337],[-156.194284,20.892714],[-156.195126,20.891632],[-156.195552,20.890173],[-156.196451,20.88909],[-156.196328,20.888798],[-156.195306,20.889115],[-156.193776,20.891081],[-156.192491,20.891523],[-156.192303,20.891786],[-156.192056,20.891697],[-156.192132,20.891344],[-156.192596,20.891314],[-156.192865,20.890467],[-156.193155,20.890196],[-156.193035,20.889444],[-156.191805,20.887982],[-156.190759,20.887579],[-156.190645,20.887199],[-156.189374,20.88643],[-156.18789,20.885113],[-156.186199,20.884267],[-156.185724,20.883423],[-156.184762,20.882561],[-156.184139,20.882274],[-156.183832,20.881836],[-156.183786,20.881474],[-156.18284,20.880852],[-156.18261,20.880123],[-156.181146,20.879112],[-156.180337,20.87908],[-156.178964,20.87781],[-156.178018,20.877732],[-156.176651,20.876745],[-156.175958,20.876666],[-156.174646,20.87451],[-156.174722,20.873461],[-156.173466,20.873904],[-156.173074,20.874409],[-156.172403,20.874541],[-156.172082,20.874054],[-156.171824,20.874197],[-156.171121,20.873715],[-156.170541,20.873783],[-156.167888,20.871464],[-156.167237,20.869754],[-156.166818,20.867604],[-156.167218,20.864744],[-156.167174,20.86384],[-156.166711,20.862992],[-156.167016,20.862734],[-156.16691,20.861752],[-156.167249,20.861697],[-156.167169,20.861359],[-156.167511,20.861118],[-156.167329,20.860176],[-156.16695,20.860926],[-156.165568,20.860685],[-156.165079,20.861202],[-156.164834,20.861136],[-156.164236,20.862083],[-156.164176,20.862505],[-156.163932,20.862679],[-156.163781,20.86332],[-156.163237,20.863815],[-156.163278,20.863514],[-156.163045,20.863253],[-156.162485,20.86319],[-156.161876,20.863508],[-156.161569,20.863449],[-156.161434,20.863121],[-156.16105,20.862917],[-156.160842,20.862218],[-156.158553,20.861597],[-156.15841,20.862141],[-156.157983,20.861527],[-156.158249,20.861409],[-156.158288,20.861166],[-156.158059,20.861001],[-156.158029,20.86076],[-156.158273,20.859801],[-156.158111,20.85931],[-156.157022,20.858693],[-156.152916,20.859648],[-156.152658,20.859595],[-156.151939,20.860005],[-156.151163,20.86014],[-156.150552,20.860474],[-156.150109,20.861059],[-156.149534,20.861382],[-156.148443,20.861426],[-156.148277,20.861696],[-156.148337,20.862083],[-156.147981,20.862663],[-156.148183,20.862942],[-156.148172,20.863823],[-156.147512,20.863981],[-156.147592,20.865006],[-156.146627,20.865468],[-156.146203,20.865959],[-156.14593,20.865739],[-156.145609,20.865074],[-156.144937,20.864602],[-156.143947,20.86499],[-156.143564,20.864174],[-156.143825,20.86366],[-156.143487,20.863333],[-156.142862,20.863337],[-156.14306,20.862874],[-156.143732,20.862662],[-156.143854,20.862456],[-156.143627,20.861959],[-156.143213,20.861796],[-156.143426,20.861145],[-156.143319,20.861027],[-156.143629,20.860811],[-156.143457,20.860087],[-156.1443,20.8597],[-156.144009,20.859301],[-156.144388,20.858687],[-156.144441,20.858275],[-156.144178,20.857932],[-156.143599,20.8577],[-156.142022,20.857737],[-156.139965,20.858219],[-156.139291,20.858126],[-156.138931,20.857858],[-156.138298,20.858322],[-156.138147,20.858201],[-156.138036,20.858332],[-156.137842,20.858088],[-156.135449,20.858374],[-156.134774,20.858324],[-156.134302,20.858038],[-156.13338,20.858295],[-156.133523,20.858036],[-156.133432,20.857764],[-156.133096,20.857769],[-156.132058,20.858645],[-156.131313,20.859014],[-156.131433,20.8586],[-156.131326,20.857756],[-156.130547,20.858349],[-156.130105,20.858227],[-156.131006,20.857388],[-156.131592,20.857175],[-156.131913,20.855715],[-156.130625,20.855116],[-156.129786,20.85509],[-156.129206,20.854737],[-156.128778,20.854737],[-156.128808,20.854535],[-156.129376,20.854163],[-156.12948,20.853852],[-156.129175,20.853461],[-156.128778,20.852118],[-156.128476,20.849223],[-156.128477,20.848843],[-156.128686,20.84862],[-156.127679,20.847064],[-156.127466,20.846259],[-156.127496,20.845191],[-156.126811,20.844372],[-156.127176,20.843298],[-156.127832,20.842383],[-156.128671,20.841616],[-156.128869,20.840998],[-156.128138,20.840226],[-156.127542,20.84006],[-156.126367,20.840209],[-156.126092,20.840094],[-156.125696,20.83918],[-156.125774,20.838896],[-156.125605,20.838575],[-156.125761,20.838241],[-156.125375,20.836712],[-156.123697,20.836354],[-156.122867,20.836863],[-156.12243,20.837639],[-156.122272,20.838483],[-156.121807,20.838851],[-156.121667,20.838189],[-156.120996,20.838053],[-156.120727,20.836333],[-156.120004,20.835497],[-156.11975,20.834606],[-156.118544,20.833758],[-156.118348,20.832667],[-156.116578,20.831896],[-156.115808,20.831116],[-156.115416,20.829813],[-156.116128,20.827889],[-156.116128,20.827523],[-156.115426,20.826525],[-156.115091,20.826781],[-156.114989,20.826651],[-156.114792,20.826721],[-156.11474,20.826067],[-156.11503,20.825652],[-156.113826,20.824762],[-156.113446,20.824299],[-156.113168,20.82416],[-156.112832,20.824248],[-156.11168,20.82508],[-156.109996,20.82523],[-156.108336,20.824598],[-156.107922,20.82403],[-156.106943,20.823296],[-156.105245,20.824586],[-156.104786,20.825302],[-156.104058,20.825629],[-156.101816,20.825631],[-156.101236,20.825247],[-156.09941,20.825203],[-156.097553,20.825361],[-156.095721,20.825874],[-156.095007,20.826451],[-156.095463,20.827093],[-156.095359,20.827422],[-156.094273,20.827473],[-156.093438,20.828274],[-156.093042,20.82786],[-156.092737,20.828078],[-156.092844,20.828764],[-156.092416,20.828679],[-156.09204,20.827982],[-156.091913,20.827328],[-156.091329,20.827131],[-156.090922,20.827669],[-156.090263,20.827623],[-156.09008,20.827446],[-156.08912,20.827868],[-156.088859,20.828399],[-156.088634,20.828582],[-156.088294,20.828589],[-156.088373,20.828766],[-156.088101,20.828966],[-156.085551,20.827788],[-156.085061,20.828148],[-156.084436,20.827603],[-156.084758,20.826619],[-156.084502,20.826561],[-156.083681,20.825627],[-156.082959,20.825226],[-156.082572,20.825596],[-156.082129,20.82535],[-156.081855,20.825486],[-156.081821,20.825734],[-156.081659,20.825695],[-156.081127,20.824754],[-156.080972,20.824784],[-156.080744,20.824525],[-156.080438,20.823821],[-156.079126,20.823716],[-156.079284,20.823547],[-156.078958,20.82239],[-156.078244,20.822239],[-156.077585,20.822388],[-156.077232,20.822838],[-156.077051,20.822844],[-156.076646,20.822358],[-156.076547,20.821719],[-156.075174,20.820853],[-156.074903,20.820473],[-156.074502,20.820315],[-156.074075,20.820394],[-156.074097,20.819853],[-156.073587,20.819243],[-156.072946,20.819062],[-156.072214,20.819154],[-156.07232,20.818969],[-156.071015,20.818751],[-156.070657,20.818472],[-156.069926,20.818315],[-156.06965,20.818646],[-156.068611,20.818799],[-156.068551,20.818516],[-156.068997,20.81801],[-156.068908,20.817501],[-156.067965,20.816889],[-156.06579,20.816155],[-156.065376,20.816473],[-156.065286,20.816203],[-156.065566,20.815807],[-156.065194,20.814948],[-156.064773,20.81463],[-156.064176,20.814513],[-156.064664,20.814236],[-156.064651,20.813959],[-156.063974,20.81242],[-156.063069,20.812155],[-156.062036,20.81243],[-156.062036,20.812235],[-156.061807,20.812308],[-156.061556,20.811313],[-156.060632,20.811347],[-156.06022,20.811045],[-156.059901,20.811165],[-156.059839,20.810076],[-156.059442,20.809401],[-156.058725,20.80921],[-156.057763,20.807801],[-156.057218,20.807399],[-156.055581,20.807106],[-156.054941,20.807303],[-156.054696,20.807478],[-156.054968,20.807828],[-156.054889,20.808167],[-156.054666,20.808247],[-156.054572,20.80855],[-156.054332,20.808309],[-156.054284,20.807984],[-156.054045,20.80796],[-156.054013,20.807709],[-156.053918,20.807829],[-156.053545,20.807528],[-156.05311,20.807525],[-156.053262,20.807286],[-156.053132,20.806928],[-156.051446,20.806723],[-156.05137,20.806973],[-156.05027,20.807054],[-156.050073,20.807761],[-156.049585,20.807946],[-156.049552,20.808212],[-156.04926,20.808396],[-156.049204,20.808621],[-156.048645,20.808336],[-156.048669,20.807818],[-156.048456,20.807801],[-156.048305,20.80804],[-156.048248,20.807824],[-156.048386,20.807704],[-156.048196,20.807591],[-156.048257,20.807463],[-156.047383,20.807227],[-156.046901,20.807629],[-156.046472,20.807003],[-156.045892,20.806984],[-156.04548,20.806448],[-156.045175,20.806347],[-156.045223,20.806132],[-156.044861,20.805604],[-156.043893,20.805426],[-156.042684,20.805541],[-156.042309,20.805466],[-156.042174,20.80519],[-156.040873,20.805333],[-156.040674,20.805214],[-156.040094,20.805483],[-156.039906,20.805805],[-156.039831,20.806612],[-156.038995,20.807236],[-156.038705,20.807007],[-156.038068,20.806947],[-156.037884,20.80664],[-156.036482,20.805863],[-156.03378,20.805344],[-156.031762,20.805321],[-156.030717,20.805105],[-156.02894,20.804406],[-156.028207,20.803933],[-156.027383,20.803822],[-156.026391,20.803387],[-156.024148,20.802161],[-156.0225,20.801705],[-156.021266,20.801018],[-156.021142,20.800757],[-156.020579,20.800472],[-156.019936,20.799837],[-156.019024,20.799613],[-156.01823,20.798679],[-156.016919,20.798201],[-156.016342,20.797826],[-156.014993,20.797654],[-156.014764,20.797387],[-156.014594,20.797507],[-156.014703,20.797757],[-156.014534,20.797907],[-156.014358,20.797198],[-156.012755,20.796921],[-156.012338,20.796984],[-156.012202,20.797195],[-156.012002,20.79702],[-156.011602,20.797018],[-156.011697,20.797543],[-156.011544,20.797627],[-156.011377,20.797242],[-156.010965,20.797513],[-156.010762,20.797359],[-156.010299,20.797582],[-156.00982,20.796875],[-156.008892,20.797248],[-156.008605,20.797037],[-156.008417,20.796414],[-156.008081,20.796338],[-156.007534,20.79556],[-156.00712,20.795324],[-156.00715,20.794901],[-156.005792,20.793972],[-156.005823,20.793803],[-156.004867,20.793982],[-156.004075,20.793759],[-156.003808,20.793959],[-156.003839,20.793669],[-156.003534,20.793625],[-156.003049,20.793905],[-156.002923,20.793768],[-156.002984,20.793524],[-156.002572,20.7932],[-156.002287,20.793189],[-156.002298,20.792866],[-156.00155,20.792853],[-156.001252,20.792487],[-156.001183,20.792591],[-156.000864,20.79204],[-156.001123,20.791653],[-156.000863,20.791708],[-156.000714,20.791498],[-156.000381,20.791592],[-156.001173,20.790798],[-156.001077,20.790452],[-156.001428,20.790244],[-156.002313,20.790534],[-156.002374,20.790219],[-156.002093,20.790005],[-156.001993,20.789698],[-156.002423,20.789385],[-156.002986,20.789285],[-156.00308,20.789406],[-156.003784,20.788959],[-156.003579,20.788319],[-156.003167,20.788073],[-156.003232,20.787719],[-156.00274,20.787611],[-156.002556,20.787884],[-156.001974,20.788001],[-156.001536,20.788386],[-156.001726,20.788032],[-156.001245,20.787762],[-156.001352,20.787287],[-156.001046,20.787276],[-156.000802,20.78628],[-155.999902,20.786274],[-155.999875,20.786008],[-155.999601,20.786092],[-155.999551,20.785876],[-155.999346,20.786043],[-155.998901,20.786025],[-155.998712,20.785565],[-155.998537,20.785512],[-155.998358,20.785981],[-155.997949,20.785387],[-155.997626,20.785443],[-155.997506,20.785831],[-155.99743,20.785413],[-155.997208,20.785356],[-155.997014,20.785668],[-155.996841,20.78496],[-155.997064,20.784598],[-155.996713,20.783886],[-155.996584,20.783797],[-155.996316,20.783999],[-155.995691,20.783387],[-155.99563,20.783061],[-155.99532,20.782965],[-155.995079,20.783353],[-155.995072,20.782731],[-155.994546,20.782099],[-155.994508,20.782344],[-155.993926,20.782848],[-155.993893,20.782255],[-155.993756,20.782319],[-155.993677,20.782166],[-155.993814,20.781916],[-155.993576,20.781817],[-155.993329,20.781076],[-155.992746,20.78064],[-155.99209,20.779377],[-155.991252,20.778685],[-155.990747,20.7785],[-155.990426,20.778046],[-155.989465,20.777668],[-155.989287,20.777787],[-155.989253,20.777546],[-155.989038,20.77757],[-155.989014,20.777062],[-155.987835,20.776125],[-155.987177,20.775939],[-155.98713,20.775664],[-155.986674,20.775697],[-155.986963,20.775486],[-155.986784,20.775245],[-155.986521,20.775244],[-155.986861,20.77501],[-155.98652,20.774865],[-155.986604,20.774558],[-155.985758,20.773839],[-155.985238,20.773612],[-155.985376,20.773411],[-155.985148,20.772991],[-155.985459,20.773007],[-155.985315,20.772506],[-155.985459,20.77249],[-155.985562,20.771416],[-155.985366,20.770228],[-155.984659,20.768902],[-155.984691,20.768055],[-155.984567,20.767884],[-155.984704,20.767851],[-155.984598,20.767334],[-155.984315,20.76694],[-155.983377,20.766278],[-155.981561,20.765616],[-155.981058,20.765913],[-155.980798,20.765898],[-155.980615,20.76631],[-155.98047,20.766101],[-155.980265,20.766133],[-155.979812,20.765851],[-155.979915,20.765584],[-155.979761,20.765462],[-155.979736,20.764857],[-155.980249,20.76455],[-155.980386,20.764338],[-155.980325,20.764081],[-155.980691,20.764042],[-155.981011,20.763777],[-155.981188,20.763936],[-155.981866,20.763863],[-155.982017,20.764355],[-155.982248,20.764233],[-155.982857,20.763225],[-155.98324,20.763529],[-155.98327,20.764071],[-155.983651,20.763628],[-155.983547,20.763354],[-155.984264,20.763507],[-155.984725,20.763167],[-155.984796,20.762829],[-155.985391,20.762967],[-155.985544,20.762867],[-155.985925,20.76223],[-155.986352,20.762043],[-155.986993,20.76093],[-155.987253,20.759942],[-155.987229,20.759733],[-155.986964,20.759919],[-155.986707,20.759853],[-155.986878,20.759644],[-155.986657,20.759577],[-155.986742,20.759402],[-155.986434,20.75907],[-155.986494,20.758974],[-155.986161,20.758998],[-155.986093,20.758303],[-155.985498,20.758377],[-155.985574,20.758036],[-155.985895,20.757859],[-155.985498,20.757285],[-155.985375,20.75735],[-155.985147,20.75714],[-155.985147,20.75693],[-155.984903,20.756739],[-155.985059,20.756583],[-155.984674,20.756445],[-155.984826,20.756098],[-155.984538,20.756339],[-155.984452,20.756235],[-155.984704,20.755864],[-155.984281,20.755436],[-155.982873,20.755299],[-155.982522,20.755476],[-155.982385,20.755985],[-155.981838,20.755889],[-155.98177,20.756066],[-155.981317,20.756098],[-155.981206,20.756357],[-155.980707,20.756413],[-155.980586,20.756567],[-155.980111,20.75635],[-155.980146,20.755994],[-155.979976,20.755784],[-155.979591,20.755954],[-155.979562,20.756147],[-155.979318,20.756067],[-155.979976,20.755202],[-155.979625,20.755138],[-155.979608,20.754879],[-155.979822,20.754758],[-155.979507,20.754685],[-155.97973,20.754136],[-155.979532,20.753692],[-155.979578,20.753126],[-155.980203,20.753142],[-155.980233,20.752958],[-155.98036,20.753118],[-155.980435,20.752946],[-155.981164,20.753216],[-155.981378,20.753043],[-155.981378,20.753214],[-155.981775,20.753174],[-155.982065,20.752575],[-155.981668,20.752423],[-155.981454,20.752003],[-155.982445,20.751994],[-155.982764,20.751812],[-155.982919,20.751996],[-155.983255,20.751606],[-155.98324,20.751282],[-155.983521,20.751033],[-155.983377,20.75092],[-155.983837,20.750822],[-155.98359,20.750645],[-155.98359,20.750256],[-155.983408,20.750296],[-155.983504,20.750063],[-155.983137,20.750128],[-155.983077,20.749465],[-155.982924,20.74932],[-155.983274,20.748804],[-155.983487,20.7489],[-155.983728,20.748343],[-155.983564,20.748253],[-155.983346,20.747527],[-155.983487,20.747494],[-155.983377,20.747389],[-155.983564,20.746859],[-155.983285,20.746737],[-155.983364,20.746494],[-155.982995,20.746247],[-155.983362,20.746182],[-155.983429,20.746026],[-155.983274,20.745906],[-155.983491,20.745364],[-155.983865,20.745255],[-155.984002,20.744788],[-155.983789,20.744272],[-155.983835,20.743617],[-155.983285,20.743129],[-155.983468,20.742772],[-155.983305,20.742588],[-155.983518,20.742514],[-155.98356,20.742207],[-155.983137,20.741912],[-155.983428,20.74191],[-155.982756,20.741269],[-155.982904,20.740977],[-155.98266,20.740452],[-155.982936,20.740355],[-155.982875,20.740162],[-155.983121,20.740007],[-155.983026,20.739789],[-155.983378,20.739117],[-155.982995,20.738886],[-155.983227,20.738741],[-155.983743,20.738856],[-155.983621,20.738453],[-155.983789,20.737234],[-155.983515,20.737131],[-155.984109,20.736353],[-155.984462,20.736131],[-155.984133,20.735496],[-155.984414,20.735098],[-155.984079,20.734803],[-155.983804,20.734788],[-155.983941,20.734456],[-155.983746,20.734232],[-155.984186,20.734229],[-155.984315,20.73388],[-155.984155,20.733777],[-155.984361,20.733202],[-155.985101,20.732987],[-155.985031,20.732802],[-155.985647,20.732807],[-155.985864,20.733006],[-155.986245,20.732777],[-155.986063,20.732536],[-155.986245,20.731921],[-155.986021,20.731754],[-155.986038,20.731563],[-155.986234,20.731655],[-155.986337,20.731348],[-155.986039,20.730809],[-155.986191,20.730663],[-155.985879,20.730204],[-155.985945,20.729777],[-155.986233,20.729516],[-155.986001,20.728785],[-155.985452,20.728352],[-155.984292,20.728068],[-155.98388,20.727458],[-155.983431,20.727252],[-155.983163,20.726437],[-155.983316,20.726286],[-155.98408,20.726465],[-156.077837,20.729279],[-156.078269,20.731255],[-156.07891,20.732295],[-156.078887,20.732935],[-156.079343,20.734031],[-156.079593,20.735577],[-156.081553,20.736603],[-156.082064,20.737325],[-156.082727,20.73761],[-156.08316,20.738831],[-156.083679,20.738895],[-156.084446,20.73808],[-156.085945,20.737746],[-156.087201,20.738193],[-156.087901,20.737918],[-156.088818,20.738045],[-156.089591,20.737762],[-156.089967,20.738157],[-156.090677,20.738274],[-156.091796,20.737864],[-156.092165,20.738664],[-156.093399,20.739383],[-156.094404,20.73934],[-156.094656,20.739748],[-156.095693,20.74021],[-156.096734,20.741482],[-156.098327,20.74181],[-156.099493,20.741856],[-156.100057,20.742481],[-156.101348,20.743381],[-156.102155,20.744544],[-156.103374,20.747026],[-156.106839,20.74918],[-156.109717,20.749668],[-156.112132,20.749449],[-156.112407,20.749106],[-156.11307,20.749537],[-156.113962,20.749437],[-156.114765,20.750216],[-156.116107,20.750239],[-156.118329,20.749883],[-156.118948,20.750144],[-156.123803,20.750413],[-156.124564,20.749986],[-156.125718,20.750647],[-156.126386,20.750659],[-156.127262,20.750177],[-156.129312,20.750403],[-156.131338,20.751314],[-156.134616,20.752091],[-156.137312,20.75164],[-156.13777,20.75195],[-156.138878,20.75192],[-156.139793,20.751444],[-156.143379,20.751825],[-156.144411,20.751796],[-156.145462,20.752039],[-156.147096,20.751909],[-156.148942,20.75233],[-156.151008,20.753101],[-156.15169,20.75377],[-156.152059,20.753798],[-156.152761,20.753111],[-156.154249,20.753274],[-156.155338,20.753942],[-156.156749,20.754064],[-156.157239,20.754587],[-156.159388,20.755454],[-156.160293,20.756552],[-156.161317,20.757272],[-156.162054,20.757134],[-156.162375,20.757489],[-156.166728,20.759336],[-156.167684,20.758853],[-156.168715,20.75907],[-156.169413,20.759486],[-156.171044,20.75952],[-156.171575,20.759932],[-156.174894,20.761089],[-156.175286,20.761709],[-156.17644,20.762168],[-156.177235,20.762104],[-156.177758,20.762708],[-156.178304,20.762807],[-156.178838,20.763624],[-156.179711,20.764202],[-156.180693,20.764561],[-156.18098,20.764965],[-156.181788,20.765482],[-156.182834,20.76553],[-156.184071,20.76612],[-156.184743,20.76613],[-156.185776,20.766435],[-156.189056,20.766482],[-156.193984,20.767758],[-156.196737,20.767461],[-156.197592,20.767712],[-156.198703,20.768467],[-156.200627,20.768818],[-156.202887,20.768847],[-156.204361,20.769323],[-156.205971,20.770748],[-156.206489,20.771392],[-156.206648,20.772207],[-156.207068,20.772743],[-156.206073,20.775908],[-156.202731,20.778625],[-156.203894,20.779056],[-156.20292,20.780176],[-156.203865,20.780634],[-156.204879,20.780484],[-156.205163,20.781244],[-156.205742,20.781374],[-156.206329,20.781853],[-156.207014,20.781669],[-156.20746,20.781997],[-156.208073,20.781528],[-156.208629,20.782589],[-156.209645,20.78294],[-156.210103,20.783458],[-156.211788,20.782763],[-156.211579,20.783473],[-156.212351,20.784317],[-156.213368,20.784706],[-156.213727,20.785323],[-156.214674,20.785843],[-156.215361,20.784627],[-156.215972,20.784914],[-156.215841,20.786244],[-156.216135,20.786805],[-156.216879,20.786751],[-156.217255,20.787817],[-156.217935,20.788154],[-156.218709,20.78784],[-156.218946,20.788477],[-156.221244,20.789708],[-156.221909,20.789726],[-156.222153,20.791101],[-156.222778,20.791865],[-156.224348,20.792356],[-156.225165,20.792911],[-156.225274,20.793502],[-156.225794,20.794112],[-156.226923,20.793481],[-156.228202,20.7937],[-156.228873,20.793241],[-156.229414,20.79338],[-156.230441,20.793156],[-156.230466,20.79426],[-156.232758,20.79469],[-156.23367,20.794411],[-156.234809,20.794629],[-156.23546,20.794316],[-156.236648,20.794186],[-156.237817,20.795011],[-156.239409,20.79512],[-156.242564,20.794431],[-156.244512,20.794275],[-156.24672,20.794331],[-156.247583,20.793896],[-156.248487,20.793857],[-156.249629,20.793034],[-156.251229,20.792575],[-156.25243,20.791815],[-156.25302,20.791039],[-156.254647,20.790206],[-156.256142,20.789707],[-156.256322,20.789173],[-156.255976,20.788441],[-156.256621,20.7883],[-156.257216,20.787747],[-156.258434,20.787396],[-156.25953,20.785314],[-156.260232,20.785049],[-156.260792,20.784391],[-156.260849,20.783475],[-156.261926,20.783448],[-156.262882,20.781854],[-156.263783,20.780911],[-156.265014,20.779196],[-156.265127,20.778565],[-156.265958,20.778343],[-156.267055,20.776838],[-156.266949,20.775633],[-156.267962,20.774231],[-156.268517,20.772751],[-156.270126,20.770756],[-156.26981,20.769792],[-156.270803,20.769373],[-156.27359,20.765732],[-156.291223,20.77977],[-156.303125,20.792973],[-156.314721,20.808173],[-156.325433,20.833271],[-156.330621,20.841771],[-156.338525,20.84787],[-156.348932,20.850972],[-156.35473,20.851572],[-156.353219,20.857672],[-156.350843,20.865624],[-156.349159,20.873751],[-156.348485,20.878686],[-156.348066,20.883649],[-156.347904,20.888627],[-156.347999,20.893607],[-156.34835,20.898575],[-156.348956,20.903519],[-156.349817,20.908425],[-156.351139,20.914083],[-156.352541,20.918862],[-156.354187,20.923563],[-156.356411,20.928931],[-156.358571,20.933419],[-156.35708,20.933993],[-156.356087,20.934635],[-156.356326,20.935283],[-156.355902,20.936311],[-156.354761,20.936299],[-156.354165,20.936614],[-156.353731,20.936505],[-156.35296,20.935908],[-156.352313,20.935949],[-156.350747,20.936804],[-156.350747,20.937344],[-156.350213,20.937735],[-156.35003,20.93874],[-156.349072,20.938278],[-156.348134,20.938348],[-156.347497,20.937937],[-156.347162,20.937911],[-156.346823,20.937923],[-156.346294,20.938232],[-156.345743,20.938193],[-156.344869,20.938426],[-156.343088,20.938454],[-156.342203,20.93809],[-156.341003,20.937085],[-156.340496,20.936144],[-156.339792,20.935595],[-156.339486,20.9361],[-156.339908,20.937888],[-156.339914,20.938307],[-156.3397,20.938668],[-156.337213,20.938649],[-156.336047,20.939322],[-156.335245,20.939579],[-156.334161,20.940329],[-156.334049,20.940592],[-156.334111,20.941625],[-156.333552,20.943037],[-156.332853,20.942523],[-156.332284,20.942347],[-156.330758,20.942824],[-156.329965,20.943741],[-156.330011,20.944842],[-156.329751,20.944884],[-156.329629,20.945197],[-156.329434,20.945228],[-156.329019,20.944788],[-156.329117,20.944128],[-156.328738,20.944341],[-156.327844,20.944365],[-156.327548,20.94465],[-156.327404,20.944553],[-156.327432,20.943852],[-156.326917,20.943934],[-156.326486,20.943469],[-156.325601,20.943514],[-156.323841,20.945345],[-156.323769,20.945618],[-156.323449,20.945759],[-156.323037,20.945641],[-156.322715,20.945873],[-156.323064,20.946014],[-156.323053,20.94674],[-156.322687,20.946324],[-156.321313,20.946269],[-156.321466,20.946642],[-156.322008,20.947043],[-156.321943,20.947266]]],[[[-156.172694,20.875085],[-156.173135,20.875023],[-156.173115,20.875564],[-156.172105,20.876695],[-156.172265,20.875767],[-156.172571,20.87547],[-156.172694,20.875085]]],[[[-156.130517,20.859345],[-156.130826,20.859182],[-156.13105,20.859304],[-156.130899,20.85956],[-156.129976,20.860103],[-156.129957,20.859731],[-156.130136,20.859477],[-156.130517,20.859345]]]]}},{"type":"Feature","id":"HIZ048","properties":{"id":"HIZ048","name":"Kipahulu","island":"Maui"},"geometry":{"type":"Polygon","coordinates":[[[-155.984525,20.724436],[-155.98443,20.724001],[-155.983987,20.723649],[-155.984796,20.723223],[-155.984186,20.721808],[-155.984628,20.721869],[-155.984781,20.721737],[-155.984553,20.720562],[-155.984872,20.719742],[-155.984646,20.719576],[-155.985104,20.719274],[-155.985681,20.719264],[-155.986368,20.719742],[-155.987161,20.719792],[-155.987512,20.7197],[-155.988199,20.718792],[-155.988183,20.718438],[-155.987939,20.718245],[-155.988351,20.718014],[-155.988412,20.717637],[-155.987756,20.717448],[-155.988061,20.717381],[-155.987897,20.716542],[-155.988535,20.716279],[-155.988748,20.715889],[-155.98855,20.71451],[-155.988794,20.713347],[-155.988691,20.712582],[-155.988824,20.712443],[-155.988565,20.712323],[-155.988336,20.711254],[-155.988458,20.7113],[-155.988977,20.710787],[-155.988676,20.709829],[-155.988061,20.709437],[-155.987909,20.709109],[-155.988542,20.709144],[-155.988404,20.708984],[-155.988397,20.708476],[-155.988687,20.708409],[-155.988473,20.70774],[-155.988863,20.707754],[-155.989465,20.708081],[-155.989607,20.707902],[-155.991392,20.708099],[-155.9915,20.707703],[-155.991258,20.707333],[-155.991495,20.707316],[-155.991571,20.707025],[-155.991189,20.706551],[-155.991284,20.706318],[-155.99154,20.706456],[-155.991891,20.706217],[-155.992334,20.706284],[-155.992593,20.706704],[-155.992874,20.7067],[-155.992821,20.706305],[-155.993297,20.706302],[-155.993707,20.706751],[-155.994256,20.706496],[-155.994439,20.706187],[-155.993875,20.704997],[-155.994019,20.704924],[-155.993409,20.704428],[-155.993509,20.704221],[-155.993692,20.704354],[-155.993983,20.704191],[-155.994089,20.704295],[-155.99443,20.70405],[-155.995131,20.704182],[-155.994745,20.703602],[-155.994363,20.703614],[-155.994186,20.703462],[-155.994256,20.703373],[-155.995277,20.703325],[-155.99556,20.703476],[-155.996223,20.702875],[-155.996866,20.702927],[-155.99743,20.702382],[-155.997278,20.700711],[-155.99743,20.700508],[-155.997206,20.700301],[-155.997018,20.700334],[-155.996974,20.700173],[-155.997717,20.699728],[-155.998228,20.699811],[-155.998442,20.699691],[-155.998011,20.698994],[-155.998101,20.698818],[-155.998636,20.698918],[-155.998727,20.698634],[-155.99859,20.697485],[-155.999039,20.697078],[-155.998865,20.696625],[-155.998498,20.696381],[-155.998628,20.695856],[-155.998269,20.69525],[-155.998487,20.695201],[-155.998285,20.695006],[-155.998361,20.694846],[-155.9993,20.694923],[-156.000045,20.694595],[-156.001096,20.694447],[-156.001263,20.693689],[-156.001139,20.693236],[-156.001993,20.693282],[-156.001657,20.692643],[-156.001947,20.692513],[-156.002038,20.692257],[-156.002681,20.692251],[-156.002874,20.691713],[-156.003015,20.69192],[-156.003445,20.691304],[-156.004052,20.691233],[-156.004373,20.690968],[-156.00419,20.690596],[-156.00441,20.690265],[-156.004403,20.689934],[-156.004192,20.689626],[-156.00448,20.689595],[-156.004495,20.689151],[-156.004754,20.68907],[-156.004755,20.688862],[-156.005477,20.689035],[-156.005502,20.688107],[-156.006373,20.687739],[-156.006162,20.687448],[-156.006664,20.687563],[-156.007486,20.687455],[-156.007488,20.686929],[-156.007139,20.686782],[-156.007608,20.686566],[-156.007782,20.686269],[-156.008115,20.686278],[-156.008074,20.686052],[-156.00863,20.68595],[-156.008935,20.6857],[-156.008635,20.685263],[-156.008249,20.685105],[-156.0092,20.684765],[-156.009397,20.684356],[-156.010057,20.684301],[-156.010352,20.683965],[-156.010675,20.684206],[-156.010925,20.683425],[-156.011621,20.682887],[-156.01158,20.68254],[-156.012238,20.682398],[-156.012445,20.68286],[-156.012932,20.682111],[-156.013621,20.682171],[-156.014093,20.682721],[-156.01449,20.682845],[-156.015316,20.682609],[-156.015603,20.682742],[-156.020629,20.681125],[-156.02075,20.680932],[-156.021608,20.680781],[-156.021905,20.680461],[-156.022119,20.680542],[-156.022064,20.680267],[-156.022978,20.68037],[-156.023846,20.680091],[-156.038934,20.66667],[-156.04109,20.663819],[-156.041314,20.662682],[-156.040964,20.66222],[-156.040582,20.662097],[-156.040552,20.661564],[-156.041223,20.661761],[-156.041513,20.6614],[-156.041833,20.661352],[-156.04158,20.660858],[-156.04165,20.660616],[-156.042282,20.660531],[-156.042184,20.660393],[-156.042421,20.660144],[-156.042291,20.659876],[-156.042734,20.659808],[-156.042706,20.659547],[-156.043191,20.659234],[-156.043026,20.658943],[-156.044381,20.658907],[-156.044427,20.658625],[-156.043908,20.658505],[-156.04371,20.658211],[-156.044977,20.658112],[-156.044782,20.657918],[-156.04403,20.658011],[-156.043298,20.657717],[-156.043196,20.657523],[-156.043921,20.657744],[-156.044854,20.65762],[-156.045432,20.657768],[-156.045541,20.657954],[-156.046838,20.656245],[-156.046457,20.655543],[-156.046762,20.654948],[-156.046783,20.654519],[-156.054243,20.657537],[-156.06155,20.661039],[-156.068977,20.665208],[-156.075351,20.669328],[-156.081472,20.673817],[-156.088029,20.679286],[-156.094209,20.685178],[-156.099986,20.691465],[-156.100061,20.69186],[-156.101057,20.693365],[-156.102262,20.696165],[-156.103199,20.696326],[-156.104081,20.697375],[-156.104919,20.698715],[-156.106154,20.698958],[-156.106949,20.699928],[-156.106992,20.701229],[-156.108366,20.701342],[-156.109942,20.70173],[-156.110985,20.701476],[-156.112204,20.701724],[-156.112669,20.702913],[-156.111581,20.703875],[-156.109979,20.707909],[-156.109856,20.708907],[-156.110302,20.71044],[-156.110915,20.711378],[-156.113522,20.713118],[-156.11341,20.713884],[-156.112822,20.714326],[-156.112831,20.715048],[-156.114229,20.71629],[-156.112997,20.717965],[-156.112382,20.718075],[-156.111863,20.718671],[-156.111608,20.719433],[-156.111163,20.719827],[-156.112436,20.721987],[-156.112142,20.722595],[-156.111256,20.721431],[-156.109276,20.720745],[-156.107963,20.721119],[-156.106838,20.720849],[-156.106192,20.721047],[-156.105659,20.721998],[-156.105213,20.722052],[-156.104315,20.720447],[-156.102308,20.719992],[-156.100208,20.719899],[-156.099079,20.720414],[-156.097892,20.72141],[-156.095755,20.721519],[-156.095108,20.721231],[-156.092075,20.721146],[-156.091406,20.720375],[-156.090779,20.720549],[-156.09008,20.720318],[-156.089228,20.720538],[-156.088379,20.720222],[-156.087672,20.720886],[-156.087019,20.720148],[-156.086509,20.720292],[-156.086017,20.72086],[-156.084709,20.721181],[-156.083868,20.720914],[-156.0825,20.722209],[-156.082463,20.724105],[-156.081768,20.72447],[-156.080539,20.724379],[-156.079141,20.725369],[-156.078616,20.726477],[-156.078471,20.728208],[-156.077837,20.729279],[-155.98408,20.726465],[-155.984369,20.72618],[-155.984525,20.724436]]]}},{"type":"Feature","id":"HIZ049","properties":{"id":"HIZ049","name":"South Maui/Upcountry","island":"Maui"},"geometry":{"type":"Polygon","coordinates":[[[-156.276754,20.760603],[-156.27658,20.758705],[-156.277693,20.758921],[-156.279385,20.75706],[-156.280122,20.756865],[-156.281568,20.755693],[-156.281676,20.752768],[-156.28195,20.75165],[-156.282984,20.749326],[-156.282746,20.747915],[-156.283994,20.747402],[-156.284557,20.746823],[-156.284878,20.745691],[-156.284625,20.744434],[-156.28508,20.744234],[-156.28552,20.743193],[-156.285507,20.742776],[-156.285766,20.742514],[-156.286601,20.742522],[-156.286634,20.741522],[-156.28716,20.74168],[-156.288183,20.741206],[-156.28849,20.74012],[-156.289831,20.739398],[-156.290569,20.738555],[-156.291521,20.738196],[-156.291658,20.737094],[-156.292674,20.736913],[-156.293863,20.736341],[-156.29737,20.731913],[-156.298046,20.731668],[-156.298426,20.730881],[-156.299032,20.730167],[-156.30082,20.726766],[-156.303049,20.724068],[-156.304279,20.723519],[-156.305597,20.72233],[-156.306055,20.722153],[-156.306678,20.721109],[-156.30867,20.718853],[-156.309011,20.718022],[-156.311876,20.71466],[-156.313266,20.71399],[-156.313606,20.713087],[-156.313573,20.712429],[-156.315762,20.710175],[-156.315785,20.709463],[-156.316749,20.708564],[-156.317624,20.708068],[-156.317882,20.706808],[-156.318608,20.706639],[-156.320411,20.704154],[-156.321547,20.703591],[-156.321918,20.70285],[-156.322378,20.702793],[-156.325766,20.699771],[-156.327307,20.697718],[-156.327656,20.696848],[-156.328402,20.696029],[-156.329532,20.693793],[-156.330299,20.692952],[-156.3305,20.692439],[-156.331179,20.692008],[-156.333166,20.690197],[-156.334479,20.688444],[-156.334723,20.686878],[-156.335281,20.686654],[-156.337638,20.683731],[-156.337802,20.68268],[-156.339505,20.678433],[-156.339437,20.677619],[-156.340429,20.675688],[-156.341312,20.675078],[-156.342618,20.673515],[-156.342674,20.672731],[-156.343022,20.672799],[-156.34362,20.672642],[-156.343852,20.671857],[-156.344906,20.670821],[-156.344721,20.670117],[-156.345287,20.669744],[-156.345673,20.667784],[-156.345018,20.664975],[-156.346425,20.663162],[-156.347326,20.662821],[-156.347642,20.661578],[-156.347305,20.661308],[-156.348084,20.660277],[-156.349829,20.659496],[-156.351051,20.658665],[-156.351968,20.656956],[-156.3519,20.655833],[-156.351383,20.655655],[-156.351239,20.654925],[-156.417123,20.597275],[-156.41776,20.597055],[-156.418205,20.597407],[-156.419519,20.597571],[-156.420465,20.598935],[-156.421406,20.599159],[-156.421484,20.599815],[-156.422326,20.60006],[-156.422326,20.59912],[-156.422906,20.598847],[-156.422372,20.598467],[-156.422208,20.597398],[-156.42283,20.597514],[-156.423059,20.597136],[-156.422998,20.596071],[-156.42356,20.596234],[-156.423546,20.596669],[-156.424157,20.597634],[-156.424203,20.596329],[-156.425138,20.595732],[-156.426065,20.595425],[-156.426498,20.594282],[-156.426917,20.594391],[-156.427224,20.595562],[-156.428079,20.595469],[-156.428613,20.594956],[-156.4293,20.595002],[-156.429681,20.595475],[-156.430427,20.595477],[-156.430947,20.596218],[-156.430627,20.596812],[-156.431068,20.597068],[-156.431394,20.596959],[-156.432826,20.597128],[-156.433206,20.596924],[-156.433862,20.597212],[-156.434047,20.597701],[-156.435815,20.598196],[-156.43624,20.598839],[-156.436868,20.599198],[-156.437641,20.600723],[-156.437232,20.60187],[-156.438217,20.603572],[-156.439211,20.604259],[-156.439795,20.603941],[-156.441672,20.604801],[-156.44172,20.605599],[-156.44152,20.606415],[-156.440606,20.606917],[-156.440667,20.607474],[-156.440377,20.60802],[-156.440646,20.608127],[-156.44082,20.608784],[-156.440774,20.609364],[-156.440314,20.610701],[-156.439549,20.611352],[-156.43803,20.611567],[-156.437672,20.611893],[-156.4376,20.612592],[-156.437243,20.612894],[-156.437307,20.613211],[-156.437616,20.613537],[-156.437279,20.614056],[-156.437732,20.614603],[-156.437839,20.615139],[-156.438463,20.61574],[-156.438028,20.617491],[-156.437672,20.617961],[-156.437884,20.618307],[-156.43838,20.618156],[-156.438512,20.6183],[-156.438753,20.619013],[-156.439508,20.619982],[-156.439691,20.620448],[-156.43924,20.620795],[-156.439302,20.621184],[-156.439645,20.621292],[-156.439798,20.622063],[-156.440271,20.622397],[-156.440408,20.623158],[-156.440942,20.623229],[-156.440923,20.623891],[-156.441461,20.624127],[-156.441949,20.623999],[-156.442468,20.624396],[-156.442293,20.624968],[-156.442407,20.625193],[-156.443241,20.625075],[-156.442972,20.625454],[-156.443562,20.625875],[-156.443612,20.626174],[-156.443971,20.626263],[-156.44436,20.626814],[-156.444688,20.628598],[-156.445971,20.63024],[-156.45005,20.633163],[-156.451318,20.632988],[-156.451503,20.632802],[-156.45169,20.633109],[-156.451853,20.632996],[-156.4526,20.633088],[-156.45191,20.633748],[-156.451864,20.634426],[-156.452005,20.634701],[-156.45275,20.635074],[-156.453073,20.635584],[-156.453342,20.636528],[-156.453239,20.636673],[-156.452736,20.636673],[-156.452332,20.637366],[-156.452032,20.637479],[-156.451959,20.637778],[-156.450945,20.638107],[-156.451059,20.638697],[-156.450876,20.638808],[-156.449184,20.638742],[-156.448083,20.639069],[-156.447164,20.640071],[-156.446597,20.640974],[-156.446145,20.643073],[-156.446373,20.643801],[-156.446802,20.644131],[-156.44684,20.644399],[-156.446711,20.644504],[-156.446396,20.644253],[-156.446039,20.644206],[-156.445071,20.644638],[-156.44454,20.645162],[-156.443796,20.645396],[-156.443323,20.64613],[-156.442891,20.647534],[-156.443063,20.64839],[-156.442894,20.649012],[-156.44315,20.649133],[-156.443337,20.649481],[-156.443113,20.649657],[-156.442671,20.649253],[-156.442252,20.649374],[-156.442157,20.649713],[-156.442453,20.650408],[-156.442407,20.650761],[-156.44183,20.650374],[-156.441507,20.650551],[-156.441103,20.652877],[-156.441415,20.653758],[-156.441949,20.654002],[-156.44233,20.653735],[-156.443033,20.653946],[-156.444091,20.655239],[-156.443368,20.655304],[-156.443246,20.655894],[-156.443811,20.655968],[-156.443751,20.656095],[-156.44297,20.656022],[-156.443122,20.656586],[-156.442254,20.656514],[-156.441995,20.657238],[-156.442186,20.657894],[-156.441934,20.658339],[-156.442481,20.658977],[-156.442499,20.659276],[-156.441629,20.660428],[-156.441659,20.661673],[-156.442041,20.663144],[-156.442512,20.664121],[-156.442727,20.665431],[-156.443366,20.666489],[-156.444066,20.666741],[-156.444192,20.666974],[-156.444162,20.667218],[-156.44317,20.668089],[-156.443399,20.668347],[-156.443396,20.669978],[-156.444066,20.671086],[-156.444173,20.67216],[-156.444467,20.672551],[-156.444399,20.673307],[-156.444101,20.673525],[-156.443809,20.675785],[-156.443872,20.676302],[-156.444676,20.677023],[-156.444589,20.678315],[-156.444696,20.678921],[-156.445273,20.679382],[-156.44436,20.680745],[-156.443933,20.681036],[-156.443564,20.681971],[-156.443429,20.682852],[-156.443473,20.6834],[-156.444009,20.684985],[-156.444984,20.685778],[-156.444691,20.686431],[-156.444738,20.687489],[-156.444188,20.688514],[-156.443987,20.689725],[-156.44463,20.691382],[-156.444465,20.692149],[-156.444513,20.69299],[-156.445061,20.694831],[-156.444879,20.695857],[-156.445108,20.698126],[-156.445727,20.699387],[-156.445764,20.699774],[-156.445989,20.700009],[-156.446008,20.7011],[-156.446296,20.702522],[-156.446832,20.703701],[-156.447408,20.704316],[-156.447152,20.705674],[-156.447488,20.7062],[-156.447434,20.706367],[-156.446784,20.706835],[-156.446172,20.708086],[-156.446481,20.709929],[-156.446693,20.710348],[-156.446553,20.711406],[-156.447091,20.716713],[-156.44787,20.718676],[-156.447885,20.719912],[-156.44878,20.723386],[-156.449502,20.724835],[-156.450309,20.72565],[-156.450448,20.726822],[-156.450857,20.727525],[-156.450296,20.727807],[-156.450325,20.728146],[-156.453249,20.729944],[-156.455499,20.732741],[-156.45694,20.737033],[-156.456872,20.739592],[-156.458395,20.745403],[-156.458352,20.745598],[-156.457889,20.745822],[-156.458567,20.747937],[-156.458437,20.748126],[-156.459665,20.750811],[-156.459588,20.752726],[-156.459892,20.753269],[-156.460275,20.756897],[-156.460086,20.757714],[-156.46,20.760687],[-156.459237,20.762213],[-156.460106,20.762966],[-156.460198,20.7635],[-156.460135,20.764098],[-156.459586,20.764614],[-156.45942,20.767174],[-156.448129,20.770071],[-156.429818,20.774271],[-156.409631,20.784371],[-156.386728,20.800869],[-156.380358,20.807881],[-156.376733,20.811871],[-156.367532,20.82437],[-156.362329,20.83387],[-156.35473,20.851572],[-156.348932,20.850972],[-156.338525,20.84787],[-156.330621,20.841771],[-156.325433,20.833271],[-156.314721,20.808173],[-156.303125,20.792973],[-156.291223,20.77977],[-156.27359,20.765732],[-156.274226,20.764902],[-156.274512,20.763837],[-156.274383,20.762823],[-156.276754,20.760603]]]}},{"type":"Feature","id":"HIZ050","properties":{"id":"HIZ050","name":"South Haleakala","island":"Maui"},"geometry":{"type":"Polygon","coordinates":[[[-156.136198,20.693449],[-156.134846,20.691674],[-156.134064,20.68894],[-156.133938,20.687506],[-156.132072,20.683943],[-156.1313,20.683543],[-156.130504,20.684289],[-156.129809,20.684313],[-156.129283,20.684004],[-156.126728,20.684678],[-156.126498,20.685057],[-156.125723,20.684577],[-156.123889,20.685609],[-156.122986,20.685768],[-156.121721,20.686337],[-156.121065,20.686376],[-156.119813,20.68709],[-156.119351,20.687554],[-156.11895,20.68728],[-156.118206,20.687357],[-156.116396,20.687714],[-156.115745,20.68799],[-156.115153,20.687689],[-156.114246,20.6875],[-156.113246,20.687559],[-156.112524,20.686963],[-156.110431,20.686299],[-156.107971,20.687072],[-156.10747,20.687458],[-156.106852,20.687422],[-156.106214,20.687703],[-156.105918,20.688302],[-156.105496,20.688555],[-156.104634,20.688495],[-156.103861,20.688766],[-156.102195,20.690629],[-156.101358,20.690688],[-156.099986,20.691465],[-156.094209,20.685178],[-156.088029,20.679286],[-156.081472,20.673817],[-156.075351,20.669328],[-156.068977,20.665208],[-156.06155,20.661039],[-156.054243,20.657537],[-156.046783,20.654519],[-156.046411,20.654387],[-156.046494,20.654219],[-156.046228,20.653975],[-156.045572,20.653899],[-156.045663,20.653546],[-156.045526,20.653447],[-156.045714,20.653327],[-156.045837,20.652827],[-156.046228,20.652983],[-156.046258,20.652814],[-156.046673,20.652879],[-156.046731,20.652396],[-156.047409,20.65256],[-156.047448,20.65235],[-156.046996,20.651678],[-156.047082,20.651565],[-156.048037,20.651812],[-156.048074,20.651604],[-156.048609,20.651774],[-156.04875,20.651105],[-156.04896,20.650994],[-156.049287,20.651188],[-156.049146,20.650655],[-156.049722,20.651036],[-156.049844,20.650721],[-156.050135,20.65061],[-156.050271,20.650977],[-156.050668,20.650954],[-156.05076,20.651082],[-156.051156,20.650555],[-156.065088,20.645541],[-156.081247,20.644982],[-156.088018,20.643236],[-156.088615,20.643604],[-156.088999,20.643522],[-156.08967,20.643784],[-156.09028,20.643576],[-156.090341,20.643424],[-156.091075,20.643402],[-156.091429,20.64299],[-156.092904,20.642424],[-156.093118,20.642119],[-156.093438,20.642333],[-156.093744,20.64226],[-156.093744,20.641758],[-156.093927,20.641364],[-156.093803,20.640648],[-156.094491,20.641406],[-156.097344,20.641524],[-156.098871,20.642201],[-156.099946,20.641883],[-156.100154,20.641294],[-156.100377,20.641151],[-156.100473,20.641491],[-156.101332,20.641308],[-156.101589,20.640955],[-156.102014,20.640946],[-156.10289,20.640347],[-156.105872,20.64023],[-156.105783,20.639897],[-156.105904,20.639762],[-156.106347,20.640295],[-156.106424,20.640959],[-156.107431,20.64115],[-156.107908,20.640998],[-156.108107,20.640514],[-156.109056,20.640292],[-156.108941,20.63959],[-156.109352,20.639318],[-156.109399,20.639769],[-156.110879,20.639777],[-156.111429,20.638808],[-156.111245,20.638091],[-156.11088,20.637659],[-156.110901,20.636973],[-156.111124,20.636909],[-156.112285,20.635258],[-156.113046,20.634528],[-156.113725,20.634166],[-156.114833,20.633081],[-156.115722,20.632738],[-156.118417,20.630543],[-156.119065,20.630321],[-156.11924,20.630024],[-156.119587,20.630121],[-156.119999,20.62994],[-156.120124,20.630172],[-156.120508,20.630101],[-156.120569,20.630272],[-156.121096,20.630427],[-156.121615,20.630801],[-156.12243,20.63095],[-156.123086,20.630806],[-156.124631,20.629725],[-156.125351,20.628801],[-156.125183,20.627882],[-156.125802,20.627837],[-156.126314,20.627374],[-156.126077,20.627078],[-156.126565,20.626952],[-156.126626,20.626624],[-156.127008,20.626618],[-156.127346,20.626199],[-156.127533,20.626279],[-156.127697,20.624686],[-156.127282,20.624285],[-156.128199,20.623198],[-156.129131,20.623201],[-156.129358,20.62337],[-156.130453,20.623217],[-156.13106,20.623688],[-156.13302,20.624392],[-156.133141,20.624126],[-156.133523,20.624318],[-156.13392,20.624087],[-156.133735,20.623443],[-156.134028,20.623733],[-156.13421,20.623612],[-156.134644,20.624004],[-156.134547,20.623528],[-156.134897,20.62385],[-156.13566,20.62344],[-156.1354,20.622456],[-156.13479,20.621363],[-156.135312,20.621144],[-156.135729,20.620658],[-156.136026,20.62021],[-156.135798,20.620046],[-156.13592,20.619855],[-156.136616,20.620161],[-156.136896,20.620705],[-156.136926,20.621302],[-156.137704,20.621706],[-156.138971,20.621684],[-156.139764,20.621445],[-156.13997,20.620833],[-156.139864,20.620493],[-156.139974,20.620361],[-156.140095,20.620464],[-156.140455,20.620347],[-156.140329,20.619772],[-156.140002,20.619809],[-156.139475,20.619101],[-156.139538,20.618868],[-156.139886,20.618937],[-156.139963,20.619214],[-156.140114,20.619206],[-156.140211,20.619021],[-156.140039,20.618511],[-156.140191,20.618264],[-156.140588,20.618195],[-156.141153,20.619736],[-156.14223,20.621023],[-156.14339,20.623035],[-156.143741,20.623226],[-156.144311,20.62403],[-156.144966,20.625413],[-156.145515,20.625926],[-156.145974,20.625939],[-156.14705,20.625469],[-156.148126,20.625716],[-156.149702,20.625761],[-156.151316,20.626041],[-156.152638,20.625943],[-156.154199,20.626498],[-156.154705,20.626422],[-156.155221,20.626257],[-156.155911,20.625615],[-156.157449,20.624878],[-156.157864,20.624523],[-156.159221,20.624108],[-156.159654,20.623783],[-156.16235,20.622603],[-156.162759,20.622323],[-156.162934,20.621665],[-156.163224,20.621572],[-156.163374,20.620656],[-156.163919,20.62101],[-156.164387,20.620861],[-156.164407,20.621136],[-156.164742,20.62081],[-156.16517,20.621153],[-156.165521,20.621151],[-156.165552,20.62237],[-156.165245,20.623156],[-156.165306,20.62335],[-156.166191,20.624247],[-156.166558,20.624277],[-156.167169,20.624217],[-156.167509,20.623698],[-156.168266,20.623297],[-156.168741,20.623665],[-156.168725,20.623293],[-156.169121,20.622841],[-156.169854,20.623076],[-156.169748,20.622656],[-156.170462,20.622282],[-156.170682,20.622313],[-156.170381,20.621509],[-156.170557,20.621181],[-156.170821,20.62116],[-156.170831,20.620962],[-156.171594,20.621235],[-156.171751,20.621148],[-156.171722,20.620903],[-156.172366,20.621164],[-156.172361,20.620915],[-156.173089,20.621294],[-156.172967,20.621462],[-156.173336,20.622505],[-156.173793,20.621586],[-156.174523,20.621514],[-156.174783,20.62163],[-156.175164,20.621344],[-156.175271,20.621573],[-156.175966,20.621859],[-156.176065,20.622067],[-156.177055,20.622448],[-156.177606,20.62287],[-156.177606,20.623105],[-156.178093,20.623562],[-156.178186,20.62381],[-156.177649,20.624566],[-156.178277,20.625189],[-156.178062,20.626516],[-156.17891,20.627051],[-156.179389,20.627233],[-156.180444,20.627219],[-156.180841,20.62682],[-156.181986,20.626578],[-156.184718,20.626415],[-156.187311,20.627018],[-156.187778,20.627774],[-156.188348,20.628239],[-156.190362,20.628628],[-156.193617,20.628484],[-156.19807,20.627292],[-156.198325,20.627008],[-156.198663,20.62707],[-156.198785,20.626899],[-156.199533,20.627364],[-156.200433,20.627413],[-156.203134,20.6264],[-156.203324,20.626014],[-156.203714,20.626172],[-156.203988,20.625637],[-156.20437,20.625512],[-156.204599,20.625187],[-156.205533,20.624894],[-156.205886,20.625099],[-156.206266,20.624889],[-156.206585,20.624989],[-156.206901,20.624756],[-156.207315,20.625298],[-156.207681,20.625378],[-156.209197,20.625189],[-156.209695,20.624903],[-156.211145,20.624522],[-156.211297,20.624239],[-156.211632,20.624503],[-156.212167,20.624417],[-156.212251,20.623881],[-156.212764,20.624067],[-156.214029,20.623066],[-156.2138,20.622237],[-156.214964,20.622801],[-156.216778,20.622385],[-156.216897,20.62202],[-156.217386,20.622105],[-156.217728,20.621745],[-156.218242,20.621631],[-156.218606,20.62082],[-156.219279,20.620804],[-156.219476,20.620276],[-156.219739,20.620158],[-156.22079,20.620218],[-156.2212,20.620047],[-156.22144,20.620162],[-156.222772,20.619799],[-156.223855,20.618788],[-156.224682,20.617378],[-156.224473,20.617029],[-156.224908,20.616961],[-156.225015,20.616769],[-156.224786,20.616322],[-156.224862,20.616195],[-156.226571,20.615853],[-156.226846,20.615559],[-156.227609,20.615359],[-156.228189,20.614792],[-156.227766,20.614246],[-156.228265,20.61422],[-156.228341,20.613987],[-156.228632,20.61395],[-156.228769,20.614226],[-156.229062,20.613819],[-156.229349,20.613774],[-156.22935,20.613387],[-156.229562,20.613535],[-156.229709,20.613326],[-156.229883,20.613677],[-156.23092,20.613076],[-156.231231,20.613152],[-156.231149,20.612969],[-156.231412,20.61246],[-156.232871,20.612494],[-156.233184,20.612748],[-156.233348,20.612542],[-156.233575,20.612809],[-156.233911,20.612515],[-156.233904,20.611921],[-156.234296,20.611979],[-156.235215,20.611627],[-156.235729,20.6109],[-156.237413,20.611324],[-156.237496,20.611173],[-156.237726,20.611304],[-156.237817,20.611031],[-156.238504,20.61158],[-156.238675,20.611406],[-156.239059,20.611432],[-156.239147,20.611272],[-156.239687,20.611125],[-156.239709,20.610222],[-156.239835,20.610078],[-156.240565,20.610007],[-156.24061,20.609757],[-156.241385,20.60955],[-156.241792,20.609594],[-156.241851,20.609055],[-156.242028,20.608969],[-156.242761,20.609154],[-156.242886,20.608922],[-156.243201,20.608974],[-156.243585,20.608809],[-156.244235,20.608293],[-156.244241,20.608067],[-156.244684,20.608008],[-156.24513,20.607256],[-156.244949,20.606769],[-156.24575,20.60686],[-156.246011,20.606726],[-156.246469,20.605698],[-156.246759,20.605559],[-156.24743,20.60563],[-156.247323,20.606322],[-156.24743,20.606587],[-156.248839,20.60626],[-156.249277,20.606379],[-156.249948,20.60619],[-156.249935,20.606015],[-156.250085,20.606015],[-156.250183,20.606247],[-156.250665,20.605938],[-156.250422,20.605189],[-156.250823,20.605155],[-156.25143,20.604306],[-156.252105,20.604248],[-156.252196,20.604075],[-156.252456,20.604158],[-156.253507,20.603315],[-156.254312,20.603199],[-156.254695,20.602924],[-156.255233,20.602833],[-156.255605,20.602291],[-156.25584,20.602427],[-156.256097,20.601951],[-156.256708,20.601876],[-156.257002,20.601609],[-156.257096,20.601124],[-156.257352,20.601011],[-156.257275,20.600914],[-156.258207,20.600919],[-156.258691,20.600007],[-156.259972,20.59985],[-156.260292,20.6],[-156.260446,20.599757],[-156.260507,20.599951],[-156.260644,20.599911],[-156.261215,20.599521],[-156.261194,20.599167],[-156.261499,20.599253],[-156.261591,20.598705],[-156.262078,20.598396],[-156.262643,20.598362],[-156.262979,20.598587],[-156.263086,20.598344],[-156.26348,20.598794],[-156.264047,20.598689],[-156.264155,20.598873],[-156.26481,20.598847],[-156.266412,20.598454],[-156.266465,20.598332],[-156.266677,20.598412],[-156.266796,20.598243],[-156.267129,20.59857],[-156.267434,20.59845],[-156.267514,20.59807],[-156.267251,20.597805],[-156.267769,20.597184],[-156.268044,20.597253],[-156.268078,20.597092],[-156.269086,20.596895],[-156.269197,20.596574],[-156.26959,20.596627],[-156.269744,20.596287],[-156.270334,20.596132],[-156.270325,20.595906],[-156.270654,20.595711],[-156.271419,20.595628],[-156.27141,20.595454],[-156.272012,20.595585],[-156.272398,20.595378],[-156.272744,20.595655],[-156.273416,20.595396],[-156.273709,20.594821],[-156.274308,20.595004],[-156.274581,20.594826],[-156.274794,20.594376],[-156.275043,20.59455],[-156.275335,20.594373],[-156.275616,20.594604],[-156.275812,20.5942],[-156.276468,20.594182],[-156.27694,20.593696],[-156.277536,20.593968],[-156.277768,20.59371],[-156.278094,20.593974],[-156.279359,20.594058],[-156.279746,20.593872],[-156.280084,20.594023],[-156.281214,20.593301],[-156.281718,20.593396],[-156.282273,20.592934],[-156.282251,20.5927],[-156.281948,20.592419],[-156.282525,20.592093],[-156.28338,20.592026],[-156.283899,20.591782],[-156.283887,20.591047],[-156.284144,20.590661],[-156.284524,20.590806],[-156.284891,20.590731],[-156.284937,20.590272],[-156.28515,20.590357],[-156.285202,20.58918],[-156.285787,20.58868],[-156.28639,20.588805],[-156.28645,20.588474],[-156.28674,20.58815],[-156.286543,20.58782],[-156.287063,20.587488],[-156.287688,20.587574],[-156.288004,20.587056],[-156.288247,20.587361],[-156.288431,20.587006],[-156.289397,20.586414],[-156.289971,20.586146],[-156.290465,20.586176],[-156.290521,20.585822],[-156.291422,20.585454],[-156.29165,20.585928],[-156.291864,20.585558],[-156.293473,20.585221],[-156.294459,20.584598],[-156.294892,20.584965],[-156.295284,20.584569],[-156.295593,20.5846],[-156.295984,20.584309],[-156.296704,20.584313],[-156.297387,20.584012],[-156.29751,20.583704],[-156.297799,20.583518],[-156.297788,20.583196],[-156.298532,20.583185],[-156.298791,20.583523],[-156.299692,20.583373],[-156.30012,20.58306],[-156.30105,20.582966],[-156.301614,20.583159],[-156.30163,20.582932],[-156.302163,20.583035],[-156.302165,20.583308],[-156.302881,20.582974],[-156.303735,20.582957],[-156.304468,20.58358],[-156.304788,20.583444],[-156.304956,20.584073],[-156.305749,20.583861],[-156.305841,20.583312],[-156.3062,20.583188],[-156.306604,20.583533],[-156.307426,20.582982],[-156.308234,20.5833],[-156.308508,20.583816],[-156.30897,20.583757],[-156.309121,20.583281],[-156.309686,20.583303],[-156.309747,20.583899],[-156.310534,20.584138],[-156.310611,20.584324],[-156.311158,20.584225],[-156.311817,20.583755],[-156.311975,20.584002],[-156.312492,20.584074],[-156.312689,20.584275],[-156.313226,20.584218],[-156.313381,20.583982],[-156.314184,20.583979],[-156.314279,20.58385],[-156.314492,20.584066],[-156.315942,20.584263],[-156.316889,20.583996],[-156.316963,20.58421],[-156.317225,20.584169],[-156.317285,20.584322],[-156.317561,20.58432],[-156.317638,20.584135],[-156.318108,20.584496],[-156.318185,20.584737],[-156.320374,20.585132],[-156.320904,20.584864],[-156.321434,20.584974],[-156.322178,20.58481],[-156.322305,20.584963],[-156.32317,20.584702],[-156.323495,20.585167],[-156.324151,20.584876],[-156.324426,20.584996],[-156.324733,20.584421],[-156.32626,20.583909],[-156.326654,20.584237],[-156.3276,20.584008],[-156.327614,20.584514],[-156.328067,20.58452],[-156.328119,20.585101],[-156.328378,20.585101],[-156.328383,20.58418],[-156.328575,20.58406],[-156.329152,20.584129],[-156.329233,20.58442],[-156.330588,20.584212],[-156.330804,20.584422],[-156.331007,20.584396],[-156.33105,20.583847],[-156.331371,20.58351],[-156.331537,20.583659],[-156.331912,20.583482],[-156.331793,20.584062],[-156.331948,20.584271],[-156.332076,20.584029],[-156.332375,20.584027],[-156.332264,20.584245],[-156.332683,20.584179],[-156.33311,20.583847],[-156.333648,20.583724],[-156.333658,20.583054],[-156.333903,20.582867],[-156.334634,20.582921],[-156.334573,20.583107],[-156.335041,20.583339],[-156.335306,20.583281],[-156.335061,20.582798],[-156.335257,20.582631],[-156.335351,20.582749],[-156.335278,20.581499],[-156.335568,20.58132],[-156.335661,20.58097],[-156.335902,20.581198],[-156.33642,20.580883],[-156.33674,20.581454],[-156.337198,20.58166],[-156.337381,20.580815],[-156.337636,20.580779],[-156.33822,20.581196],[-156.338403,20.581082],[-156.338433,20.580831],[-156.339276,20.580522],[-156.339715,20.580683],[-156.339723,20.581126],[-156.339929,20.581223],[-156.340326,20.581109],[-156.340449,20.580736],[-156.3406,20.580855],[-156.340936,20.582081],[-156.341302,20.582289],[-156.341221,20.58308],[-156.341623,20.583296],[-156.341829,20.583674],[-156.342136,20.583455],[-156.342096,20.583949],[-156.343137,20.583943],[-156.343137,20.583717],[-156.34385,20.583521],[-156.344064,20.583125],[-156.344476,20.58326],[-156.344705,20.58388],[-156.345285,20.583708],[-156.345316,20.583272],[-156.345653,20.583128],[-156.346216,20.583697],[-156.346778,20.583912],[-156.347009,20.583928],[-156.347086,20.583653],[-156.347604,20.583811],[-156.347879,20.583714],[-156.347863,20.582794],[-156.348276,20.583365],[-156.348886,20.583773],[-156.349036,20.583598],[-156.349145,20.58383],[-156.349975,20.583624],[-156.350128,20.583051],[-156.349581,20.582706],[-156.349817,20.582448],[-156.349527,20.582215],[-156.34958,20.581835],[-156.350204,20.581784],[-156.350259,20.580927],[-156.350646,20.580614],[-156.35134,20.580627],[-156.351639,20.581044],[-156.352364,20.580315],[-156.352527,20.580928],[-156.353311,20.580761],[-156.353494,20.580287],[-156.353647,20.58052],[-156.353998,20.580536],[-156.354303,20.580864],[-156.354827,20.580708],[-156.354715,20.58037],[-156.355005,20.580321],[-156.355082,20.580143],[-156.356027,20.580098],[-156.356201,20.579817],[-156.356501,20.579878],[-156.356714,20.579652],[-156.356653,20.579514],[-156.356945,20.579489],[-156.357065,20.578837],[-156.357295,20.578948],[-156.357324,20.578551],[-156.357004,20.578618],[-156.356961,20.578425],[-156.357249,20.578191],[-156.357843,20.578658],[-156.358046,20.578218],[-156.35861,20.577765],[-156.359216,20.577697],[-156.359201,20.578061],[-156.359482,20.578374],[-156.360452,20.578242],[-156.360927,20.578505],[-156.361004,20.578174],[-156.360834,20.5779],[-156.361033,20.57778],[-156.36126,20.578124],[-156.361703,20.578122],[-156.361945,20.577832],[-156.362359,20.578072],[-156.362466,20.577702],[-156.363039,20.577417],[-156.36402,20.577499],[-156.364529,20.57721],[-156.365114,20.577608],[-156.365988,20.57696],[-156.366396,20.57711],[-156.366319,20.576796],[-156.366711,20.576464],[-156.366668,20.576224],[-156.366983,20.57631],[-156.367364,20.575799],[-156.36801,20.575797],[-156.368112,20.575441],[-156.36832,20.575354],[-156.369052,20.575736],[-156.369788,20.575734],[-156.370053,20.576006],[-156.370222,20.575765],[-156.37095,20.575881],[-156.371108,20.575735],[-156.371316,20.574784],[-156.37243,20.574955],[-156.372431,20.575933],[-156.373643,20.575574],[-156.374048,20.575135],[-156.374185,20.575476],[-156.374603,20.575706],[-156.374952,20.575645],[-156.37507,20.575288],[-156.375432,20.575371],[-156.375665,20.575814],[-156.376141,20.575637],[-156.377847,20.576067],[-156.378257,20.575817],[-156.378442,20.575991],[-156.378518,20.576552],[-156.379495,20.577961],[-156.380223,20.577793],[-156.381074,20.578256],[-156.381705,20.57794],[-156.382696,20.578674],[-156.383981,20.5793],[-156.384286,20.580807],[-156.38511,20.580643],[-156.387617,20.578917],[-156.388232,20.579152],[-156.388491,20.579572],[-156.388955,20.579588],[-156.39097,20.578932],[-156.391824,20.57901],[-156.392014,20.57945],[-156.392666,20.579231],[-156.393487,20.57967],[-156.394142,20.579596],[-156.394723,20.580027],[-156.395898,20.579609],[-156.397028,20.579959],[-156.397302,20.580695],[-156.398453,20.581869],[-156.39911,20.581481],[-156.399352,20.58016],[-156.399701,20.580098],[-156.401253,20.578943],[-156.401842,20.579059],[-156.402045,20.57967],[-156.402489,20.579734],[-156.403041,20.579393],[-156.403359,20.579668],[-156.403619,20.582286],[-156.404245,20.582768],[-156.405729,20.582962],[-156.40628,20.582716],[-156.408899,20.582999],[-156.409235,20.583371],[-156.409921,20.582863],[-156.410385,20.582252],[-156.411493,20.582482],[-156.411673,20.583091],[-156.412743,20.582958],[-156.413324,20.583317],[-156.413629,20.584441],[-156.413873,20.584618],[-156.413643,20.584995],[-156.413858,20.58573],[-156.414953,20.586587],[-156.413949,20.589068],[-156.413545,20.589465],[-156.413507,20.590407],[-156.413171,20.590905],[-156.414114,20.592506],[-156.414543,20.593787],[-156.414499,20.59438],[-156.415303,20.594794],[-156.415229,20.595541],[-156.417123,20.597275],[-156.351239,20.654925],[-156.350761,20.654472],[-156.350429,20.654572],[-156.349376,20.65621],[-156.349121,20.656912],[-156.348376,20.657562],[-156.347364,20.657478],[-156.346544,20.656448],[-156.344662,20.65532],[-156.343505,20.656196],[-156.34259,20.655519],[-156.340536,20.656097],[-156.338512,20.656125],[-156.337636,20.65559],[-156.33574,20.655186],[-156.332942,20.653737],[-156.330453,20.653427],[-156.326981,20.652277],[-156.325829,20.652326],[-156.322959,20.651871],[-156.321388,20.651824],[-156.320532,20.652317],[-156.317982,20.651928],[-156.317065,20.651231],[-156.315862,20.650817],[-156.314091,20.651079],[-156.311659,20.650829],[-156.310049,20.651071],[-156.3088,20.651564],[-156.306043,20.65212],[-156.304025,20.652873],[-156.303338,20.65393],[-156.300921,20.654607],[-156.297921,20.654719],[-156.296097,20.655238],[-156.295029,20.655026],[-156.290363,20.655472],[-156.288372,20.655043],[-156.285516,20.655224],[-156.283007,20.655953],[-156.281476,20.655884],[-156.280447,20.656352],[-156.279331,20.656371],[-156.277992,20.656965],[-156.276891,20.657022],[-156.272225,20.658265],[-156.270789,20.658521],[-156.26874,20.658594],[-156.267265,20.659314],[-156.264145,20.660226],[-156.263028,20.660195],[-156.261987,20.660768],[-156.260966,20.660501],[-156.260229,20.661097],[-156.259488,20.661008],[-156.258519,20.661579],[-156.257289,20.661633],[-156.256789,20.661973],[-156.254138,20.662331],[-156.253314,20.662263],[-156.251881,20.662969],[-156.251206,20.662816],[-156.250435,20.663067],[-156.249765,20.662972],[-156.248492,20.663733],[-156.247375,20.664011],[-156.246906,20.665187],[-156.245806,20.664433],[-156.243973,20.665007],[-156.243286,20.665867],[-156.243,20.665538],[-156.242327,20.665838],[-156.24185,20.665676],[-156.241379,20.666072],[-156.240694,20.665955],[-156.24088,20.666596],[-156.238781,20.666557],[-156.238738,20.667098],[-156.235827,20.667365],[-156.235089,20.668234],[-156.234384,20.668056],[-156.232595,20.668244],[-156.232314,20.668817],[-156.231531,20.668697],[-156.231019,20.669164],[-156.230398,20.668881],[-156.229256,20.669513],[-156.228716,20.669355],[-156.227304,20.670184],[-156.22696,20.670903],[-156.226322,20.670507],[-156.225797,20.670554],[-156.22524,20.670194],[-156.223127,20.671105],[-156.222086,20.671134],[-156.22087,20.671596],[-156.220917,20.672139],[-156.220625,20.672389],[-156.220067,20.672137],[-156.21758,20.673206],[-156.216583,20.673055],[-156.215372,20.673719],[-156.214653,20.673732],[-156.2131,20.674722],[-156.212895,20.675402],[-156.211872,20.675546],[-156.210982,20.675112],[-156.207772,20.676079],[-156.207518,20.676601],[-156.205064,20.677917],[-156.204139,20.677277],[-156.202963,20.677524],[-156.202043,20.678117],[-156.201713,20.67966],[-156.200561,20.678767],[-156.199785,20.678864],[-156.198534,20.679631],[-156.198031,20.68037],[-156.197215,20.679733],[-156.196415,20.67956],[-156.194685,20.67975],[-156.19392,20.68],[-156.193091,20.679689],[-156.19136,20.679909],[-156.19131,20.680685],[-156.190444,20.68021],[-156.18948,20.680098],[-156.188126,20.681443],[-156.187874,20.680615],[-156.187428,20.680304],[-156.186989,20.680928],[-156.186475,20.680427],[-156.185623,20.680382],[-156.184498,20.68074],[-156.184266,20.681233],[-156.184168,20.682089],[-156.183817,20.682666],[-156.183049,20.681259],[-156.182633,20.681267],[-156.181892,20.681614],[-156.181469,20.682307],[-156.181173,20.681927],[-156.181059,20.680953],[-156.180016,20.681044],[-156.17901,20.681751],[-156.178538,20.68111],[-156.178007,20.680955],[-156.177544,20.681423],[-156.176377,20.681127],[-156.175082,20.681504],[-156.174788,20.682045],[-156.174402,20.68201],[-156.174183,20.68347],[-156.172873,20.683455],[-156.172182,20.682707],[-156.17152,20.683179],[-156.170554,20.682568],[-156.170199,20.684314],[-156.169232,20.683305],[-156.168586,20.683903],[-156.167953,20.685056],[-156.167502,20.683949],[-156.166711,20.684233],[-156.166244,20.682191],[-156.165016,20.68171],[-156.163895,20.681557],[-156.163283,20.681847],[-156.162037,20.681449],[-156.160222,20.681523],[-156.159549,20.682171],[-156.159486,20.681393],[-156.159134,20.681004],[-156.157188,20.680513],[-156.15609,20.680575],[-156.154848,20.681113],[-156.154646,20.681691],[-156.153793,20.681103],[-156.152744,20.680809],[-156.152041,20.680826],[-156.152168,20.682364],[-156.152608,20.684093],[-156.154307,20.686542],[-156.155087,20.688896],[-156.154957,20.689457],[-156.153878,20.689692],[-156.152702,20.690396],[-156.15045,20.690302],[-156.149629,20.690421],[-156.148814,20.690874],[-156.146883,20.691548],[-156.145433,20.691385],[-156.14296,20.692099],[-156.142365,20.692027],[-156.140741,20.692325],[-156.140252,20.692138],[-156.136198,20.693449]]]}}]}